customer_id,product_id,basket_date,basket_count
9798859,41475073,2019-06-19,2
11413563,43279538,2019-06-19,2
818195,31715598,2019-06-19,3
12049009,47880260,2019-06-19,2
10083045,44747002,2019-06-19,2
11248447,33739394,2019-06-19,2
819721,46000191,2019-06-19,2
4713723,46881033,2019-06-19,2
11141669,44752779,2019-06-19,2
10844015,41882886,2019-06-19,2
5012539,8670770,2019-06-19,6
11351893,33914921,2019-06-19,2
4815027,46026447,2019-06-19,2
11320883,3632762,2019-06-19,2
4306642,33218001,2019-06-19,2
10387447,5941180,2019-06-18,2
831271,34631629,2019-06-18,2
10373559,46675683,2019-06-18,2
11350661,33276794,2019-06-18,2
12030403,7445901,2019-06-18,2
11884019,39475547,2019-06-18,2
10991309,42402177,2019-06-18,2
10880401,39058017,2019-06-18,3
11328737,43864701,2019-06-18,2
10395444,32356464,2019-06-18,2
12282545,47007182,2019-06-18,2
593411,35420610,2019-06-17,2
844249,42522846,2019-06-17,2
12417929,43812675,2019-06-17,2
10284169,48333960,2019-06-17,2
11073237,42478659,2019-06-17,2
11158301,1197926,2019-06-17,2
10189011,37145767,2019-06-17,2
10205839,37720451,2019-06-17,2
9485175,38221381,2019-06-17,2
5267955,4131698,2019-06-17,2
9421181,43357885,2019-06-17,2
10862663,33028204,2019-06-17,2
10176271,51605574,2019-06-17,2
4754393,50615765,2019-06-17,2
8904609,40276068,2019-06-17,2
11158413,6568127,2019-06-17,2
10055269,46455283,2019-06-17,2
11769275,34366102,2019-06-17,2
11474477,40220752,2019-06-17,2
8015317,6844409,2019-06-17,2
10597419,2129027,2019-06-17,2
10717273,47608896,2019-06-17,2
8209943,38963117,2019-06-17,2
12150957,50416775,2019-06-17,2
10905489,47019441,2019-06-17,2
10599729,47122587,2019-06-17,2
10597671,31508759,2019-06-18,2
860990,37621862,2019-06-18,2
11622037,47007182,2019-06-17,2
8768879,34944273,2019-06-17,2
8686965,44263141,2019-06-17,2
12324641,49953830,2019-06-17,2
4327911,31294046,2019-06-17,2
4690133,40276011,2019-06-17,2
12278147,49817430,2019-06-17,2
11896087,32556376,2019-06-17,2
9585247,35008370,2019-06-17,2
4291119,50041873,2019-06-17,2
12389433,48346739,2019-06-17,2
12180511,33712748,2019-06-17,2
11009271,1068944,2019-06-17,2
11887183,46500920,2019-06-16,3
10054681,6259159,2019-06-16,2
12163949,33875067,2019-06-16,2
9920547,32942036,2019-06-16,2
11247145,31299289,2019-06-16,2
4172693,31546667,2019-06-16,3
4228777,46858785,2019-06-16,2
12086053,42723219,2019-06-16,2
10906945,926270,2019-06-16,2
11958233,33506465,2019-06-16,3
11489583,33354168,2019-06-16,3
11082519,40276068,2019-06-16,2
10314675,43314126,2019-06-16,2
11781455,47933392,2019-06-16,2
9312625,51821712,2019-06-17,2
5296431,47057070,2019-06-16,2
11084409,43902407,2019-06-16,2
11380033,49693345,2019-06-16,2
11344473,1263722,2019-06-16,2
4835963,51042056,2019-06-16,2
10925873,339429,2019-06-16,2
11039245,3257032,2019-06-16,2
12270531,39024454,2019-06-16,2
4935693,3549934,2019-06-16,2
9998695,34927870,2019-06-16,2
11226271,43864288,2019-06-16,2
11214021,36308101,2019-06-16,2
12216155,31324877,2019-06-16,2
11076569,50350530,2019-06-16,2
12030263,2565792,2019-06-16,2
9127153,6102908,2019-06-16,2
1052163,50803208,2019-06-16,2
8873795,3125977,2019-06-16,2
9588622,43482185,2019-06-16,3
10999638,3714100,2019-06-16,2
4290055,46130148,2019-06-16,2
11448465,34981913,2019-06-16,2
10718246,35167685,2019-06-16,2
5315275,53560311,2019-06-16,2
8445465,50836009,2019-06-16,3
11866519,53035093,2019-06-16,2
9403541,50436075,2019-06-16,2
10335899,31780330,2019-06-16,2
875329,2963490,2019-06-16,2
4763465,5995368,2019-06-16,2
8486555,46134461,2019-06-16,2
9500953,44767226,2019-06-16,2
5043090,37215955,2019-06-16,2
247695,35191492,2019-06-16,2
11758257,36481470,2019-06-16,2
9716497,86003,2019-06-16,2
9716497,39648211,2019-06-16,2
12185131,50462654,2019-06-16,2
4348197,49226769,2019-06-16,2
4811849,54592777,2019-06-16,2
851739,32570198,2019-06-15,2
9837877,34642271,2019-06-16,2
10065251,31540074,2019-06-16,2
8463917,34081119,2019-06-15,2
4219047,47639646,2019-06-15,2
11149075,42244011,2019-06-15,3
9170307,49860049,2019-06-15,3
9519279,35545522,2019-06-15,2
8238671,44146315,2019-06-15,2
12230629,44471280,2019-06-15,2
9468137,38270608,2019-06-15,2
9468137,32586402,2019-06-15,2
11107901,32792042,2019-06-15,2
10686795,44267470,2019-06-15,2
12233823,31884711,2019-06-15,2
4327841,38950239,2019-06-15,2
11498179,34035848,2019-06-15,2
11290769,33781223,2019-06-15,2
11709621,33028936,2019-06-15,3
1077559,4915558,2019-06-15,3
10387724,2864832,2019-06-15,2
8926995,31614416,2019-06-15,2
1101723,5977588,2019-06-15,2
869421,40455682,2019-06-15,2
4340231,46072637,2019-06-15,2
5309731,35810906,2019-06-15,2
10673747,37758603,2019-06-15,2
551355,50116869,2019-06-15,2
10095813,39845663,2019-06-15,2
9290183,34859104,2019-06-15,2
4664499,34525548,2019-06-15,2
11136517,31541857,2019-06-15,3
825111,46296421,2019-06-15,2
9177805,37356069,2019-06-15,2
10108945,26496209,2019-06-15,2
12114907,52238545,2019-06-15,2
8644391,42383131,2019-06-15,3
8172059,41883914,2019-06-15,2
9221863,44767258,2019-06-15,2
8134763,51887498,2019-06-15,2
10728179,50231451,2019-06-15,2
8181525,458885,2019-06-15,2
8977465,51030750,2019-06-15,2
4171055,31125069,2019-06-15,2
10121204,42780162,2019-06-15,2
11346531,39684405,2019-06-15,2
845229,34525502,2019-06-15,2
268289,34689678,2019-06-15,2
10029579,34441398,2019-06-16,2
828364,6538172,2019-06-15,2
27867,4451125,2019-06-15,2
10129007,51034595,2019-06-15,2
25012,50596116,2019-06-15,3
11451181,46364529,2019-06-15,2
10606589,41144281,2019-06-15,2
10704295,35109012,2019-06-15,2
11709621,43524799,2019-06-15,2
12066075,32251825,2019-06-15,2
5299539,232285,2019-06-15,2
12389167,31720319,2019-06-15,2
9826621,6531200,2019-06-14,2
4874051,3213828,2019-06-14,2
8898393,39359897,2019-06-14,3
5283775,48964455,2019-06-14,2
10314339,3937199,2019-06-14,2
7913045,4795856,2019-06-14,2
4355858,43332848,2019-06-14,3
11042017,32418640,2019-06-14,2
4187435,42114320,2019-06-14,2
10676477,40736994,2019-06-14,2
9976659,48726494,2019-06-14,2
11533263,31978880,2019-06-14,2
8343811,44746811,2019-06-14,2
1059135,41727481,2019-06-14,2
10592477,53669665,2019-06-14,2
8053591,46692673,2019-06-14,3
11880211,35607765,2019-06-14,2
7884767,40594443,2019-06-14,2
10582173,52199862,2019-06-14,2
11702448,50891208,2019-06-14,2
11899223,40760526,2019-06-14,2
9824073,46167279,2019-06-14,2
11702448,48031618,2019-06-14,2
11100831,39827537,2019-06-14,2
10290665,41313598,2019-06-14,2
10406851,34407849,2019-06-18,2
12342673,51183379,2019-06-18,4
1053101,50601765,2019-06-18,2
12310053,40448251,2019-06-18,2
10412087,40204599,2019-06-18,2
11413493,41381269,2019-06-18,3
1095255,35505100,2019-06-18,2
10829329,43888529,2019-06-18,3
11479707,32282126,2019-06-18,2
10781729,49650994,2019-06-18,2
10917431,50059355,2019-06-18,2
12434905,31573900,2019-06-18,2
11800187,32613496,2019-06-18,4
8503677,3177325,2019-06-18,2
1082739,3058908,2019-06-18,3
11626839,39543957,2019-06-18,2
874020,52403341,2019-06-18,2
7870625,48018509,2019-06-18,2
10488093,33109072,2019-06-18,2
876645,47047732,2019-06-18,2
11220181,52924977,2019-06-18,2
4698255,40276077,2019-06-18,2
11788007,37078285,2019-06-18,2
10642121,38195391,2019-06-18,2
4335667,32242274,2019-06-18,2
11435333,49119444,2019-06-18,2
94857,6194478,2019-06-18,2
8833545,37674279,2019-06-18,2
12088195,46280444,2019-06-18,2
10420081,55445659,2019-06-18,3
4368931,48051805,2019-06-18,2
11365949,6911634,2019-06-18,2
8379157,51881932,2019-06-18,2
9449223,51981259,2019-06-18,2
11422215,50390402,2019-06-19,2
10234100,46106748,2019-06-19,2
10456803,3735903,2019-06-19,3
8338141,32128322,2019-06-19,2
11191201,32229707,2019-06-19,2
10900337,31560347,2019-06-18,2
11339363,41771898,2019-06-19,2
11422873,34373617,2019-06-19,2
11899615,48631902,2019-06-18,2
8784349,44076001,2019-06-18,2
12209015,47108940,2019-06-19,2
12317473,32397777,2019-06-18,4
12499165,1069267,2019-06-18,2
825559,46040537,2019-06-18,2
10549693,42887442,2019-06-14,2
12065991,44167642,2019-06-14,2
11757193,32099744,2019-06-15,2
10333869,50784707,2019-06-14,2
11247845,1069456,2019-06-14,2
565649,46876805,2019-06-14,2
11997262,2301364,2019-06-15,4
488817,25458659,2019-06-14,2
11369659,31288872,2019-06-14,2
825587,47891714,2019-06-14,2
11689517,49047266,2019-06-13,3
4667159,51840644,2019-06-13,2
11001361,44749980,2019-06-13,2
7918354,6938963,2019-06-13,2
10942813,33855676,2019-06-13,2
4796696,47365687,2019-06-13,2
12217219,33966228,2019-06-13,2
9892631,49267348,2019-06-13,2
9892631,51744192,2019-06-13,2
11573933,40946466,2019-06-13,2
11244919,46651068,2019-06-13,2
11781469,44289413,2019-06-13,2
12274899,48093124,2019-06-13,2
5153841,46264677,2019-06-13,2
11199895,1069969,2019-06-13,2
10959781,53610850,2019-06-13,2
11964447,46315448,2019-06-13,2
11259857,6362696,2019-06-13,2
85617,35504415,2019-06-13,2
840553,50147514,2019-06-13,3
11489625,38656612,2019-06-13,2
10632909,51304424,2019-06-13,3
11784316,2174680,2019-06-13,2
1119069,43518444,2019-06-13,2
9644619,46234841,2019-06-13,2
10343445,6687642,2019-06-13,2
12500117,36803109,2019-06-13,2
11342933,40275989,2019-06-13,2
10844755,52784074,2019-06-13,2
11679406,31928645,2019-06-13,2
5000569,48339717,2019-06-13,2
4769717,50935511,2019-06-13,2
11857839,75827,2019-06-13,2
4326203,34743697,2019-06-13,2
11497801,48498705,2019-06-13,2
878213,41666127,2019-06-13,2
11484963,31544299,2019-06-13,2
12098877,33259863,2019-06-13,2
10984211,4359177,2019-06-13,2
11642841,2486022,2019-06-13,2
11834445,40302663,2019-06-12,2
446047,33059472,2019-06-13,2
11544281,51821518,2019-06-12,2
12510113,40573366,2019-06-12,2
4796421,31074229,2019-06-12,2
12497345,33976946,2019-06-12,3
11831463,48660783,2019-06-12,2
12315093,45607225,2019-06-12,5
11677267,36287318,2019-06-12,4
1074773,34759897,2019-06-12,2
10602557,51257148,2019-06-12,2
11352340,35490500,2019-06-12,2
12166310,43893061,2019-06-12,2
11548523,46275901,2019-06-12,2
8180851,42617386,2019-06-12,2
5107095,33272213,2019-06-12,2
11648973,3373740,2019-06-12,2
11700619,51577916,2019-06-12,2
11745279,48161383,2019-06-12,2
10807279,37214422,2019-06-12,2
4790401,38272202,2019-06-12,2
9192359,34417305,2019-06-12,2
11746343,42366284,2019-06-12,2
5097533,35210234,2019-06-12,2
11932151,1290866,2019-06-12,2
10906217,43914080,2019-06-12,2
10078859,2584954,2019-06-12,2
10654567,41631706,2019-06-12,2
11788749,50614243,2019-06-12,2
10791963,2119554,2019-06-12,3
10200841,6071932,2019-06-12,2
10628177,42001725,2019-06-12,2
10509037,45995859,2019-06-12,2
10831401,47498750,2019-06-11,3
8649621,31264988,2019-06-12,2
9016735,31929332,2019-06-11,2
11760875,32062664,2019-06-11,2
4965723,49563351,2019-06-12,2
879151,46882361,2019-06-11,2
8888047,31574046,2019-06-11,2
10273193,2389219,2019-06-12,2
9573613,33135320,2019-06-11,2
9873759,194476,2019-06-11,2
1134903,2037881,2019-06-11,3
8920695,52400203,2019-06-12,4
9082745,37119662,2019-06-12,2
829829,1263668,2019-06-12,2
10712621,6057155,2019-06-11,2
10848971,44743774,2019-06-11,2
10385641,35606222,2019-06-11,2
8531789,37956563,2019-06-11,2
9118025,39271497,2019-06-11,2
4810701,39429530,2019-06-11,2
8834469,3373776,2019-06-12,2
10349913,31614873,2019-06-11,2
9845563,33455785,2019-06-11,2
10606211,42804748,2019-06-11,2
9381575,35628135,2019-06-11,3
829101,52100301,2019-06-11,2
11037355,37635455,2019-06-11,2
10819571,47103092,2019-06-11,2
10601479,46223058,2019-06-11,2
9556617,36526014,2019-06-11,2
8631147,34325708,2019-06-11,2
5302577,36883703,2019-06-11,3
10121979,35714519,2019-06-11,2
11698967,42718843,2019-06-11,2
8846327,50144709,2019-06-11,3
10473393,32088797,2019-06-11,2
9063145,39543957,2019-06-11,2
11025640,45867008,2019-06-11,2
4787446,37138687,2019-06-11,2
7965279,48170286,2019-06-11,2
9679047,47480321,2019-06-11,2
9473835,34758456,2019-06-11,2
9487107,44071680,2019-06-11,2
9618385,47629632,2019-06-11,2
9339589,43547553,2019-06-11,2
10885651,32785847,2019-06-11,2
10948539,31670163,2019-06-11,2
9741053,42204957,2019-06-10,2
4951093,36262723,2019-06-10,2
5108733,49635300,2019-06-10,4
10910739,75982,2019-06-10,2
375406,35574453,2019-06-10,2
9420845,37673669,2019-06-10,2
9880521,33855721,2019-06-10,2
8620255,48100893,2019-06-10,2
318885,46265269,2019-06-10,2
8603175,49269021,2019-06-10,2
8693856,48726515,2019-06-10,2
9590399,37867230,2019-06-10,2
9590399,26619559,2019-06-10,2
11123021,2574017,2019-06-10,2
5127437,5937271,2019-06-10,2
10536729,39897558,2019-06-10,3
5106801,50808810,2019-06-10,2
10719499,41248653,2019-06-10,2
10295397,49072861,2019-06-10,2
9427047,2119180,2019-06-10,2
11743039,52599106,2019-06-10,2
5260801,45608891,2019-06-10,2
9142273,46819379,2019-06-10,2
5134213,52814926,2019-06-10,2
11635337,40189771,2019-06-10,4
832445,45521272,2019-06-10,2
10363773,53646587,2019-06-10,2
818377,47590184,2019-06-10,3
8924069,48798489,2019-06-10,2
342381,36367433,2019-06-10,3
691705,32282141,2019-06-10,2
11058327,31539844,2019-06-10,2
4201253,43807033,2019-06-10,2
4333217,51890468,2019-06-10,2
9414951,44246310,2019-06-10,2
8635445,50791389,2019-06-10,2
5026973,46190992,2019-06-10,2
5185481,41494469,2019-06-10,2
10337831,38429796,2019-06-10,2
4671082,40570017,2019-06-10,2
11284931,39860130,2019-06-10,2
8034089,34861166,2019-06-10,2
8984101,43447584,2019-06-10,2
5287499,2901279,2019-06-10,3
9116443,48472946,2019-06-10,2
10334633,31264088,2019-06-10,2
5197572,35564684,2019-06-11,2
10270295,32044498,2019-06-11,2
10519621,2269240,2019-06-11,2
9947623,42378988,2019-06-10,2
10127607,35667782,2019-06-10,2
11913069,35461777,2019-06-10,2
9820055,38075718,2019-06-10,2
9573627,35412812,2019-06-10,2
10939047,49049060,2019-06-10,2
9142273,4134720,2019-06-10,2
9142273,1762367,2019-06-10,3
9159283,49072850,2019-06-10,2
9917033,3305158,2019-06-10,2
4372137,6887765,2019-06-10,2
8257515,35208525,2019-06-09,2
9234841,30584059,2019-06-09,2
9002329,34169047,2019-06-09,2
11857489,42888848,2019-06-09,2
1079407,32449568,2019-06-09,2
11561389,5808231,2019-06-09,2
10881871,5218021,2019-06-09,2
11582081,41192576,2019-06-09,3
1086353,3579675,2019-06-09,2
12196247,46021583,2019-06-09,3
11196059,33362780,2019-06-10,2
11709957,46893636,2019-06-10,2
11305721,52636823,2019-06-10,2
12465257,39050105,2019-06-09,2
11433107,46933789,2019-06-09,2
11860429,42712581,2019-06-09,3
10349101,42466586,2019-06-09,2
11826199,34683768,2019-06-09,2
8751981,35140433,2019-06-10,2
9328949,49072861,2019-06-10,2
12265337,31708695,2019-06-10,2
8228255,47348594,2019-06-10,2
85855,46000191,2019-06-10,2
842709,46197367,2019-06-10,2
9643711,51789135,2019-06-09,2
12202127,47851883,2019-06-09,2
12066068,3169147,2019-06-09,2
10515561,38268878,2019-06-10,2
10907267,39577246,2019-06-09,2
549605,37206583,2019-06-09,2
11715739,51436245,2019-06-09,2
12276369,35093214,2019-06-09,2
10164819,33277800,2019-06-09,2
11591223,53560303,2019-06-09,2
4920839,27104159,2019-06-09,2
1123899,44615244,2019-06-09,2
12442773,6967678,2019-06-09,2
10687145,26038409,2019-06-09,2
12204885,46212951,2019-06-09,2
10689889,31760428,2019-06-09,2
10041633,49613083,2019-06-09,2
10717595,42051826,2019-06-09,2
11366243,41884885,2019-06-09,2
10075572,47939117,2019-06-09,3
12291811,37789891,2019-06-09,2
12043955,51872774,2019-06-09,2
64029,32229572,2019-06-09,2
10454969,31909620,2019-06-09,2
11075099,35526884,2019-06-09,2
848659,50600656,2019-06-09,2
11664952,39627247,2019-06-09,2
5096385,34013459,2019-06-09,2
88711,49227282,2019-06-09,2
11059923,31675406,2019-06-09,2
11531261,6790877,2019-06-09,2
11138043,49518400,2019-06-09,2
11646033,926057,2019-06-09,3
11963525,46402233,2019-06-09,2
12176703,37504935,2019-06-09,2
11887001,46983348,2019-06-09,2
11604005,32271331,2019-06-09,2
11119801,35104494,2019-06-09,2
89271,46344914,2019-06-09,2
10558177,42585086,2019-06-09,3
11247299,6710132,2019-06-09,2
10212377,35446681,2019-05-31,2
11788943,1817899,2019-05-31,5
11814397,42267693,2019-05-31,2
4780363,41916311,2019-05-31,2
1073247,36464485,2019-05-31,2
828520,46753009,2019-05-31,2
10199315,46395494,2019-05-31,2
10218817,47864493,2019-05-31,4
1125285,35157226,2019-05-31,2
12492459,34643094,2019-05-31,2
10860353,42680059,2019-05-31,2
36888,32242160,2019-05-31,2
11443215,7163202,2019-05-31,2
12262341,40148176,2019-05-31,2
9585121,4038698,2019-05-31,2
11121971,41666105,2019-05-31,2
11615135,40737726,2019-05-31,2
12297201,34231804,2019-05-31,2
10653573,2926387,2019-05-31,2
9511047,41955736,2019-05-30,4
1037757,48412037,2019-05-31,2
11375553,32729157,2019-06-01,2
11702453,2590086,2019-05-30,2
12316493,47498750,2019-05-31,2
11735661,35542817,2019-05-30,3
10598618,47065021,2019-05-30,2
4826283,45542737,2019-05-30,2
11536721,43843236,2019-05-31,2
12437859,2516917,2019-05-30,2
12288773,41055706,2019-05-30,2
8899149,48180382,2019-05-30,2
11861521,42717473,2019-05-30,2
11702971,32193947,2019-05-30,2
4960333,50830370,2019-05-30,2
11903115,38300838,2019-05-30,2
11154969,49536881,2019-05-30,2
821667,35815433,2019-05-30,2
11723677,35455205,2019-05-30,2
11980269,6772765,2019-05-30,3
5180819,5771528,2019-05-30,2
8425207,2525349,2019-05-30,2
11022557,31436706,2019-05-30,3
10327667,46265830,2019-05-30,2
10556427,32613412,2019-05-30,2
9654043,14626909,2019-05-30,2
8182486,46399218,2019-05-30,2
10775033,48662959,2019-05-30,2
10970085,46130148,2019-05-30,2
8886087,41518248,2019-05-30,2
11776894,2205258,2019-05-30,5
9936185,39932740,2019-05-30,2
11221525,36524491,2019-05-30,2
11201586,42738485,2019-05-30,2
4369519,31302953,2019-05-30,2
4640825,49244342,2019-05-30,2
4880295,47882506,2019-05-30,2
12297425,1069992,2019-05-30,2
11926607,41695418,2019-05-31,2
11871461,51657194,2019-06-01,2
11519301,32881677,2019-05-29,3
526869,37619876,2019-05-30,2
10249337,36460533,2019-05-29,2
8427643,42709284,2019-05-29,2
10016433,34935878,2019-05-30,2
9707803,37282152,2019-05-29,2
11064193,3721117,2019-05-30,2
9484503,46948784,2019-05-29,2
10781463,579438,2019-05-29,2
1082165,46296993,2019-05-29,2
8465275,49833636,2019-05-29,2
1073149,36921717,2019-05-29,2
9664641,31731709,2019-05-29,2
5188813,42793827,2019-05-29,2
4995165,50153105,2019-05-29,3
9194381,41884885,2019-05-29,2
8477791,38451951,2019-05-29,2
91413,41017861,2019-05-29,2
828331,44742433,2019-05-29,2
10762199,34937153,2019-05-29,2
9031729,44439082,2019-05-29,2
8060465,46608628,2019-05-29,2
8267763,34641601,2019-05-29,2
4266031,3177311,2019-05-29,2
11362169,43454321,2019-05-29,2
10747919,38659252,2019-05-29,2
11334071,33914175,2019-05-29,2
8918595,47918282,2019-05-29,2
10161137,36882826,2019-05-29,3
10855045,34709106,2019-05-29,3
247709,42276302,2019-05-29,2
8918049,46286574,2019-05-29,2
10392207,32054321,2019-05-29,3
30667,40576144,2019-05-29,2
9580599,42717473,2019-05-29,2
10491635,44704486,2019-05-29,2
184331,39782810,2019-05-29,2
8136135,31698629,2019-05-29,4
854707,38137406,2019-05-29,2
9448831,51400039,2019-05-29,2
12024495,45789049,2019-05-29,2
1032521,32921059,2019-05-29,2
10863349,47993173,2019-05-29,2
8285571,38633681,2019-05-29,2
836731,32184467,2019-05-29,3
11453995,36514103,2019-05-29,2
8881145,44199847,2019-05-29,2
12205025,46719101,2019-05-28,2
5289571,34999480,2019-05-28,2
10239747,2676242,2019-05-28,3
9777481,5043529,2019-05-28,2
9821147,50317552,2019-05-28,2
5137741,39118761,2019-05-28,2
4703503,46223762,2019-05-28,2
854147,7080239,2019-05-28,2
11654097,49989019,2019-05-28,2
10878342,3542132,2019-05-28,3
31675,42585510,2019-05-28,4
9282749,35778574,2019-05-28,2
9337335,33893185,2019-05-28,2
9096969,7066841,2019-05-28,2
9204321,32113030,2019-05-28,2
5032741,7082068,2019-05-28,2
9499259,40972875,2019-05-28,3
9757993,46828105,2019-05-28,2
8308951,2747816,2019-05-28,2
10897775,45326600,2019-05-28,2
9660928,31620511,2019-05-28,4
8960035,880282,2019-05-28,4
464499,1768618,2019-05-28,2
1115121,34859104,2019-05-28,2
9874921,37303198,2019-05-28,2
5277898,202408,2019-05-28,2
9177889,33269884,2019-05-28,2
5185915,3030968,2019-05-28,2
8306199,48215499,2019-05-28,2
181979,41709071,2019-05-28,2
10665669,47127535,2019-05-28,2
10130477,45999574,2019-05-28,2
10856909,31301485,2019-05-28,2
399651,50079883,2019-05-28,2
9396765,43247927,2019-05-28,2
8994802,49839188,2019-05-28,2
1110879,33449287,2019-05-28,2
4861577,35598700,2019-05-28,2
8390375,46876583,2019-05-28,2
10162341,37734171,2019-05-28,4
8733627,38335548,2019-05-28,2
10072629,38775500,2019-05-28,3
8792548,35636968,2019-05-28,2
10235645,35134949,2019-05-28,2
4351515,48383749,2019-05-28,2
4290419,35420610,2019-05-28,2
10488891,32921290,2019-05-28,2
9566529,4174663,2019-05-28,3
8270017,6053776,2019-05-28,2
11270637,47425520,2019-05-28,2
4880631,33519120,2019-05-28,2
4335737,47094884,2019-05-28,2
4263357,40218885,2019-05-28,2
10231753,11299809,2019-05-28,2
10325819,35907590,2019-05-28,2
9433907,4370161,2019-05-28,3
9448929,3405285,2019-05-28,2
11120361,38338503,2019-05-28,2
7913703,34046086,2019-05-28,2
12052537,40276001,2019-05-28,3
12163067,38115727,2019-05-28,2
10750775,31818893,2019-05-28,3
8261351,40384315,2019-05-28,3
10487435,42154778,2019-05-28,2
1085427,35434277,2019-05-28,2
8751981,3539880,2019-05-28,2
12108649,43532156,2019-05-28,2
12351395,6638151,2019-05-28,2
12239409,32586840,2019-05-28,2
11856957,43798368,2019-05-28,3
10048409,156060,2019-05-28,3
8384201,32283579,2019-05-28,2
11763745,40945068,2019-05-28,2
11305707,34426437,2019-05-28,2
10754023,3633284,2019-05-28,2
11464173,50539304,2019-05-28,2
8381429,35187319,2019-05-28,2
9695749,28741509,2019-05-28,2
1134497,6519992,2019-05-28,2
11915197,38330333,2019-05-28,2
853041,35146653,2019-05-28,2
7887481,32046918,2019-05-28,2
11571469,6052272,2019-05-28,2
11558778,33781233,2019-05-28,2
11662427,43411921,2019-05-28,2
8003765,47150866,2019-05-28,2
9111641,31648894,2019-05-28,2
10485312,35196289,2019-05-28,2
9146613,45296133,2019-05-28,2
10173863,36764403,2019-05-28,2
1098349,40293805,2019-05-28,2
5199355,7023155,2019-05-28,2
10620218,1058234,2019-05-28,3
9294873,49946923,2019-05-28,2
5084527,50615221,2019-05-28,2
8659175,45815236,2019-05-28,2
10931417,43785097,2019-05-28,2
8050903,35504413,2019-05-28,2
11875913,46478416,2019-05-28,2
8267763,3680857,2019-05-28,2
12403965,42654367,2019-05-28,2
11067679,37077821,2019-05-28,3
10774127,4737355,2019-05-28,3
822269,49269590,2019-05-28,2
4198957,4593965,2019-05-28,2
861483,5747437,2019-05-28,2
4954103,44781584,2019-05-28,2
11211053,32251206,2019-05-28,3
8157303,34759937,2019-05-28,2
4735437,32566957,2019-05-28,2
11120165,22749259,2019-05-28,2
11936407,38510384,2019-05-28,2
11344837,47166736,2019-05-28,2
11618173,3714465,2019-05-28,2
11248727,43483315,2019-05-28,2
9945957,35144038,2019-05-28,2
10831625,50602115,2019-05-28,2
11367881,2626776,2019-05-28,2
11194729,3242033,2019-05-28,3
11756157,51365661,2019-05-28,3
10926349,173365,2019-05-28,2
10587213,36346809,2019-05-28,3
11666641,44165438,2019-05-28,2
11697455,45706937,2019-05-28,2
1031779,6363562,2019-05-28,2
855925,39161275,2019-05-27,4
12408529,31944543,2019-05-27,2
11142495,40275993,2019-05-27,2
9918069,46374496,2019-05-27,2
8594971,46130148,2019-05-27,2
8984605,43305867,2019-05-28,2
12331683,6586222,2019-05-27,3
10462039,35470355,2019-05-28,2
11526263,32657547,2019-05-28,2
10092369,6682401,2019-05-27,2
11435137,47495987,2019-05-27,2
11546381,42724158,2019-05-27,3
229985,750891,2019-05-27,2
11501511,45363433,2019-05-27,2
427231,6041792,2019-05-27,2
413763,2485933,2019-05-27,2
9718513,3038693,2019-05-27,2
10849461,34316799,2019-05-27,2
9760303,36519206,2019-05-27,2
10734759,3624193,2019-05-27,2
9171897,35814321,2019-05-27,2
11356121,46701022,2019-05-27,2
10269889,50853412,2019-05-27,2
12369195,3245761,2019-05-27,2
10524003,32079069,2019-05-27,2
11807789,28023609,2019-05-27,2
12163949,40275993,2019-06-19,4
11229505,51581945,2019-06-19,2
8237075,33739431,2019-06-19,2
11884072,4155810,2019-06-19,2
11954341,47842323,2019-06-19,3
10723965,50585392,2019-06-19,2
11941853,33518288,2019-06-19,3
9257969,50826217,2019-06-19,2
9059715,33088688,2019-06-19,2
814457,52655320,2019-06-19,2
10217969,43345548,2019-06-19,2
11481253,2798347,2019-06-19,3
8770783,42466415,2019-06-19,2
5056919,40450069,2019-06-19,2
11416895,34371958,2019-06-19,2
8550934,43474411,2019-06-19,3
12129425,34417079,2019-06-19,2
4376603,31504655,2019-06-19,2
11644549,47952339,2019-06-19,2
11715221,40275989,2019-06-19,2
4159309,34938258,2019-06-19,2
11171643,46930331,2019-06-19,2
11789236,47774234,2019-06-19,2
11774945,26577159,2019-06-19,4
10666845,44307118,2019-06-18,3
8164051,24833459,2019-06-18,3
11468415,37761853,2019-06-18,2
12065963,42215762,2019-06-19,2
4277175,6750720,2019-06-19,2
11155921,32893894,2019-06-19,3
10060043,49628660,2019-06-19,2
12113465,883456,2019-06-19,2
8398901,6391857,2019-06-19,2
5028765,32670341,2019-06-19,2
5219473,36937177,2019-06-18,2
10586415,6670172,2019-06-19,2
8219883,33518017,2019-06-19,2
9912035,43474411,2019-06-19,2
12515433,50311545,2019-06-18,2
12111267,6643460,2019-06-19,2
11096323,239538,2019-06-18,2
12513683,31298885,2019-06-18,2
10314185,34425885,2019-06-19,2
12273527,45711325,2019-06-18,2
11905929,36903805,2019-06-18,2
10447731,37436515,2019-06-19,2
11773042,1754907,2019-06-18,2
11600687,1008370,2019-06-19,2
10786377,34182343,2019-06-19,2
11582165,33500792,2019-06-18,3
10524891,31451211,2019-06-18,3
4978502,39050102,2019-06-18,2
4912369,6585194,2019-06-18,2
10198139,4464718,2019-06-18,2
10460471,47870628,2019-06-18,4
12191375,49248410,2019-06-18,2
11645137,36433493,2019-06-18,2
11844973,34454150,2019-06-18,2
10933209,47641645,2019-06-18,2
11868493,44307118,2019-06-18,2
10418177,46245857,2019-06-18,2
9639203,4155810,2019-06-18,2
8556121,33997719,2019-06-18,2
11284968,44127459,2019-06-18,2
9839319,7155911,2019-06-18,2
11955977,39430857,2019-06-18,2
12126835,41889981,2019-06-18,2
5247473,2847625,2019-06-18,2
538377,3735920,2019-06-18,2
9716077,33649434,2019-06-18,2
5267423,6574784,2019-06-18,2
8815401,40429748,2019-06-18,2
8878401,37967330,2019-06-18,2
9801379,36841980,2019-06-18,2
5171467,47972692,2019-06-18,2
11800187,76286,2019-06-18,3
12243721,44449997,2019-06-18,2
12479999,4901982,2019-06-18,2
10554075,33868376,2019-06-18,2
1043175,46404392,2019-06-18,2
9190643,49538823,2019-06-18,2
9164771,54691630,2019-06-18,2
10538857,50394038,2019-06-18,2
8167607,50787829,2019-06-18,2
141673,40750887,2019-06-18,2
9831815,47894539,2019-06-18,2
12420653,47887693,2019-06-18,2
10561005,36555872,2019-06-18,2
8469041,51735128,2019-06-18,2
12079403,34968228,2019-06-18,2
4738461,43923458,2019-06-17,3
10004477,50851304,2019-06-17,3
455651,31364098,2019-06-17,2
11721031,49378380,2019-06-17,2
10549777,4903605,2019-06-17,2
8119237,41089768,2019-06-17,2
9184595,32071800,2019-06-17,2
8896783,50907412,2019-06-17,2
1099147,1069292,2019-06-17,3
5143747,37355634,2019-06-17,2
4271295,53746144,2019-06-17,2
752899,1263668,2019-06-17,2
9084329,47480321,2019-06-17,2
11168689,44456048,2019-06-17,2
9801771,45343084,2019-06-17,3
4743039,37297508,2019-06-17,3
9114441,36983534,2019-06-17,2
5033903,33131910,2019-06-17,3
4343087,43891378,2019-06-17,2
10005345,49482458,2019-06-18,2
10164189,76223,2019-06-18,2
9470601,52513472,2019-06-18,2
8938727,52408825,2019-06-18,2
10141327,42351027,2019-06-17,3
11683791,47122526,2019-06-17,2
868329,31710106,2019-06-17,3
9811193,2871413,2019-06-17,2
8938223,51246640,2019-06-17,2
774669,51905926,2019-06-17,2
8554917,14434109,2019-06-17,2
11685121,42555784,2019-06-17,2
4172861,43912470,2019-06-17,2
10308165,42112967,2019-06-17,2
4766783,44309995,2019-06-17,2
1047501,6896783,2019-06-16,2
9210467,51045675,2019-06-17,2
10998001,6938959,2019-06-17,2
1034341,31267737,2019-06-17,2
9705171,48975369,2019-06-16,2
1110053,35820257,2019-06-16,2
10434753,49161698,2019-06-16,2
8295231,32978498,2019-06-16,2
11952857,36380637,2019-06-16,2
9691213,32571183,2019-06-16,2
9794295,34414883,2019-06-16,2
5007233,52363295,2019-06-16,2
439481,45979153,2019-06-16,2
5301877,8696787,2019-06-16,2
9715223,41230734,2019-06-16,2
5083351,33943328,2019-06-16,2
10112053,25593409,2019-06-16,2
263571,47049966,2019-06-16,2
12505801,7376357,2019-06-16,2
10867857,2700270,2019-06-16,2
10200183,54949010,2019-06-16,2
1031947,6531154,2019-06-16,3
8064119,47952359,2019-06-16,2
11271351,43340235,2019-06-16,2
10898111,39272555,2019-06-16,2
9927071,35186914,2019-06-16,2
10663821,1768530,2019-06-16,2
9875271,53719341,2019-06-16,2
4726799,52344641,2019-06-16,2
11648427,31558912,2019-06-16,2
4880309,48100893,2019-06-16,2
11560780,48380690,2019-06-16,2
604905,31846019,2019-06-16,2
8071301,47174041,2019-06-16,2
4907735,42913512,2019-06-16,2
9302237,42572217,2019-06-16,2
10880121,33827262,2019-06-16,2
11804555,32596215,2019-06-16,2
8089991,50919914,2019-06-16,2
5174407,34277785,2019-06-16,2
10395707,36414007,2019-06-16,2
8246231,48002535,2019-06-15,8
11660145,43406441,2019-06-16,2
8432571,38403611,2019-06-16,2
11050235,44200509,2019-06-16,2
8486555,37309281,2019-06-16,2
4751119,39720249,2019-06-16,2
4742283,46254218,2019-06-16,2
11491809,47890941,2019-06-16,2
8924783,39145511,2019-06-16,2
5239549,32687162,2019-06-16,2
10453751,51582308,2019-06-16,2
12336233,36955981,2019-06-16,2
4279877,43742193,2019-06-16,2
8297093,2277155,2019-06-16,2
4320589,50935511,2019-06-15,2
10512047,25776859,2019-06-15,2
7874752,25562109,2019-06-16,2
11428865,50919914,2019-06-16,2
8332765,46276806,2019-06-16,2
10987487,34440185,2019-06-15,2
9001629,2455026,2019-06-15,2
9507211,50772887,2019-06-15,2
11416419,34259428,2019-06-15,3
12152375,41705223,2019-06-15,2
11267235,2553520,2019-06-15,2
12102139,2986678,2019-06-15,3
11748667,49653502,2019-06-15,2
9784103,37696100,2019-06-15,3
10972857,37035135,2019-06-15,4
1124165,51788149,2019-06-15,3
7993629,33810557,2019-06-15,2
8990373,31124575,2019-06-15,2
11202695,35209282,2019-06-15,2
4664247,2037909,2019-06-15,2
10598595,47103212,2019-06-15,2
12355917,43518441,2019-06-15,2
11332391,52598564,2019-06-15,2
11390295,42390408,2019-06-15,2
814807,32056118,2019-06-15,2
8775375,42500967,2019-06-15,2
12107753,50947774,2019-06-15,2
12236219,53612630,2019-06-15,2
11346965,33362924,2019-06-15,2
11346965,52797720,2019-06-15,2
9659125,41476812,2019-06-15,2
10404443,4133784,2019-06-15,2
9710099,47424687,2019-06-15,2
11952899,2917833,2019-06-15,2
4893260,41505324,2019-06-15,3
12400409,34754933,2019-06-15,2
10635961,47648205,2019-06-15,2
11476717,32884569,2019-06-15,2
11351543,32014623,2019-06-15,2
10200631,4124605,2019-06-15,2
11808489,2573132,2019-06-15,2
10558107,32088677,2019-06-15,2
12460525,32122021,2019-06-15,2
95795,6085903,2019-06-15,2
12448317,32712423,2019-06-15,2
12244057,52328017,2019-06-15,2
10349339,33649434,2019-06-15,2
11071963,48919032,2019-06-15,2
8667001,48803990,2019-06-15,2
11445441,33857948,2019-06-15,2
12239969,34454502,2019-06-15,2
11965261,42490820,2019-06-15,2
11067385,6455162,2019-06-15,2
8292893,44601853,2019-06-15,2
10456015,54850171,2019-06-15,2
5166217,2301712,2019-06-15,2
11686241,42613889,2019-06-15,2
11817589,31722314,2019-06-15,2
10589285,6267828,2019-06-15,2
4881975,2455007,2019-06-15,2
10466589,42739426,2019-06-15,2
5303011,46369038,2019-06-15,2
10917431,35468703,2019-06-15,2
10847109,47239789,2019-06-15,2
12049359,52363600,2019-06-15,2
11913979,47975848,2019-06-15,2
10350907,39320856,2019-06-14,2
5127129,7127291,2019-06-14,3
11555705,35560007,2019-06-14,2
9615137,7105634,2019-06-15,2
1067899,43332781,2019-06-15,2
9054213,31081513,2019-06-14,2
4874625,6952432,2019-06-14,2
5188589,44764712,2019-06-14,2
11441437,32194719,2019-06-14,2
11826913,31688680,2019-06-14,2
722379,47881138,2019-06-14,2
629391,48715799,2019-05-27,2
10655253,49524137,2019-05-27,3
10054233,14734509,2019-05-27,2
10588879,7065769,2019-05-27,2
5211031,37558575,2019-05-27,2
10704547,46373363,2019-05-27,2
11054869,2140704,2019-05-27,2
9235289,42493263,2019-05-27,2
11321009,25548359,2019-05-27,2
8436323,4231185,2019-05-27,7
12404973,46676576,2019-05-27,2
9158779,4362644,2019-05-27,2
11164923,31451577,2019-05-27,2
9882929,39728721,2019-05-27,4
5135193,42690298,2019-05-27,2
11870117,34462021,2019-05-27,2
12040525,32168568,2019-05-28,2
10137575,43759529,2019-05-27,2
11170733,4801690,2019-05-27,2
10083549,46130148,2019-05-27,2
4835971,39651963,2019-05-27,2
11332979,32138405,2019-05-27,2
10813016,31835250,2019-05-27,2
12442507,31298888,2019-05-27,2
12033511,4661334,2019-05-27,2
11053959,35429187,2019-05-27,2
11737579,42578232,2019-05-27,2
10646363,43886086,2019-05-27,2
10525627,42712496,2019-05-27,2
10709489,39381353,2019-05-27,2
9702637,39140933,2019-05-27,2
4648749,4231724,2019-05-27,3
11635449,2783299,2019-05-27,2
10623347,35406479,2019-05-27,2
11177677,48559495,2019-05-27,3
9526891,48946689,2019-05-27,2
11019561,47937778,2019-05-27,5
5094243,32377627,2019-05-27,2
9177091,35146653,2019-05-27,2
11384331,6903087,2019-05-27,2
11290111,46871024,2019-05-27,2
11405317,31511824,2019-05-27,2
11218767,1263037,2019-05-27,2
12004951,34396106,2019-05-27,2
8012795,4663688,2019-05-27,2
4359663,146550,2019-05-27,2
12319769,32398500,2019-05-27,2
9761955,40982561,2019-05-27,2
12114445,31544940,2019-05-27,2
10575747,36705433,2019-05-27,2
10620995,76604,2019-05-27,2
11539129,35009451,2019-05-27,3
106519,35071412,2019-05-27,2
8212043,36841802,2019-05-27,2
11362953,46208906,2019-05-27,2
10173723,35419740,2019-05-27,2
11832471,47960681,2019-05-27,2
11664373,36882538,2019-05-27,2
10364893,33194356,2019-05-27,2
10580031,50141553,2019-05-27,2
8449007,50097611,2019-05-27,2
5064829,42653037,2019-05-27,2
11816287,105967,2019-05-27,3
7975331,36883703,2019-05-27,2
11610193,32919787,2019-05-27,2
9822225,47571887,2019-05-27,2
8945181,42489997,2019-05-27,2
5110049,37726876,2019-05-27,2
10075065,40207371,2019-05-27,2
4776093,50837436,2019-05-27,2
29561,47634556,2019-05-27,2
8815793,43433378,2019-05-27,2
4365725,45597846,2019-05-27,4
9924579,41857537,2019-05-27,2
8795820,46911124,2019-05-27,2
8928619,2715144,2019-05-27,2
10719415,7587271,2019-05-27,2
10235687,36255564,2019-05-27,2
4855907,36796435,2019-05-27,2
8396997,7066099,2019-05-27,2
4181877,2842220,2019-05-27,3
11200917,32320768,2019-05-27,2
12378821,39809430,2019-05-27,2
1061445,4094320,2019-05-27,2
9566599,34926785,2019-05-27,2
8584947,47592732,2019-05-27,2
11823315,46086335,2019-05-27,2
4731265,4524872,2019-05-27,2
9217705,46951185,2019-05-27,2
9065155,34162879,2019-05-27,2
10553347,39050110,2019-05-27,2
839839,34318639,2019-05-27,2
10730825,6677373,2019-05-27,3
1037071,35505100,2019-05-27,2
8784755,35127697,2019-05-27,2
10139059,33400128,2019-05-27,2
9639967,43406096,2019-05-27,3
9389329,31705489,2019-05-27,2
192577,27784159,2019-05-27,2
5237995,50810963,2019-05-27,2
9385747,31355722,2019-05-27,2
7974057,39795534,2019-05-27,2
10894107,46283080,2019-05-27,2
8210111,40164949,2019-05-27,2
5153239,47864483,2019-05-27,2
4935455,32870982,2019-05-27,2
4266689,51120477,2019-05-27,2
8545873,37044352,2019-05-26,2
10107363,35564684,2019-05-26,3
10226027,42196152,2019-05-27,2
10105529,45733180,2019-05-27,2
309449,27116209,2019-05-27,2
9851331,35403561,2019-05-27,2
4957197,43808022,2019-05-26,2
4822223,36971955,2019-05-26,2
829087,4583302,2019-05-27,2
8705049,35177008,2019-05-27,2
1053913,32647255,2019-05-27,2
11134347,40454583,2019-05-27,2
12266345,42042754,2019-05-27,2
4355155,6624405,2019-05-27,2
10913483,46722711,2019-05-27,2
1081577,42913991,2019-05-27,2
10174829,2364132,2019-05-27,2
10032743,50428354,2019-05-26,2
80367,31180150,2019-05-27,2
8472065,42748326,2019-05-27,2
680911,31274067,2019-05-27,2
10058517,4221065,2019-05-27,2
8841080,32687090,2019-05-27,2
10872141,6471162,2019-05-27,2
9211615,6896809,2019-05-26,2
4258261,40275989,2019-05-27,2
4765747,2197765,2019-05-26,2
8556219,43338472,2019-05-26,2
11372613,42409889,2019-05-26,2
5019357,4360906,2019-05-26,2
10578827,44032002,2019-05-26,2
10371445,33048440,2019-05-26,2
10817681,44388165,2019-05-26,2
8030407,43761410,2019-05-26,2
4906559,40315792,2019-05-26,2
9337517,48398537,2019-05-26,2
8968029,34732088,2019-05-26,2
9531067,45293149,2019-05-26,3
4240047,4140455,2019-05-26,2
10087357,38074292,2019-05-26,2
7862379,50602114,2019-05-26,2
9090949,3616454,2019-05-27,2
8264529,32410119,2019-05-27,2
4306897,42714618,2019-05-27,2
10870307,43435932,2019-05-27,2
11921749,33458008,2019-05-27,2
11774063,42371733,2019-05-27,2
11067399,40997975,2019-05-27,2
11362407,31077029,2019-05-26,2
11477753,49934567,2019-05-26,4
8209943,39577585,2019-05-26,3
11801587,31131242,2019-05-26,2
8622929,37279776,2019-05-26,3
10129525,6367614,2019-05-26,2
10742053,6806251,2019-05-26,2
10551835,35664605,2019-05-26,2
12385737,42671282,2019-05-26,2
12147345,32960004,2019-05-26,2
9414391,24832959,2019-05-26,2
10470033,38578121,2019-05-26,2
12017369,4930641,2019-05-26,2
12501293,4483351,2019-05-26,2
1029203,43737910,2019-05-26,2
9639967,4188491,2019-05-26,2
8503257,31511816,2019-05-26,2
8636617,40536182,2019-05-26,3
8040305,7115906,2019-05-26,2
11787013,31718359,2019-05-26,2
11740813,34145004,2019-05-26,2
12156585,44074857,2019-05-26,4
1082697,39245496,2019-05-26,2
11756381,6370653,2019-05-26,2
12188267,34177265,2019-05-26,2
12149403,39407642,2019-05-27,2
11111289,34932353,2019-05-27,2
11987115,34920963,2019-05-27,2
12275795,46691654,2019-05-27,2
11766825,3110564,2019-05-27,2
11448325,35134963,2019-05-27,2
10189795,36826274,2019-05-26,2
11540109,3383821,2019-05-26,2
10640259,41788832,2019-05-26,2
12055813,50947485,2019-05-26,2
5117280,50223418,2019-05-26,2
9645461,3334288,2019-05-26,3
207977,43839023,2019-05-26,2
12202337,34722316,2019-05-26,2
9104081,36368519,2019-05-26,2
8290023,31716626,2019-05-26,2
8330111,35655338,2019-05-26,2
23205,35741017,2019-05-26,2
11526907,42712499,2019-05-26,2
11779033,3872637,2019-05-26,2
1032703,3969024,2019-05-26,2
11222169,46026966,2019-05-26,2
4345789,43868948,2019-05-26,2
11534383,34739498,2019-05-26,3
549241,327909,2019-05-26,2
11764837,38317766,2019-05-26,2
9848531,34633244,2019-05-26,2
5281745,33881038,2019-05-26,2
12405183,36827963,2019-05-26,2
10476053,76448,2019-05-26,7
10663247,30561109,2019-05-26,2
10297413,33010428,2019-05-26,2
5168429,31611215,2019-05-26,2
11788091,41805493,2019-05-26,2
8906877,49513236,2019-05-26,2
9974209,36513980,2019-05-26,2
12317417,38299666,2019-05-26,2
11704147,48975739,2019-05-26,2
11481099,42579375,2019-05-26,2
11217479,1207147,2019-05-26,2
11191733,46869643,2019-05-26,2
12238513,38813631,2019-05-26,2
11565743,48283010,2019-05-26,2
9892463,49594554,2019-05-26,3
9919889,31432931,2019-05-26,3
11198845,41077947,2019-05-26,2
8812671,46049593,2019-05-26,2
11277413,39049592,2019-05-26,2
9193765,43122034,2019-05-26,2
11654727,2037826,2019-05-26,2
11412807,37603384,2019-05-26,2
11083667,48967979,2019-05-26,2
10365341,4630494,2019-05-26,2
10370241,2196378,2019-05-26,3
11402993,32549621,2019-05-26,2
8366211,2315492,2019-05-26,2
11481029,32886600,2019-05-26,2
10495793,6819607,2019-05-26,2
11716861,7087297,2019-05-26,2
12369228,46285159,2019-05-26,2
11628491,46702793,2019-05-26,2
12047721,3980530,2019-05-26,2
11963595,34390949,2019-05-26,2
11676361,35638743,2019-05-26,2
12046167,49151172,2019-05-26,2
5020421,39882612,2019-05-26,2
11808727,75954,2019-05-26,2
9773099,39849310,2019-05-26,2
8589287,43727900,2019-05-26,4
12514691,41878135,2019-05-26,2
12397637,4948178,2019-05-26,2
11278435,32889372,2019-05-26,2
10609067,50237190,2019-05-26,2
9929941,33306037,2019-05-26,2
10862677,3945792,2019-05-26,2
11506915,47436826,2019-05-26,2
9007775,34605685,2019-05-26,2
10239271,37720366,2019-05-26,3
8242143,46727707,2019-05-26,2
12293365,34877790,2019-05-26,2
4368455,2886204,2019-05-26,2
12096175,38405770,2019-05-26,2
9870819,32976203,2019-05-26,2
11323053,35709009,2019-05-26,2
11601695,33130418,2019-05-25,4
10674153,32601715,2019-05-25,2
12265225,36364469,2019-05-25,2
10726947,7485021,2019-05-25,2
11644633,4051285,2019-05-26,2
9111641,45315066,2019-05-26,2
11747715,4451160,2019-05-26,2
11464887,36704483,2019-05-25,3
11350983,50416539,2019-05-25,2
10676169,42110668,2019-05-26,3
10041717,34757710,2019-05-26,2
12122889,31167356,2019-05-26,2
10662967,32418636,2019-05-26,2
11362281,47780988,2019-05-26,2
12513403,35270948,2019-05-25,2
8700727,48622455,2019-05-25,2
4656841,47881742,2019-05-25,2
10276682,2837844,2019-05-26,3
4916331,36398182,2019-05-26,2
10358187,511377,2019-05-26,2
10198251,2523968,2019-05-26,2
5081979,49607045,2019-05-26,2
8755019,1768649,2019-05-26,2
4715795,47093725,2019-05-26,2
7893347,37727001,2019-05-26,2
10518235,42795844,2019-05-26,2
4652165,40247771,2019-05-26,2
4333245,31768887,2019-05-26,2
5107291,40147853,2019-05-26,2
10289461,42432324,2019-05-25,2
9000705,39928880,2019-05-25,2
1093491,42695469,2019-05-26,2
9849399,4147533,2019-05-26,2
222747,31631647,2019-05-26,2
11137175,46171276,2019-05-26,2
12237631,7046157,2019-05-26,2
9746961,32119184,2019-05-25,2
4200049,44353692,2019-05-25,2
12242797,2011081,2019-05-25,2
11770647,35740805,2019-05-25,2
5234425,44280379,2019-05-25,2
804951,46484509,2019-05-25,2
9059113,2079962,2019-05-26,2
1080611,32194799,2019-05-26,2
4345705,32741650,2019-05-25,2
8819265,46431806,2019-05-26,2
8768487,37949789,2019-05-26,2
8385629,42473921,2019-05-26,2
9542561,47309624,2019-05-26,2
9992451,9386247,2019-05-25,2
8957949,44065814,2019-05-25,2
9948771,49709964,2019-05-27,2
10593513,2422579,2019-05-25,3
10667489,38496372,2019-05-25,3
11819493,46471082,2019-05-25,3
9690293,34179525,2019-05-25,2
11945577,6395620,2019-05-25,2
9063649,4524965,2019-05-25,2
5154387,35228053,2019-05-25,2
10343431,50376699,2019-05-25,2
9998177,49637673,2019-05-25,2
581469,35134963,2019-05-25,2
7978355,976889,2019-05-25,2
10406543,36712333,2019-05-25,2
8434321,43909995,2019-05-25,4
9037315,1767704,2019-05-25,3
10556329,35780213,2019-05-25,2
4725441,41775797,2019-05-25,2
861917,46514441,2019-05-25,2
9924719,44834239,2019-05-25,4
1133391,39049980,2019-05-25,2
9773631,3453136,2019-05-25,2
10391619,50416301,2019-05-25,2
9897433,42766304,2019-05-25,2
1037407,48470958,2019-05-25,2
9305275,46163491,2019-05-25,3
9192379,42451890,2019-05-25,2
10159735,735423,2019-05-25,2
10439835,37934595,2019-05-25,2
11878349,46958801,2019-05-25,2
8645959,47138490,2019-05-25,2
11099319,4387006,2019-05-26,2
852103,35775774,2019-05-26,2
9406677,46049093,2019-05-25,3
4157979,37299285,2019-05-25,2
9689743,31233639,2019-05-25,2
8544823,34197896,2019-05-25,2
5072865,46473123,2019-05-25,2
5073145,5900331,2019-05-25,2
7935039,12475609,2019-05-25,2
9248141,2499936,2019-05-25,2
10604405,34005173,2019-05-25,2
4968397,42055134,2019-05-25,2
4838166,41200372,2019-05-25,2
1097719,46469415,2019-05-25,2
793205,35037268,2019-05-25,2
9988788,34006985,2019-05-25,3
4277105,49630862,2019-05-25,3
238511,3464223,2019-05-25,2
11516323,6953567,2019-05-25,2
4826773,33876261,2019-05-25,2
10969161,50114788,2019-05-25,2
9754199,48064796,2019-05-25,3
9007498,37176500,2019-05-25,2
12017649,35845996,2019-05-25,2
4365389,48980499,2019-05-25,3
9887566,32246733,2019-05-25,2
10743691,48489311,2019-05-25,2
11136755,39833031,2019-05-25,2
9544493,37005055,2019-05-25,2
9477517,3061178,2019-05-25,2
7992607,3458806,2019-05-25,2
11441059,6585371,2019-05-25,2
10619833,49722958,2019-05-25,2
4956175,6873700,2019-05-25,3
9874389,6349963,2019-05-25,2
4819353,44334989,2019-05-25,3
10668721,31257195,2019-05-25,2
8142029,6786412,2019-05-25,2
9770940,34476213,2019-05-25,2
12048113,4689247,2019-05-25,2
9506833,41229923,2019-05-25,2
4759741,45284165,2019-05-25,2
10927259,4915292,2019-05-25,2
1037099,36301193,2019-05-25,2
9131297,42468814,2019-05-25,3
10059553,38277941,2019-05-25,2
9388337,34032302,2019-05-25,2
9683667,42339717,2019-05-25,2
4193819,39050110,2019-05-25,2
12257301,34804524,2019-05-25,2
12310375,40316430,2019-05-25,2
12116083,2184641,2019-05-25,2
12127521,34416570,2019-05-25,2
1081983,46156185,2019-05-25,2
12288871,34536122,2019-05-25,2
10246579,50164549,2019-05-25,2
12029605,39036915,2019-05-24,3
10403981,31140186,2019-05-25,2
8492084,47325027,2019-05-25,2
8666581,32193358,2019-05-25,2
772991,6045574,2019-05-25,2
10502611,43504439,2019-05-25,2
11217857,46787107,2019-05-25,2
10406767,7749113,2019-05-25,2
10550421,6010594,2019-05-25,2
4931115,35432374,2019-05-25,2
11475247,76581,2019-05-25,2
10860815,37455479,2019-05-25,2
10117555,4063284,2019-05-25,2
11164447,7105683,2019-05-25,2
8717977,49135103,2019-05-25,2
11985085,42889622,2019-05-25,2
10702923,46473551,2019-05-25,2
8682448,41766331,2019-05-25,2
10588571,47119026,2019-05-25,2
9121119,7149479,2019-05-25,2
9121119,32791623,2019-05-25,2
11177411,33711548,2019-05-25,2
10229289,48204700,2019-05-25,2
12382251,31063484,2019-05-24,2
10771411,1263681,2019-05-24,2
10161795,6477267,2019-05-24,7
5203807,4033618,2019-05-24,2
12461253,44741612,2019-05-24,4
11841333,35794602,2019-05-24,2
10480029,50602114,2019-05-25,2
11325111,48534720,2019-05-25,2
12362007,31711882,2019-05-25,2
38213,43524799,2019-05-25,2
10654931,42436311,2019-05-24,2
11637157,41510750,2019-05-24,2
11595829,41990208,2019-05-24,3
813911,6080090,2019-05-24,2
11973997,46836633,2019-05-24,2
11800663,39787531,2019-05-24,2
11908757,37629764,2019-05-24,3
10716909,711758,2019-05-25,2
10980655,3985534,2019-05-25,2
9461277,33340784,2019-05-25,2
12192173,31518130,2019-05-24,2
11747673,43375185,2019-05-24,2
870471,31114171,2019-05-24,2
46753,50749498,2019-05-24,2
11364456,43290368,2019-05-24,2
4676455,31348540,2019-05-24,2
8285845,5777096,2019-05-24,2
9081527,39400060,2019-05-24,2
12316171,40608339,2019-05-24,3
12029703,47103092,2019-05-24,2
765233,226618,2019-05-24,2
11425519,4265388,2019-05-24,2
4897641,37967578,2019-05-24,2
5244519,50416669,2019-05-24,2
8992615,36891932,2019-05-24,3
11812367,35104525,2019-05-24,2
11555327,46372721,2019-05-24,2
12233543,32056127,2019-05-24,2
5302367,42264276,2019-05-24,2
11603843,3383828,2019-05-24,2
10845415,35527737,2019-05-24,2
10603103,49155854,2019-05-25,2
10738721,48881338,2019-05-25,2
11733967,146857,2019-05-24,2
8440075,35105486,2019-05-24,2
10140123,7129427,2019-05-24,2
4696377,48298708,2019-05-24,2
10396407,37597051,2019-05-24,2
10557603,47048592,2019-05-24,2
11611607,35406479,2019-05-24,3
9143043,42221589,2019-05-24,2
5030781,48789933,2019-05-24,2
11550259,6807899,2019-05-24,2
806673,3660753,2019-05-24,2
11591825,42194794,2019-05-24,2
11175997,36288174,2019-05-24,2
12213943,32056124,2019-05-24,2
10238711,46147586,2019-05-24,2
9726765,3793297,2019-05-24,2
10307409,33332746,2019-05-24,2
12213663,32956222,2019-05-24,2
10757915,873669,2019-05-24,2
1117291,33935288,2019-05-24,2
12513963,41120945,2019-05-24,2
4325061,13145709,2019-05-24,2
11106963,1956827,2019-05-24,2
10187999,45042962,2019-05-24,2
10605791,40276058,2019-05-24,2
10506013,6881254,2019-05-24,2
11622555,40156852,2019-05-24,2
9887367,2631556,2019-05-24,2
12231303,44200616,2019-05-24,2
12131609,32968907,2019-05-24,2
10781673,7082112,2019-05-24,2
11134193,5777221,2019-05-24,2
11843755,4063083,2019-05-24,2
8333171,35028330,2019-05-24,2
11942203,4460832,2019-05-24,2
11862425,44166664,2019-05-23,2
8733921,36708498,2019-05-23,2
10254461,47095974,2019-05-23,2
9578863,3969656,2019-05-23,2
12042107,36486172,2019-05-23,2
11192363,50738202,2019-05-23,2
10519355,47136102,2019-05-23,2
5002431,37997925,2019-05-23,2
9362367,6800940,2019-05-23,3
10661177,3624966,2019-05-23,2
11114952,50825040,2019-05-23,2
11150510,32056127,2019-05-23,3
9853585,34764196,2019-05-23,2
10896991,36508422,2019-05-23,2
10257611,32434229,2019-05-23,2
12256349,31678671,2019-05-23,2
4188975,44630848,2019-05-23,2
4164465,42510266,2019-05-23,2
10199343,39229673,2019-05-23,2
5152763,36302875,2019-05-23,2
4194113,39433099,2019-05-23,2
184331,2970491,2019-05-23,2
10464531,34547779,2019-05-23,2
11173967,42001725,2019-05-23,2
9238601,34389629,2019-05-23,2
4810407,46152203,2019-05-23,2
10030839,2524303,2019-05-23,2
8317309,46122166,2019-05-23,2
10891321,36520149,2019-05-23,2
4773167,47295729,2019-05-23,2
9683933,42040772,2019-05-22,5
184331,49119585,2019-05-22,2
4319592,42932685,2019-05-22,3
10928365,2583207,2019-05-22,3
4319231,37038497,2019-05-22,2
9819803,49365189,2019-05-22,2
10203459,3621831,2019-05-22,2
10524885,4466914,2019-05-22,2
9284142,36514118,2019-05-22,2
12479201,33125756,2019-05-22,2
472185,43524799,2019-05-22,3
8908996,32727385,2019-05-22,2
10506195,45046107,2019-05-22,2
11525549,32037743,2019-05-22,2
4171601,38132891,2019-05-22,2
10686949,39605783,2019-05-22,2
413449,34638633,2019-05-22,2
4643359,36540872,2019-05-22,2
380975,49262935,2019-05-22,2
10326757,44745471,2019-05-22,2
10691723,4951150,2019-05-22,2
99813,6736398,2019-05-22,2
9529009,43895902,2019-05-22,2
9913183,35004790,2019-05-22,2
11327463,4458626,2019-05-22,2
4375441,34620920,2019-05-22,2
9529009,34394184,2019-05-22,2
10872183,34307570,2019-05-22,2
10906245,1263002,2019-05-22,2
11017307,43650313,2019-05-22,2
10260369,38514829,2019-05-22,2
10519271,43886086,2019-05-22,2
11067133,3671339,2019-05-22,2
9424387,46364485,2019-05-21,3
7881853,44073613,2019-05-21,2
11151553,43693326,2019-05-22,2
11865357,5900331,2019-05-21,2
9005003,33455748,2019-05-21,3
5135669,43218367,2019-05-21,2
12277853,42790452,2019-05-21,2
5008451,6687610,2019-05-21,2
9914592,43869835,2019-05-21,2
8417619,4919542,2019-05-21,2
10341821,43550531,2019-05-21,2
9544325,41899396,2019-05-21,2
10634337,42486205,2019-05-21,2
4160177,32242550,2019-05-21,3
10150105,40656915,2019-05-21,2
5079504,46212638,2019-05-21,3
5079504,44803750,2019-05-21,2
10062087,4228102,2019-05-21,2
10080441,43003956,2019-05-21,2
823963,43711265,2019-05-21,2
9411101,4707589,2019-05-21,2
8719557,36430532,2019-05-21,3
9513301,2690807,2019-05-21,4
8327165,48749081,2019-05-21,2
436849,41504105,2019-05-21,2
10848761,49338606,2019-05-21,2
10848761,6091397,2019-05-21,2
8779323,48975370,2019-05-21,2
5008083,6579959,2019-05-21,2
9807777,43455578,2019-05-21,2
10231291,4361002,2019-05-21,2
120393,48833549,2019-05-21,2
12112933,36371121,2019-05-21,2
8487073,46414313,2019-05-21,2
12297971,44265875,2019-05-21,2
10537737,4154195,2019-05-21,2
5041631,42922932,2019-05-21,2
9991009,32712470,2019-05-21,2
12099297,35470355,2019-05-21,2
11248223,6619953,2019-05-21,2
10309070,37805099,2019-05-21,2
7950075,34218537,2019-05-21,2
8064722,41880573,2019-05-21,2
9575699,4710890,2019-05-21,2
10210445,44130126,2019-05-21,2
9188343,42426051,2019-05-21,2
4309277,35813312,2019-05-21,2
9264436,4411122,2019-05-21,2
10595655,35293444,2019-05-21,2
9837303,32933848,2019-05-21,2
5027295,48037852,2019-05-21,2
9693495,42586216,2019-05-21,2
9321137,46870318,2019-05-21,2
10811269,2147071,2019-05-21,2
10017623,4941319,2019-05-21,2
9522177,38960369,2019-05-21,2
10287403,46130148,2019-05-21,2
12079067,42213553,2019-05-21,2
8416429,49532955,2019-05-20,2
12210233,44744340,2019-05-20,2
9079733,31732430,2019-05-20,2
4261593,39147215,2019-05-20,2
8842197,3721117,2019-05-20,2
9152773,46119825,2019-05-20,2
9317287,31678456,2019-05-20,2
4841375,49928795,2019-05-20,2
11690609,42711917,2019-05-20,2
11628491,48128701,2019-05-20,2
881001,32094154,2019-05-20,2
1121659,32121244,2019-05-20,2
10498299,35619131,2019-05-20,2
12055841,43258068,2019-05-20,2
12221665,35494509,2019-05-20,2
10206021,6727597,2019-05-20,2
10196683,47027579,2019-05-20,3
10678115,38341889,2019-05-20,2
9055389,928633,2019-05-20,2
11038307,49934567,2019-05-20,2
10097549,3236709,2019-05-20,2
9101953,43276563,2019-05-20,2
11047925,31308597,2019-05-20,2
1047767,42671660,2019-05-20,2
880173,31298353,2019-05-20,2
8895117,48915774,2019-05-20,2
8556541,4025499,2019-05-20,2
7988799,31705847,2019-05-20,2
8262681,34340471,2019-05-20,2
635677,38366899,2019-05-20,2
11836601,4941319,2019-05-20,2
11059503,46817821,2019-05-20,2
1043973,48869419,2019-05-20,2
12338781,34988267,2019-05-20,2
10360133,954487,2019-05-20,2
1069537,42159672,2019-05-20,2
11445637,46506432,2019-05-20,2
10143301,894362,2019-05-20,2
9930187,40585259,2019-05-20,4
12368769,47938261,2019-05-20,2
12021905,35582237,2019-05-20,3
10984281,31081505,2019-05-20,2
11597985,36559747,2019-05-20,2
4179763,46835366,2019-05-20,2
10606127,46661174,2019-05-20,2
11456095,48128786,2019-05-20,2
8039969,39813260,2019-05-20,2
83027,43843236,2019-05-20,3
9900527,32085183,2019-05-20,2
11131197,36972175,2019-05-20,2
10877025,37859457,2019-05-20,2
9770677,39417118,2019-05-20,2
11997405,2499890,2019-05-20,2
5081965,4890977,2019-05-20,2
11239025,32431245,2019-05-20,3
10786727,32997857,2019-05-20,2
10321465,2479515,2019-05-20,3
11281529,44460326,2019-05-20,2
4774511,41977515,2019-05-20,2
9475459,32712470,2019-05-20,2
12258351,32586854,2019-05-20,2
9014019,6706885,2019-05-20,2
10755115,6124885,2019-05-20,2
10202661,39130261,2019-05-20,2
10717609,33110070,2019-06-15,2
11976881,4362450,2019-06-15,2
11955433,36413475,2019-06-14,2
11421011,34941021,2019-06-13,3
8940587,49776595,2019-06-13,2
10460275,32202902,2019-06-13,2
9451407,45288638,2019-06-13,2
12202813,46278585,2019-06-13,2
10084781,193167,2019-06-13,2
10997203,51060873,2019-06-13,2
10632909,35125363,2019-06-13,4
10779657,46088683,2019-06-13,3
10562545,3579905,2019-06-13,2
819721,1263681,2019-06-13,2
11663617,44336752,2019-06-13,2
8267875,31814683,2019-06-13,2
11780195,51907384,2019-06-13,3
11352033,50390381,2019-06-13,2
11501144,52216710,2019-06-13,2
11498235,42572212,2019-06-13,2
10945277,52515247,2019-06-13,2
11616549,48887300,2019-06-13,2
10617635,6501525,2019-06-13,2
9452415,42717477,2019-06-13,2
857437,2843584,2019-06-13,2
9108071,43873319,2019-06-13,2
9307557,47114807,2019-06-13,2
840553,46722437,2019-06-13,2
12082049,44861817,2019-06-13,2
11623549,4314849,2019-06-13,3
11845615,39341940,2019-06-13,2
9601865,44295302,2019-06-12,2
11971309,41632752,2019-06-12,2
11354721,33140033,2019-06-12,2
415317,49225663,2019-06-12,2
10127089,51677924,2019-06-12,2
10520993,32056115,2019-06-12,2
5018867,44839257,2019-06-13,2
10054650,35052140,2019-06-12,2
11711189,48392908,2019-06-12,2
1081507,86906,2019-06-12,2
12325747,51022658,2019-06-12,2
4752419,51821595,2019-06-12,2
10443825,31474149,2019-06-12,2
11419737,50380648,2019-06-12,2
10793741,51725554,2019-06-12,2
11768169,51642209,2019-06-12,2
9854313,35547487,2019-06-12,2
11937541,4214786,2019-06-12,2
9766323,52204749,2019-06-12,2
11709999,35197290,2019-06-12,2
11035255,31450389,2019-06-12,2
10284029,34450430,2019-06-12,5
11082813,46202913,2019-06-12,2
12467354,6036126,2019-06-12,2
11110911,33058643,2019-06-12,8
10791963,44079263,2019-06-12,2
12240991,48019702,2019-06-12,2
10790003,48112615,2019-06-12,2
10198713,31064269,2019-06-12,2
11960921,47345812,2019-06-12,2
5015185,48804269,2019-06-12,3
11867863,2677490,2019-06-12,2
10875389,51246652,2019-06-11,2
11839975,2866602,2019-06-12,2
12222234,48829558,2019-06-11,2
4692485,33061423,2019-06-11,2
10380321,46416833,2019-06-11,2
11187519,48707926,2019-06-11,2
11523173,50787927,2019-06-11,2
9749663,1760216,2019-06-12,2
8949605,44470719,2019-06-11,2
8323693,36496034,2019-06-11,2
9016735,31545414,2019-06-11,2
446187,47468265,2019-06-11,2
9133089,6267830,2019-06-11,2
4325167,36396487,2019-06-12,2
11650770,36754474,2019-06-11,2
4742269,34415513,2019-06-11,2
11914777,52890267,2019-06-11,2
193333,46675683,2019-06-11,2
739739,41669702,2019-06-11,2
11014899,34764142,2019-06-11,2
365043,34055818,2019-06-11,2
5001493,4263258,2019-06-11,2
9246601,35483720,2019-06-11,2
10568761,48460054,2019-06-11,2
8227555,3688135,2019-06-11,3
4157755,33402209,2019-06-11,2
11992617,38928001,2019-06-11,2
9322103,51931724,2019-06-11,2
47145,6643979,2019-06-11,2
446187,48195440,2019-06-11,3
33621,35538148,2019-06-11,2
7990605,44704486,2019-06-11,2
821457,34277995,2019-06-11,2
9441887,6810172,2019-06-11,2
10999639,50593835,2019-06-11,2
10645943,6014663,2019-06-11,2
10999639,2119180,2019-06-11,2
11742311,48295809,2019-06-11,2
852495,48350657,2019-06-11,2
9996567,46932029,2019-06-11,2
10265227,44445814,2019-06-11,2
10907085,3735903,2019-06-11,2
11875269,4314248,2019-06-11,2
9438177,37549125,2019-06-11,3
10021255,53567984,2019-06-11,2
432607,6402362,2019-06-11,2
9854295,52416120,2019-06-11,2
10311931,46484381,2019-06-11,2
9786147,31843261,2019-06-11,2
11316935,3544053,2019-06-11,2
8929067,49601741,2019-06-11,2
5022101,6741231,2019-06-11,2
7898303,42325676,2019-06-11,2
4635393,31526689,2019-06-11,2
8838571,31759841,2019-06-11,2
9894787,35532005,2019-06-11,2
10205363,42712499,2019-06-11,2
10874563,35478402,2019-06-11,2
8512721,47609027,2019-06-11,2
9537507,46400151,2019-06-10,2
9943507,32056124,2019-06-10,2
501711,48420698,2019-06-10,2
9690765,46063092,2019-06-10,3
4932669,31963481,2019-06-10,2
11083387,50446283,2019-06-10,2
9089829,33156767,2019-06-10,2
10806943,36945311,2019-06-10,2
8167607,48021351,2019-06-10,2
9838927,3616115,2019-06-10,2
1030071,39495364,2019-06-10,3
5005847,4693892,2019-06-10,2
8943235,33121158,2019-06-10,2
8835113,31929728,2019-06-10,2
301472,3671339,2019-06-10,2
5035471,3540226,2019-06-10,2
5025923,36859537,2019-06-10,2
4903311,4079048,2019-06-10,10
824881,46309414,2019-06-10,2
9499133,31991199,2019-06-10,2
223293,3279999,2019-06-10,2
5145048,50772918,2019-06-10,2
9801365,3521581,2019-06-10,4
536879,42165365,2019-06-10,2
11227391,48569790,2019-06-10,2
4639901,39608923,2019-06-10,2
7992775,35005081,2019-06-10,2
856765,50416406,2019-06-10,2
10887499,3103398,2019-06-10,2
12438321,25593359,2019-06-10,2
10108413,35700694,2019-06-10,2
5039937,42277101,2019-06-10,2
10098557,31819102,2019-06-10,3
8962093,52777950,2019-06-10,2
9375611,42437376,2019-06-10,2
10185665,32336593,2019-06-10,3
8733123,44490736,2019-06-10,2
11067427,52864199,2019-06-10,2
11035731,37038339,2019-06-10,2
11976881,3375679,2019-06-10,2
12099843,53678481,2019-06-10,2
10473001,49619949,2019-06-10,2
7976507,35877556,2019-06-10,2
4321611,976859,2019-06-10,2
12209953,32563393,2019-06-10,2
10681811,35426607,2019-06-11,2
11865399,31632425,2019-06-10,2
862729,52456522,2019-06-10,2
9695273,44472163,2019-06-10,2
8875083,48469043,2019-06-10,2
9410191,25569509,2019-06-10,2
4722207,37770372,2019-06-10,2
11389455,49570818,2019-06-10,2
9385327,3728190,2019-06-10,2
8758533,41692762,2019-06-09,2
10035291,40276011,2019-06-09,3
10167773,45690031,2019-06-09,3
10512271,2818501,2019-06-09,4
9334815,2458791,2019-06-09,2
10384535,31987613,2019-06-10,2
10998225,46404151,2019-06-09,2
5303151,44751326,2019-06-09,2
8353877,48276704,2019-06-09,2
5228531,39833031,2019-06-09,2
10146479,42360766,2019-06-10,2
10123296,7014746,2019-06-10,2
12153745,51134076,2019-06-10,2
10976203,52871249,2019-06-09,2
11115111,47090825,2019-06-10,2
11226047,34738364,2019-06-10,2
9920519,46285461,2019-06-10,2
10721202,32229581,2019-06-09,2
10239229,47881093,2019-06-09,2
11669567,44745789,2019-06-09,2
11529133,44174908,2019-06-09,3
9371411,3878132,2019-06-09,3
4650905,49699433,2019-06-09,2
12398407,4006267,2019-06-09,2
11768323,49155897,2019-06-09,3
12356043,50802332,2019-06-09,2
11594009,4085003,2019-06-09,2
10391297,3177036,2019-06-09,2
11001669,44125001,2019-06-09,2
10626651,32242160,2019-06-09,2
11765075,41771859,2019-06-09,4
12454323,34443784,2019-06-09,2
11528811,47487530,2019-06-09,3
11916135,51422419,2019-06-09,2
11572211,49340943,2019-06-09,2
11964351,47952351,2019-06-09,3
9817423,50067830,2019-06-09,2
12274647,46212951,2019-06-09,3
8819769,44575889,2019-06-09,2
5200111,33191164,2019-06-09,2
10204117,50350530,2019-06-09,2
11674565,35784557,2019-06-09,2
1050875,49791401,2019-06-09,2
1072071,6053778,2019-06-09,2
11656155,40983438,2019-06-09,2
12175093,33123090,2019-06-09,2
10305239,47043723,2019-06-09,2
10317783,6930201,2019-06-09,2
11839961,42409195,2019-06-09,2
4889913,41687212,2019-06-09,2
11724853,50026100,2019-06-09,2
11986261,1137937,2019-06-09,2
12152287,45025287,2019-06-09,2
11608485,438094,2019-06-09,2
10669547,32904733,2019-06-09,2
10287977,8673949,2019-06-09,2
11454807,1246849,2019-06-09,2
12291475,47021939,2019-06-09,2
4290951,3947621,2019-06-09,2
11504381,46211346,2019-06-09,2
12321057,42741553,2019-06-09,2
10026933,8159197,2019-06-09,2
12511177,37504935,2019-06-09,2
1036497,2917807,2019-06-09,2
10842013,25729659,2019-06-09,2
11592945,2202787,2019-06-09,2
9783557,32242274,2019-06-09,2
10551919,16154809,2019-06-09,2
7942585,39632648,2019-06-09,2
9982875,37171413,2019-06-09,2
11116371,42674996,2019-06-09,2
9714663,31243389,2019-06-09,2
10280137,44597979,2019-06-09,2
10776927,51681831,2019-06-08,2
8048383,51044669,2019-06-08,2
12311887,52204623,2019-06-08,2
5066537,50773670,2019-06-08,2
10807756,31888987,2019-06-08,2
11345369,3242956,2019-06-08,2
9832781,47346901,2019-06-08,2
11197095,31948308,2019-06-09,2
11319525,48405471,2019-06-09,2
8818565,31720878,2019-06-09,2
9669130,1791445,2019-06-09,2
9447977,3999480,2019-06-09,2
11819199,2891467,2019-06-09,2
10897901,34706438,2019-06-09,2
1127791,6539611,2019-06-09,2
11193431,46264677,2019-06-09,4
9448649,25699809,2019-06-09,2
4988865,6795734,2019-06-09,2
8612135,47295712,2019-06-09,2
12388313,3765973,2019-06-09,2
10602751,44839257,2019-06-09,2
9157519,47239639,2019-06-09,2
11305567,47001713,2019-06-09,2
10715229,46107363,2019-06-09,2
12073887,37826233,2019-06-09,2
11713597,46836021,2019-06-09,2
8260987,38371004,2019-06-09,2
9825627,35775198,2019-06-09,2
12394809,3213654,2019-06-09,3
10706297,47099282,2019-06-09,2
4956021,36978294,2019-06-09,2
1073065,43142839,2019-06-09,2
11825891,33017813,2019-06-09,3
12237575,43773547,2019-06-09,2
11021563,2165957,2019-06-09,2
841239,43355578,2019-06-09,2
5148815,46254660,2019-06-09,2
5130181,6767772,2019-06-09,3
11281921,34239311,2019-06-09,2
10192371,38073291,2019-06-09,2
237573,46119719,2019-06-09,2
10609767,32956610,2019-06-09,2
9079805,39833031,2019-06-09,2
1070405,45276860,2019-06-09,2
7873999,53502677,2019-06-09,2
12280205,40950357,2019-06-09,2
12313147,36344588,2019-06-09,3
12382741,4257535,2019-06-09,2
9116443,47475280,2019-06-09,2
11591797,49269852,2019-06-09,2
11205817,39152470,2019-06-09,2
11271967,33114047,2019-06-09,2
4978813,32750625,2019-06-09,2
10387111,32547345,2019-06-09,3
1063966,50416355,2019-06-09,2
10871959,33061423,2019-06-09,2
10749823,4330903,2019-06-09,2
4848599,4579281,2019-06-09,2
11312567,42102274,2019-06-09,2
11916303,40511760,2019-06-08,3
11558491,50609989,2019-06-08,3
10777459,35859477,2019-06-08,3
8621711,6455237,2019-06-08,3
9796409,42662467,2019-06-08,2
10972703,47449936,2019-06-08,2
10711155,35629123,2019-06-08,2
10890313,7098752,2019-06-08,2
12314855,39761994,2019-06-09,2
12492492,43151008,2019-06-09,2
11250897,40219535,2019-06-08,2
12289207,32107706,2019-06-08,2
10796345,51288131,2019-06-08,2
10878763,32282122,2019-06-08,2
12330171,40444668,2019-06-09,3
4292673,45712371,2019-06-09,2
9730008,34688466,2019-06-09,2
9810563,41027546,2019-06-09,2
9463881,31688677,2019-06-09,2
10288663,1791672,2019-06-09,2
10941945,46572998,2019-06-08,2
12506515,51116694,2019-06-08,2
10771257,34321773,2019-06-08,2
8273811,48734671,2019-06-08,2
11822419,34971943,2019-06-08,2
5015563,4923966,2019-06-08,3
9129673,49534769,2019-06-08,2
11564623,47952322,2019-06-08,2
9038911,6728937,2019-06-08,2
11047183,4915475,2019-06-08,2
11315885,3323886,2019-06-08,2
11243365,52864185,2019-06-08,2
11469717,3532346,2019-06-08,2
12414778,35127634,2019-06-08,2
8786015,49740819,2019-06-08,2
12172503,3929806,2019-06-08,4
10727311,2267084,2019-06-08,2
11052181,35469124,2019-06-08,2
8119853,232453,2019-06-08,2
11069779,46231064,2019-06-08,2
9237221,42561102,2019-06-08,2
11005379,2158944,2019-06-08,2
9327367,42360560,2019-06-08,2
4794195,4370161,2019-06-08,2
4685737,4410218,2019-06-08,2
10228309,31116980,2019-06-08,2
7995295,48655183,2019-06-08,2
5065431,42943053,2019-06-08,2
8634101,32801973,2019-06-08,2
8805296,48284314,2019-06-08,2
10276063,52312934,2019-06-08,2
533239,45567867,2019-06-08,2
9110759,52864119,2019-06-08,2
10246845,31516269,2019-06-08,2
10308579,45982434,2019-06-08,3
9827573,34748904,2019-06-08,2
8336139,36965916,2019-06-08,2
10444819,31325762,2019-06-08,3
9260847,36307703,2019-06-08,2
12008619,44826481,2019-06-08,2
4295879,51242323,2019-06-08,3
4769975,38882076,2019-06-08,2
4253333,41942013,2019-06-08,2
5165594,33477261,2019-06-08,2
9055809,39442545,2019-06-08,2
10248973,36353471,2019-06-08,2
10787805,32036187,2019-06-08,2
12012441,34556798,2019-06-08,2
179837,51662500,2019-06-08,3
12029241,43804369,2019-06-08,2
8892919,46618932,2019-06-08,2
186963,48432924,2019-06-08,2
9841111,4155810,2019-06-08,2
4297055,49215525,2019-06-08,2
10431759,32799505,2019-06-08,2
8327123,3257870,2019-06-08,2
10583601,42739787,2019-06-08,2
8473381,32434752,2019-06-08,2
4257197,50436531,2019-06-08,2
4883389,45333837,2019-06-07,2
5290467,46571691,2019-06-07,2
1044127,39283093,2019-06-07,3
857199,43375324,2019-06-07,2
10039967,51900997,2019-06-07,2
10165169,508644,2019-06-07,2
11695495,48961304,2019-06-07,2
4679185,33662276,2019-06-07,3
9008669,46990835,2019-06-07,2
8783439,37078638,2019-06-07,2
5236791,49705340,2019-06-07,2
1080891,33666185,2019-06-07,2
5079504,45563963,2019-06-07,2
9387819,4316003,2019-06-07,2
10217767,41492694,2019-06-07,2
10112487,47558444,2019-06-07,2
5288339,50253062,2019-06-07,2
10973277,45599274,2019-06-07,3
11072985,1064523,2019-06-07,2
9997183,3545942,2019-06-07,2
4915841,5960628,2019-06-07,2
8257011,51155051,2019-06-07,2
11933397,2553520,2019-06-07,2
12294443,50229184,2019-06-07,2
4862501,39496402,2019-06-07,2
9824829,42695391,2019-06-07,2
9477013,47647542,2019-06-07,2
10615137,31516269,2019-06-07,2
8990093,35041211,2019-06-07,2
9817843,51962503,2019-06-07,2
1067395,47752713,2019-06-07,2
9860650,51677783,2019-06-07,2
8809815,3488956,2019-06-07,2
1069929,5820488,2019-06-07,3
9849231,46982812,2019-06-07,2
1032507,42520900,2019-06-06,2
8927373,49139927,2019-06-06,2
8411165,4890837,2019-06-07,2
868945,32303947,2019-06-07,2
10437777,34371334,2019-06-07,2
1107931,49551924,2019-06-07,2
12238849,40523917,2019-06-07,2
10442201,2724424,2019-06-07,2
4931969,49812637,2019-06-07,2
9521701,39225302,2019-06-07,2
8219631,34108867,2019-06-07,2
4805241,33505302,2019-06-07,2
8202691,50742138,2019-06-06,2
866383,38132813,2019-06-06,3
4648256,46911125,2019-06-06,2
11279695,32113275,2019-06-07,2
4222757,46955124,2019-06-07,2
9163217,43566207,2019-06-07,2
4825779,51056371,2019-06-06,2
5183092,47437665,2019-06-07,2
10277379,34062683,2019-06-06,5
9401651,43124190,2019-06-06,2
4792697,49537022,2019-06-06,3
12199495,7159372,2019-06-06,2
8420755,32625106,2019-06-06,2
9423253,52080035,2019-06-06,2
9372781,4831066,2019-06-06,2
8835939,31274190,2019-06-06,2
9143729,4048636,2019-06-06,2
11078221,6861373,2019-06-06,2
4225095,39845663,2019-06-07,2
8569183,42001667,2019-06-07,2
820897,51616018,2019-06-06,2
9550163,5995325,2019-06-06,2
10147305,43911635,2019-06-06,3
10613645,35109029,2019-06-06,2
11392619,6102936,2019-06-06,3
9762389,7145069,2019-06-06,2
12038029,43573509,2019-06-06,2
12232605,36320488,2019-06-06,2
4187505,52701800,2019-06-06,2
11380971,41184431,2019-06-06,2
10156237,50495264,2019-06-06,2
12397931,42904758,2019-06-06,2
12107795,46431355,2019-06-06,2
9975791,36504486,2019-06-06,2
11427339,43508900,2019-06-06,3
11720989,32663032,2019-06-06,2
1053563,34234421,2019-06-06,3
12302045,33875432,2019-06-06,2
10712569,2695041,2019-06-06,2
11374839,34253184,2019-06-06,4
7886851,46764451,2019-06-06,2
12498437,44606222,2019-06-06,2
12059859,38871132,2019-06-05,2
12062365,4483187,2019-06-05,2
9350187,51077735,2019-06-05,4
1054501,47754758,2019-06-05,2
12058025,39813260,2019-06-05,2
1069565,1816344,2019-06-05,2
1106189,35412812,2019-06-05,2
874895,40792317,2019-06-05,2
864619,2301946,2019-06-05,2
11187897,44606894,2019-06-05,2
11511017,52312263,2019-06-05,2
730401,6470069,2019-06-05,2
9550387,41920009,2019-06-06,2
12371233,43451791,2019-06-05,2
10102645,35645143,2019-06-05,2
11716705,46825489,2019-06-06,2
5155815,35547452,2019-06-05,2
12405211,3213693,2019-06-05,2
10268905,1918771,2019-06-05,2
327621,33674084,2019-06-05,2
8265901,39879528,2019-06-05,3
10122343,6038575,2019-06-05,5
12041771,31243569,2019-06-05,3
12066663,47325027,2019-06-05,2
12144111,40741114,2019-06-05,2
12485165,4183957,2019-06-05,2
11309655,32715118,2019-06-05,2
10433983,46737133,2019-06-05,2
878969,6267828,2019-06-05,2
11643261,44596908,2019-06-05,2
12196107,43220837,2019-06-05,2
11442221,35025467,2019-06-05,2
815913,47836696,2019-06-05,2
10550169,46703679,2019-06-05,2
649327,46310894,2019-06-04,2
12431601,34913531,2019-06-04,6
12153864,43385398,2019-06-05,2
12004951,42405048,2019-06-05,2
12106927,34708573,2019-06-04,3
11500180,46108135,2019-06-04,2
11257197,126662,2019-06-04,2
12470633,46369303,2019-06-04,2
12470633,32864034,2019-06-04,2
8781717,31716419,2019-06-04,2
11491095,42613144,2019-06-04,2
1063727,48098216,2019-06-04,2
846951,6048231,2019-06-04,2
5004167,42742237,2019-06-04,2
558397,31715978,2019-06-04,2
451451,40275997,2019-06-05,2
11101797,31773673,2019-06-05,2
8356327,44270583,2019-06-04,2
11207665,35528784,2019-06-04,2
4712813,31247209,2019-06-04,2
10276293,42406057,2019-06-04,2
10657493,46894474,2019-06-04,2
625541,42449393,2019-06-04,2
12338781,44396958,2019-06-04,2
12345137,32717236,2019-06-04,2
4269475,35104525,2019-06-04,2
11487315,31685188,2019-06-04,3
10895507,5477259,2019-06-04,2
11711581,46847094,2019-06-04,2
9601963,49396471,2019-06-04,2
9336607,49989490,2019-06-04,2
11603655,34732094,2019-06-04,2
11465993,34758562,2019-06-04,2
11072033,51258745,2019-06-04,3
8209257,25139909,2019-06-04,2
12425315,31297427,2019-06-04,2
5032307,40498216,2019-06-04,2
11993633,33824631,2019-06-04,2
11558659,35433254,2019-06-04,2
4319511,47066286,2019-06-04,2
9687811,48756068,2019-06-04,2
11985383,42511820,2019-06-04,2
12288759,35745697,2019-06-04,3
11666837,47898050,2019-06-04,2
10308837,1791672,2019-06-04,2
11965149,33858368,2019-06-04,2
11808825,37355435,2019-06-04,2
12173077,42594864,2019-06-04,2
10749417,43468393,2019-06-04,2
11803351,46057112,2019-06-04,2
11469045,48247931,2019-06-04,2
11277791,46736322,2019-06-04,2
12490835,50581408,2019-06-03,2
11190291,34393007,2019-06-03,2
10817611,51427361,2019-06-03,2
11702383,44749739,2019-06-03,2
11611985,39685404,2019-06-03,2
10992709,48688106,2019-06-03,2
4643079,39467625,2019-06-03,2
12051389,4409939,2019-06-03,2
10220091,6069751,2019-06-03,2
12126238,41985930,2019-06-03,2
11072663,2517555,2019-06-03,2
842317,49645771,2019-06-03,2
12353411,42747914,2019-06-03,2
9846585,40121955,2019-06-03,2
12469107,49619881,2019-06-03,2
12213747,46702228,2019-06-03,2
10302397,34913531,2019-06-03,2
5035751,48013553,2019-06-04,2
5091205,36907858,2019-06-03,2
11934223,42694589,2019-06-03,2
12424405,46130148,2019-06-03,2
12434905,31374330,2019-06-03,2
12165629,1070104,2019-06-03,2
12434905,3563399,2019-06-03,2
9150841,39214141,2019-06-03,2
12381509,38969825,2019-06-03,3
11899293,52204803,2019-06-03,2
9204755,33123090,2019-06-03,2
11187356,50436425,2019-06-03,2
10461031,4596800,2019-06-03,3
8468453,32620197,2019-06-03,2
4770927,42706359,2019-06-03,2
10669449,32938872,2019-06-03,2
10524689,4329542,2019-06-03,2
10722037,41090289,2019-06-03,3
9317245,35498029,2019-06-03,2
11413157,4473351,2019-06-03,2
10305673,47048407,2019-06-03,2
10368281,112352,2019-06-03,2
11681467,35559045,2019-06-03,3
10111339,3775491,2019-06-03,2
8059009,6423109,2019-06-03,3
10293367,50356994,2019-06-03,2
10314744,31639073,2019-06-03,2
9986179,42658819,2019-06-02,2
11245661,48227185,2019-06-02,2
11358795,37144332,2019-06-02,2
11890277,48228406,2019-06-03,2
12408478,32908442,2019-06-03,2
11575529,33061423,2019-06-03,2
10891405,40747801,2019-06-03,2
8909327,42867019,2019-06-02,2
9752785,35375120,2019-06-03,3
11531331,48598198,2019-06-03,2
11654993,47077678,2019-06-03,2
11154423,32993830,2019-06-02,2
11494777,31716765,2019-06-02,2
11677701,50947802,2019-06-03,2
9873115,32568010,2019-06-03,2
5038215,42355797,2019-06-03,2
5081979,37356701,2019-06-02,2
12189107,41690975,2019-06-02,2
11703685,852318,2019-06-02,2
9106951,3480404,2019-06-02,2
10819431,35717795,2019-06-02,2
10703861,32919787,2019-06-02,2
12466461,6427917,2019-06-02,2
4731122,36504214,2019-06-02,2
1034131,40297410,2019-06-02,2
261513,43524799,2019-06-02,2
9446928,49540623,2019-06-02,2
11410662,32056128,2019-06-02,2
10097412,1069623,2019-06-02,2
9021845,2585437,2019-06-02,2
8071427,6636354,2019-06-02,2
159145,33185776,2019-06-02,2
9354443,44577672,2019-06-02,2
9837247,35361547,2019-06-02,2
1092777,43524724,2019-06-02,2
10164189,47893365,2019-06-02,4
11536889,35627526,2019-06-02,2
4296159,1069266,2019-06-02,2
8101135,1069868,2019-06-02,2
12147723,6306170,2019-06-02,2
5107179,45342771,2019-06-02,2
7869239,5977586,2019-06-02,2
11201961,42334702,2019-06-02,2
10180723,47314546,2019-06-02,2
12242769,46574064,2019-06-02,2
834211,43592805,2019-06-02,2
9778223,46708411,2019-06-02,2
11015417,43886086,2019-06-02,2
10350179,48397922,2019-06-02,2
10967985,37935150,2019-06-02,2
9095555,41695547,2019-06-02,2
1085651,32031654,2019-06-02,2
5025321,48973579,2019-06-02,2
141491,39646280,2019-06-02,2
11126367,43294577,2019-06-03,2
879501,36508488,2019-06-03,2
11081581,44048838,2019-06-03,2
8799427,511199,2019-06-03,2
10514091,50773673,2019-06-01,2
10294753,48705107,2019-06-01,2
9327493,48895802,2019-06-01,2
10209885,48011405,2019-06-01,3
5222347,51303761,2019-06-01,2
10151281,39217639,2019-06-01,2
8136555,49640758,2019-06-01,2
4958014,48678548,2019-06-01,2
11249063,48919631,2019-06-01,2
10219279,34975579,2019-06-01,2
10179491,48974802,2019-06-01,2
4193651,31442655,2019-06-01,3
8005725,31276757,2019-06-01,2
11317820,31150300,2019-06-01,2
11498389,46191008,2019-06-01,2
9869811,44605761,2019-06-01,4
5121585,724506,2019-06-01,2
9986515,39446867,2019-06-01,2
10582691,34214476,2019-06-01,2
11603291,31342126,2019-06-01,2
9741543,48790839,2019-06-01,2
10391829,48554457,2019-06-01,2
8488417,49932129,2019-06-01,2
852537,43258073,2019-06-01,2
9956415,47081476,2019-06-01,2
9968931,1869259,2019-06-01,2
9956415,45642431,2019-06-01,2
12368335,36323811,2019-06-01,2
12077737,46808776,2019-06-01,2
8528049,42033035,2019-06-01,2
8780513,50672516,2019-06-01,2
11629653,31308598,2019-06-01,2
593971,32241530,2019-06-01,2
4784465,49221081,2019-06-01,2
4828327,46485146,2019-06-01,3
11925753,48493312,2019-06-01,2
255451,44926968,2019-06-01,2
9000859,31256173,2019-06-01,2
243481,4134939,2019-06-01,2
9182957,51844347,2019-06-01,2
8629285,38628358,2019-06-01,2
11354693,875129,2019-06-01,2
9146613,40936681,2019-06-01,2
8640048,49306573,2019-06-01,2
11448437,38426344,2019-06-01,2
9979977,420512,2019-06-01,2
10176593,40567474,2019-06-01,2
9220281,44602425,2019-06-01,2
8780849,31692133,2019-06-01,2
11018203,1069826,2019-06-01,2
11594247,48675707,2019-06-01,2
10904649,32098818,2019-05-31,2
11672311,32283589,2019-05-31,3
8437695,48247654,2019-05-31,2
7982303,51369224,2019-05-31,2
9665173,34720132,2019-05-31,2
5095587,50416679,2019-06-01,2
10200463,32242274,2019-06-01,2
4656547,34585783,2019-05-31,2
9238019,31316696,2019-06-01,2
8543283,46948784,2019-06-01,2
10022955,35713996,2019-06-01,2
11767245,31114445,2019-05-31,2
10998826,41520088,2019-05-31,2
9236773,35382499,2019-05-31,2
9688805,3154407,2019-05-31,2
4936463,42671449,2019-05-31,2
5227719,42695503,2019-05-31,3
9946769,4234731,2019-05-31,2
12425959,34827275,2019-05-31,2
11536721,33750021,2019-05-31,2
12301219,37180076,2019-05-31,2
4867233,44863918,2019-05-31,3
1087877,86593,2019-05-31,2
9282539,7587271,2019-05-31,2
12211633,48410660,2019-05-31,2
11997265,43737432,2019-05-31,2
12147583,41048238,2019-05-31,2
10685633,46575015,2019-05-31,2
11366831,6862788,2019-05-31,2
12466517,34203129,2019-05-31,2
11568319,39338391,2019-05-31,2
11379739,32354400,2019-05-31,2
11779369,49542664,2019-05-31,2
8103599,6027014,2019-05-31,2
11633979,41188619,2019-05-31,2
4956175,6873705,2019-05-31,2
11021591,46551829,2019-05-31,2
9631559,49652048,2019-05-31,2
11531989,31570695,2019-05-31,2
10145499,31780328,2019-05-31,2
12190003,42014043,2019-05-30,2
881279,85702,2019-05-30,2
8774089,41831855,2019-05-31,2
1061417,46478520,2019-05-30,2
10914505,37961684,2019-05-31,2
9339589,34633765,2019-05-30,2
9577071,35609101,2019-05-30,2
4356849,37197658,2019-05-30,5
11141521,46386350,2019-05-30,3
10779573,41775102,2019-05-30,3
11293037,43504302,2019-05-30,2
11311839,47103092,2019-05-30,6
12052775,40929119,2019-05-30,2
9941631,34397758,2019-05-31,2
12162647,36947592,2019-05-31,2
11595199,31948259,2019-05-31,2
11869851,32024144,2019-05-31,2
11823245,51168928,2019-05-31,2
12446833,32735605,2019-05-31,2
4837511,47898435,2019-05-31,2
12196583,33698052,2019-05-31,2
8598247,3735259,2019-05-31,2
12098877,31671481,2019-05-31,2
10559829,43474411,2019-05-31,2
11727219,1263681,2019-05-31,2
9883587,34792459,2019-05-31,2
10598259,49002975,2019-05-31,2
9866744,50866317,2019-05-31,3
11295403,40557267,2019-05-31,2
12448401,50031943,2019-05-31,2
10490529,50477352,2019-05-31,2
9489375,38230301,2019-05-31,2
11965457,50799022,2019-05-31,2
678993,51242329,2019-05-31,2
9475186,32195697,2019-05-31,2
5089609,42576544,2019-05-31,2
8223467,48504580,2019-05-31,2
11989271,42695475,2019-05-31,3
11538443,6896416,2019-05-31,3
11547991,6990730,2019-05-31,2
10573213,34392696,2019-05-31,2
11706033,34688892,2019-05-31,2
12410853,31784306,2019-05-31,2
8508087,38661664,2019-05-31,2
4347105,32717593,2019-05-31,2
9845521,46278586,2019-05-31,2
8585661,4430282,2019-05-31,2
10802071,3962709,2019-05-31,2
11770493,48383845,2019-05-31,2
11504787,42137785,2019-05-31,2
4176235,37610661,2019-05-31,2
11449221,36803493,2019-05-31,3
11406913,46724287,2019-05-31,2
11466301,39314377,2019-05-31,2
10696525,34766722,2019-05-31,2
158893,37447574,2019-05-31,2
8048201,38040259,2019-05-31,2
11431525,35745189,2019-05-31,2
838467,748384,2019-05-31,2
12203653,31435283,2019-05-31,2
12495656,45734123,2019-05-31,2
11201636,44177402,2019-05-30,6
10114713,35187319,2019-05-30,7
11717909,46169213,2019-05-30,3
12332691,2582200,2019-05-30,2
11455857,46232882,2019-05-30,3
11192021,2689633,2019-05-30,2
11994031,35276005,2019-05-30,2
11596693,7157608,2019-05-30,2
5056219,4014545,2019-05-30,3
11264743,40195659,2019-05-30,3
11558491,43332828,2019-05-30,2
11185867,47270589,2019-05-30,3
9422147,40275993,2019-05-30,2
10543296,34471085,2019-05-30,2
12231681,46211285,2019-05-30,5
4253333,31616603,2019-05-30,2
4253333,4344478,2019-05-30,3
10403225,42909193,2019-05-30,3
5190073,39204763,2019-05-30,2
8589567,35110105,2019-05-30,3
11388599,40195796,2019-05-30,2
10836007,43901185,2019-05-30,2
11998924,2899065,2019-05-30,2
10859723,43302449,2019-05-30,2
11264771,38312381,2019-05-30,2
817943,36484976,2019-05-30,2
10910725,86241,2019-05-30,4
5023501,49890201,2019-05-30,2
11390729,46279019,2019-05-30,2
7883939,5898575,2019-05-30,2
9295979,3042378,2019-05-30,2
11989537,44210013,2019-05-30,3
11810953,39040976,2019-05-30,2
11400431,44741621,2019-05-30,2
10631887,35733846,2019-05-30,2
8937551,48229721,2019-05-30,2
12026861,32078558,2019-05-30,2
11813457,39505997,2019-05-30,2
12127633,38060626,2019-05-30,3
11592875,39050110,2019-05-30,2
8760913,7009715,2019-05-30,2
4844637,41277806,2019-05-30,2
10798515,32395233,2019-05-30,3
10490095,47344415,2019-05-31,2
12324655,48307637,2019-06-01,2
10890746,6296160,2019-06-01,2
10361617,31264988,2019-05-30,2
11689867,34912478,2019-05-30,2
11925347,42456577,2019-05-30,2
11454401,35470354,2019-05-29,3
10610537,34343012,2019-05-29,4
11555761,2690913,2019-05-29,3
9277667,3172126,2019-05-29,2
10610537,51831921,2019-05-29,7
4733519,35289134,2019-05-29,2
9751581,31921926,2019-05-29,2
8945829,34909244,2019-05-29,2
10202507,42415840,2019-05-29,2
10964051,34683732,2019-05-29,2
8010821,44570010,2019-05-29,2
8543206,48548011,2019-05-29,2
9420313,46921014,2019-05-29,2
10475269,41866246,2019-05-29,3
11171363,45288084,2019-05-29,2
10681881,37533087,2019-05-29,2
10391871,47952451,2019-05-29,2
9664641,48074731,2019-05-29,2
4944597,4276672,2019-05-29,2
8107281,33190349,2019-05-29,2
11387173,35234760,2019-05-29,3
820183,32358950,2019-05-29,2
4661909,42566053,2019-05-29,2
10597153,46370878,2019-05-29,2
9877105,2032179,2019-05-29,4
10541209,34145470,2019-05-29,2
9061311,31775225,2019-05-29,2
8050581,6537354,2019-05-29,2
5208245,38343319,2019-05-30,2
1104705,43803233,2019-05-29,2
11776513,39013973,2019-05-29,2
9705381,31966583,2019-05-29,2
1049780,35755631,2019-05-29,2
87843,31276752,2019-05-29,2
8367261,38033298,2019-05-29,2
9927253,1295450,2019-05-29,2
493591,51641440,2019-05-29,2
8149575,3735906,2019-05-29,2
4295291,355455,2019-05-29,2
1056307,48229290,2019-05-29,2
11084465,47299376,2019-05-29,2
1088922,43510813,2019-05-29,2
9270849,37301881,2019-05-29,2
4874359,31712038,2019-05-28,2
10919629,5985070,2019-05-28,2
10728305,46088269,2019-05-28,2
10603072,4570575,2019-05-28,2
844767,36263458,2019-05-28,3
561561,31298154,2019-05-28,3
10351971,2379120,2019-05-28,2
10614975,50026079,2019-05-28,2
4376169,37231084,2019-05-28,3
827897,36869057,2019-05-28,3
12508699,50748367,2019-05-28,2
10519397,33005638,2019-05-28,2
1057259,26619859,2019-05-28,2
8286721,46506432,2019-05-28,2
1124249,46394286,2019-05-28,2
11500257,4474604,2019-05-28,2
9057195,32309999,2019-05-28,3
12444523,4780315,2019-05-28,2
11034541,48456940,2019-05-28,2
1086757,48449119,2019-05-28,3
7859677,48076015,2019-05-28,2
4243267,47390654,2019-05-28,2
11123469,44310637,2019-05-29,2
9423981,39615954,2019-05-28,2
12173553,32282794,2019-05-28,2
4802581,6783291,2019-05-28,2
9625497,37838523,2019-05-28,2
277165,6693395,2019-05-28,2
8192583,3284638,2019-05-28,2
332964,50909026,2019-05-28,2
8827676,33998558,2019-05-28,2
10410001,44165314,2019-05-28,3
9728425,33813984,2019-05-28,2
4668685,6549518,2019-05-28,3
840497,46296994,2019-05-28,2
8760493,3255471,2019-05-28,2
4713317,48955664,2019-05-28,2
10614729,39241149,2019-05-28,2
10588515,31249293,2019-05-28,2
9166003,4772498,2019-05-28,2
9964717,31298151,2019-05-28,2
4680067,50602115,2019-05-28,2
11743265,46283042,2019-05-28,2
11767021,4025500,2019-05-28,2
10771302,50771651,2019-05-28,2
10968391,51325962,2019-05-28,2
864745,46481464,2019-05-28,2
9962197,48359844,2019-05-28,2
10095267,37667130,2019-05-28,2
8406321,2595496,2019-05-28,2
9609593,7103776,2019-05-28,2
1085427,37339420,2019-05-28,2
8030323,42695426,2019-05-28,4
4710755,40967281,2019-05-28,2
9930335,438094,2019-05-28,2
9879359,32584896,2019-05-28,2
11758187,44450633,2019-05-28,2
11849845,36511904,2019-05-28,2
4676469,33410739,2019-05-28,2
11117127,42339509,2019-05-28,2
8717415,35557482,2019-05-28,2
9103899,43258068,2019-05-28,2
4903647,7127291,2019-05-28,2
9149077,5794118,2019-05-28,2
10998295,42466588,2019-05-28,2
9673990,40219231,2019-05-28,6
5212557,4552938,2019-05-28,2
11042007,40276034,2019-05-28,2
5065109,46346443,2019-05-28,2
10584441,44294313,2019-05-28,3
8892583,50079916,2019-05-28,2
10091585,43221710,2019-05-28,2
9774037,37614481,2019-05-28,2
7889638,40651619,2019-05-28,3
8585633,50514752,2019-05-28,7
9397535,4919746,2019-05-28,2
4870439,32653423,2019-05-28,2
10776073,46549901,2019-05-28,2
7923111,558346,2019-05-28,2
10553585,2583207,2019-05-28,2
12108957,2848578,2019-05-28,2
12327497,31991199,2019-05-28,2
10956939,46521236,2019-05-28,2
11556279,36942047,2019-05-28,2
11291105,31308592,2019-05-28,2
11664975,37667607,2019-05-28,2
12070797,43503997,2019-05-28,2
10641365,40276011,2019-05-28,2
11997237,33076219,2019-05-28,2
12177921,43155001,2019-05-28,2
10653475,43506699,2019-05-28,2
380975,30561109,2019-05-28,2
8096109,36296332,2019-05-28,2
11975285,36398241,2019-05-29,2
9367505,39043924,2019-05-28,2
11773377,40265147,2019-05-28,2
10343669,1068805,2019-05-27,3
9104179,49921066,2019-05-27,2
11148627,43488886,2019-05-27,2
9911237,34853374,2019-05-27,3
12070205,1751385,2019-05-27,3
11057697,44042998,2019-05-27,2
854231,33868730,2019-05-27,2
11201827,36887907,2019-05-27,2
449561,6296161,2019-05-27,2
12364317,6896403,2019-05-27,2
12475855,7036103,2019-05-27,4
9657459,31737186,2019-05-27,2
11898705,36545277,2019-05-27,2
11933128,47853249,2019-05-27,3
12351381,31296869,2019-05-27,3
11315675,46475653,2019-05-27,2
11349611,40262308,2019-05-27,2
12043283,47864485,2019-05-27,2
11130581,36485426,2019-05-27,2
8980181,4316003,2019-05-27,2
11232809,50416668,2019-05-27,2
10794595,47957763,2019-05-27,2
11320127,51087229,2019-05-27,2
10184923,40428551,2019-05-27,2
10881409,36898328,2019-05-27,2
11560031,47377885,2019-05-27,2
873887,2026122,2019-05-27,2
9923515,35432381,2019-05-27,2
10759287,156608,2019-05-27,2
11950253,33333841,2019-05-27,2
10761228,34707274,2019-05-27,2
9074821,36534317,2019-05-27,5
10325805,42624931,2019-05-27,2
4230989,3282032,2019-05-27,2
7982975,37749000,2019-05-27,2
5290201,173440,2019-05-27,2
4773601,40774766,2019-05-27,3
12135375,48598431,2019-05-27,2
9743391,34548648,2019-05-27,2
11943621,41186372,2019-05-27,2
9840509,46272726,2019-05-27,2
11616591,42120341,2019-05-27,3
10405213,5778187,2019-05-27,2
11702448,33091396,2019-05-27,3
10876047,34424388,2019-05-27,2
11346965,35625461,2019-05-27,2
10794707,32193425,2019-05-27,2
11386795,32329369,2019-05-27,2
11028087,40293799,2019-05-27,2
11992435,44471280,2019-05-27,2
10078999,34093155,2019-05-27,3
11444573,34985914,2019-05-27,2
11072719,38127333,2019-05-27,2
11667847,48799627,2019-05-27,2
9541819,3340765,2019-05-27,2
12375209,45281816,2019-05-27,2
10053589,47005302,2019-05-27,3
11002103,36435060,2019-05-27,3
10620519,42280476,2019-05-27,2
4164279,6682418,2019-05-27,2
10042669,6029435,2019-05-27,2
12220985,43532127,2019-05-27,2
10711967,41913693,2019-05-27,4
11536987,32151680,2019-05-27,2
10297119,3901904,2019-05-27,2
1085609,4836530,2019-05-27,2
11066153,39750018,2019-05-27,2
11187309,42881841,2019-05-27,2
8501255,31223027,2019-05-27,2
11082477,38638759,2019-05-27,2
828289,47086276,2019-05-27,2
4791633,6391604,2019-05-27,2
11675433,46792635,2019-05-27,2
10942701,46304670,2019-05-27,2
12410433,50376778,2019-05-27,2
4736613,32879191,2019-05-27,2
5020757,6590770,2019-05-27,2
5163431,48814089,2019-05-27,2
11208365,35042075,2019-05-27,2
10093643,31632755,2019-05-27,2
1088255,49162514,2019-05-27,2
4761407,44700993,2019-05-27,2
12488939,47985629,2019-05-27,2
10985275,3466380,2019-05-27,2
10342656,1008436,2019-05-27,2
10924081,31578176,2019-05-27,2
579299,35616441,2019-05-27,2
11769639,31906880,2019-05-27,2
8912211,3597752,2019-05-27,2
12319181,32283598,2019-05-27,2
9021565,40153668,2019-05-27,2
12264497,3763676,2019-05-27,2
5016431,35080946,2019-05-27,2
11285225,39429759,2019-05-27,3
8108849,47704965,2019-05-27,2
10815385,36289070,2019-05-27,2
12086361,35491300,2019-05-27,2
10634183,2523398,2019-05-27,2
12211983,34250048,2019-05-27,2
10730741,38765699,2019-05-27,2
488817,43332766,2019-05-27,2
12138105,7000759,2019-05-27,2
4898439,44472163,2019-05-27,2
10432695,44184492,2019-05-27,2
11246753,33916868,2019-05-27,2
9079385,42622430,2019-05-27,2
249837,5773689,2019-05-27,2
4855417,2415085,2019-05-27,2
9370795,46165070,2019-05-27,2
11553423,51173038,2019-05-27,2
10443783,6638151,2019-05-27,2
11624627,31838746,2019-05-27,2
9781275,43548228,2019-05-27,2
9197461,35238706,2019-05-27,2
10080763,34544566,2019-05-27,2
12367229,50073515,2019-05-27,2
10394153,47939173,2019-05-27,2
1071035,7047323,2019-05-27,2
9615655,47120871,2019-05-27,2
10055899,46431355,2019-05-27,2
10359321,7144923,2019-05-27,2
194579,35606228,2019-05-27,2
9724505,34936403,2019-05-27,2
1122961,3542000,2019-05-27,2
9024463,32887155,2019-05-27,2
9496179,6896392,2019-05-27,2
8970521,33140033,2019-05-27,2
10117611,35753443,2019-05-27,2
12295857,25593309,2019-05-26,2
4697147,32960004,2019-05-26,2
9425675,3489081,2019-05-26,2
9789969,32027794,2019-05-26,2
9317119,1008436,2019-05-27,3
4340978,37145753,2019-05-27,2
843983,36682160,2019-05-27,2
9162755,44596163,2019-05-27,2
48447,31517256,2019-05-27,2
8742573,32988462,2019-05-27,2
4687165,4659951,2019-05-27,2
290255,31474149,2019-05-27,2
9201829,34504448,2019-05-27,2
10947475,40276058,2019-05-27,2
7922033,36402096,2019-05-27,2
4797737,3704365,2019-05-27,2
11092081,1069960,2019-05-26,2
10458161,37285334,2019-05-26,3
5123097,37738021,2019-05-27,2
10605819,46627730,2019-05-27,2
290983,37221868,2019-05-26,2
4765747,42614538,2019-05-26,2
5146617,32202928,2019-05-26,2
8794835,31168273,2019-05-26,2
9918811,4050478,2019-05-26,2
4668461,36904549,2019-05-26,2
8332107,50743820,2019-05-26,2
4303929,39926490,2019-05-26,2
9743335,3253486,2019-05-26,2
8636635,31816789,2019-05-26,2
876043,5808221,2019-05-26,2
12007513,51421237,2019-05-26,2
11522133,1008343,2019-05-26,2
9911615,31871057,2019-05-26,2
9459457,45995862,2019-05-27,2
8022231,34611954,2019-05-27,2
8250781,4367346,2019-05-27,2
8988035,33028883,2019-05-27,2
248843,3939601,2019-05-26,2
10364921,47440132,2019-05-26,2
8980335,101086,2019-05-26,2
8878555,37206782,2019-05-26,2
824705,46916949,2019-05-26,2
8328761,146857,2019-05-26,2
5265015,39340965,2019-05-26,2
9796983,31225976,2019-05-26,2
11116413,43279538,2019-05-26,2
5120521,34807224,2019-05-26,2
836870,47745765,2019-05-26,2
10976833,36877232,2019-05-26,2
8561161,42105793,2019-05-26,4
12478179,41697824,2019-05-26,3
4666977,6636355,2019-05-26,2
4657429,11742359,2019-05-26,2
8134890,44588465,2019-05-26,2
10688041,35168766,2019-05-26,2
10227077,47062762,2019-05-26,2
5050787,4617345,2019-05-26,2
8038947,6979844,2019-05-26,2
537173,41875608,2019-05-26,2
10840011,1069664,2019-05-26,2
8825005,34732051,2019-05-26,2
4836013,44747295,2019-05-26,2
9161033,34467645,2019-05-26,2
4954719,45192866,2019-05-26,2
4208239,3735903,2019-05-27,2
7903525,46453298,2019-05-27,2
10216507,48798563,2019-05-27,2
10352363,37244082,2019-05-27,2
11640825,43510983,2019-05-27,2
11737047,47215304,2019-05-26,2
8751365,48501966,2019-05-26,2
12471389,6280997,2019-05-26,2
12265071,34968764,2019-05-26,2
10581725,42138282,2019-05-26,2
10910151,43468545,2019-05-26,4
12153687,32098882,2019-05-26,2
8012501,42944026,2019-05-26,3
9661463,35406479,2019-05-26,2
10397024,48072551,2019-05-26,2
11768239,48833859,2019-05-26,2
11602507,35343962,2019-05-26,4
12495007,42494789,2019-05-26,2
868343,3989601,2019-05-26,2
11554291,35892406,2019-05-26,2
11888457,7103581,2019-05-26,2
9932895,7154380,2019-05-26,2
11606371,39709118,2019-05-26,2
579593,49462893,2019-05-26,2
12007513,36417815,2019-05-26,3
10548881,38509725,2019-05-26,3
11946627,33873318,2019-05-26,2
1126223,31081439,2019-05-26,2
11484095,43524724,2019-05-26,2
7956109,46887357,2019-05-26,3
10463215,47872897,2019-05-26,2
11110351,6411072,2019-05-26,2
12239815,46862924,2019-05-26,2
5110049,44484483,2019-05-26,2
10145023,36856566,2019-05-26,2
11424707,44805180,2019-05-26,2
9196509,47627803,2019-05-26,2
10955805,3401510,2019-05-26,2
12374901,35267082,2019-05-26,2
5044585,37232798,2019-05-26,2
11442585,40776911,2019-05-26,2
12426841,1953398,2019-05-26,2
9096390,42567302,2019-05-26,2
11688999,33028208,2019-05-26,2
4940481,2342407,2019-05-26,2
10982825,12726709,2019-05-26,2
12020351,42695504,2019-05-26,2
11309879,32915026,2019-05-26,2
11408845,35469135,2019-05-26,2
10442523,6931260,2019-05-26,2
10159275,32193659,2019-05-26,2
9854398,44744303,2019-05-26,2
12199271,4909535,2019-05-26,2
452795,43757870,2019-05-26,3
10655351,46023228,2019-05-26,2
12158881,42659641,2019-05-26,2
12311831,36518121,2019-05-26,4
11629023,43457693,2019-05-26,2
11786943,33056893,2019-05-26,2
10088505,38074854,2019-05-26,2
867349,47478745,2019-05-26,2
11195947,47930583,2019-05-26,2
11731951,34235637,2019-05-26,2
10863503,48222316,2019-05-26,2
8055481,32241530,2019-05-26,2
11232165,31247885,2019-05-26,2
5036801,53238,2019-05-26,3
12467919,4367617,2019-05-26,2
10153913,50728715,2019-05-26,2
11585595,31274129,2019-05-26,2
12473951,35134821,2019-05-26,2
12173399,32055878,2019-05-26,2
11699317,32079069,2019-05-26,2
11263875,6190983,2019-05-26,2
12349365,37405916,2019-05-26,2
10032533,4460703,2019-05-26,4
11837203,42602971,2019-05-26,2
12511905,38034728,2019-05-26,3
12054777,4132844,2019-05-26,3
5258650,1207259,2019-05-26,2
11260095,48025913,2019-05-26,2
11204389,35679648,2019-05-26,2
4855235,42671309,2019-05-26,2
12114263,33858679,2019-05-25,2
11335779,3675585,2019-05-25,2
11242329,47107285,2019-05-25,2
11571455,36296332,2019-05-25,2
10674265,4661104,2019-05-25,3
11252297,46240521,2019-05-25,2
10759735,33527950,2019-05-25,3
9989497,36802810,2019-05-25,2
8136135,7141684,2019-05-25,2
10660097,47750473,2019-05-26,2
4294409,42695372,2019-05-26,2
8039409,39696016,2019-05-26,2
4642351,40591736,2019-05-26,2
12196527,7075921,2019-05-26,2
452795,47058415,2019-05-26,2
11723397,44742767,2019-05-25,2
10719359,34532397,2019-05-26,2
11620777,36254072,2019-05-26,2
12026945,35305806,2019-05-26,2
11018749,46130148,2019-05-26,2
11456683,4780625,2019-05-26,2
11215603,46065345,2019-05-26,2
11447177,41659818,2019-05-25,2
11346153,31160380,2019-05-25,2
10318609,2585577,2019-05-25,2
11252591,40485246,2019-05-25,2
10185875,44336752,2019-05-25,2
8633863,50770682,2019-05-26,2
11373761,46401919,2019-05-25,2
9779637,44131003,2019-05-25,2
11402825,37716002,2019-05-25,2
10940223,39774713,2019-05-26,2
12140933,51028256,2019-05-26,2
9310483,6896803,2019-05-26,2
9435041,31160978,2019-05-26,2
10492993,44290069,2019-05-26,2
8466199,6256840,2019-05-25,2
4880897,6806733,2019-05-25,2
9771559,35588955,2019-05-25,3
1124543,32640519,2019-05-25,2
9444113,40512295,2019-05-27,2
11217969,46252692,2019-05-27,2
9698731,35134963,2019-05-27,2
9474451,32590742,2019-05-27,2
9938635,2573715,2019-05-25,2
9133915,40575423,2019-05-25,2
156205,7035620,2019-05-25,2
8419915,7026229,2019-05-25,2
9958361,47592357,2019-05-25,2
9988825,39916664,2019-05-25,2
4999099,42403563,2019-05-25,2
9281853,713995,2019-05-25,2
10848817,33334128,2019-05-25,2
8265005,4011203,2019-05-25,2
10158743,42804691,2019-05-25,2
9502857,41884885,2019-05-25,2
845677,47314718,2019-05-25,2
10036817,31611215,2019-05-25,3
652925,49095264,2019-05-25,3
8446977,45637553,2019-05-25,2
8455475,33826378,2019-05-25,2
10269665,43468642,2019-05-25,2
8023701,46301938,2019-05-25,2
4309767,6300991,2019-05-25,2
8741357,37309993,2019-05-25,2
10329179,1263120,2019-05-25,2
8772379,3036232,2019-05-25,2
11692391,32970068,2019-05-25,2
10307161,35134963,2019-05-25,2
9599121,50602161,2019-05-25,2
9009399,33712505,2019-05-25,2
8482621,50602118,2019-05-25,3
9573893,36922347,2019-05-25,2
833903,34244790,2019-05-25,2
8809381,36354228,2019-05-25,2
11467615,34473666,2019-05-25,2
4350199,7155818,2019-05-25,2
12343471,46939597,2019-05-25,2
54215,2573745,2019-05-25,2
54215,35863689,2019-05-25,2
9166773,35188772,2019-05-25,2
4811793,46159421,2019-06-16,2
11422215,50711152,2019-06-16,2
10497907,4033617,2019-06-16,2
10488877,41632914,2019-06-16,3
9163035,50184024,2019-06-16,2
11921455,48084134,2019-06-16,2
4713056,31342134,2019-06-16,2
10025589,2573579,2019-06-16,2
673841,2582192,2019-06-16,2
4784591,39761024,2019-06-16,2
11420227,33649803,2019-06-16,2
10089195,4746276,2019-06-16,2
9698465,31516269,2019-06-16,4
11448101,35540899,2019-06-16,2
4776821,35429146,2019-06-16,2
197328,43138854,2019-06-16,2
738325,5213601,2019-06-16,2
4713429,6477004,2019-06-16,2
4987871,38781622,2019-06-16,2
870681,40452386,2019-06-16,2
11855487,49744783,2019-06-16,2
10353385,48963095,2019-06-16,2
12512731,34432818,2019-06-15,2
5270741,52515200,2019-06-16,2
5060349,53622909,2019-06-15,2
9869531,42382405,2019-06-15,2
863586,4904749,2019-06-15,2
8989505,34415088,2019-06-15,2
9573095,43873315,2019-06-15,2
8895621,41505393,2019-06-15,2
9676037,32335350,2019-06-15,4
8406699,2580509,2019-06-15,2
4306057,34770906,2019-06-15,2
4354259,6055152,2019-06-15,2
11931269,42008299,2019-06-15,2
9603139,3949764,2019-06-15,2
824327,44616562,2019-06-15,2
1034551,43340357,2019-06-15,3
4664247,34244779,2019-06-15,2
4664065,43355749,2019-06-15,2
4654461,36788551,2019-06-15,2
10388371,25134259,2019-06-15,5
12087985,50127865,2019-06-15,2
10185259,4519368,2019-06-15,2
5297761,42512860,2019-06-15,2
8893661,40316477,2019-06-15,2
10413179,2480140,2019-06-15,2
10256449,31717234,2019-06-15,2
9604903,3573268,2019-06-15,2
9646203,44808832,2019-06-15,2
12508769,37452269,2019-06-15,3
9406999,48875493,2019-06-15,2
11659151,48529652,2019-06-15,2
9067470,50303557,2019-06-15,2
11082827,4643611,2019-06-15,2
4967697,54253465,2019-06-15,2
9932699,33445420,2019-06-15,2
10222121,39195675,2019-06-15,2
8420923,665199,2019-06-15,3
9137149,50932114,2019-06-15,2
9083712,2667672,2019-06-15,2
828499,4972735,2019-06-15,2
12051893,48754907,2019-06-15,2
10896277,7149684,2019-06-16,2
850129,32089192,2019-06-15,2
12009739,36983897,2019-06-15,2
10153829,6814705,2019-06-15,2
10816015,260796,2019-06-15,2
10356857,7145714,2019-06-15,2
11467267,33828170,2019-06-15,2
10987585,40381348,2019-06-15,2
10204439,41733111,2019-06-15,2
11957155,47215847,2019-06-15,2
11877145,40070157,2019-06-15,2
10178105,38675187,2019-06-15,2
11535699,31688664,2019-06-15,2
10878413,33745199,2019-06-15,2
9982735,51413941,2019-06-15,2
11406759,7587271,2019-06-15,2
9940802,44272084,2019-06-14,4
12454463,36765107,2019-06-14,2
8033683,4828305,2019-06-14,2
8652875,40276058,2019-06-14,2
10084753,47931242,2019-06-14,2
8542989,35666288,2019-06-14,2
11082519,6756652,2019-06-15,2
11277133,53582375,2019-06-15,2
9603349,42695403,2019-06-14,2
12295073,35168764,2019-06-14,2
10299625,47739821,2019-06-14,3
10799621,36865953,2019-06-14,2
8430835,49538825,2019-06-14,2
9629025,35130546,2019-06-14,2
12066439,6743517,2019-06-14,2
847791,47150040,2019-06-14,2
228823,52312255,2019-06-14,2
10887107,33611275,2019-06-14,2
11903955,159134,2019-06-14,3
10957429,41718699,2019-06-14,3
9951597,32590279,2019-06-14,2
5227285,34319868,2019-06-14,2
12398939,42739787,2019-06-14,2
4241307,40770004,2019-06-14,2
8274623,5937858,2019-06-14,2
11020233,45193361,2019-06-14,2
5284601,6716694,2019-06-14,2
8449581,3992176,2019-06-14,2
10833109,46736309,2019-06-14,2
10644067,39936587,2019-06-14,2
10644067,36959226,2019-06-14,2
1113665,46726815,2019-06-14,2
11950421,52638855,2019-06-14,2
10973907,35752847,2019-06-14,2
11164727,37861909,2019-06-14,2
11440499,37043787,2019-06-14,2
12257343,37967578,2019-06-14,2
11312105,52821408,2019-06-14,2
12118015,43809581,2019-06-14,2
4733323,49541237,2019-06-14,2
10543519,45726394,2019-06-14,2
10634659,50787947,2019-06-14,2
10302047,48030327,2019-06-14,2
8957025,39838002,2019-06-14,2
10301809,3633997,2019-06-14,2
8075837,37989359,2019-06-14,2
11544071,3735903,2019-06-14,2
11505529,43773547,2019-06-14,2
11315929,33455748,2019-06-14,2
363111,7158860,2019-06-14,2
11218585,6032005,2019-06-14,2
12300729,39764134,2019-06-14,2
8495067,42742253,2019-06-14,2
9868649,49510352,2019-06-14,2
10234385,3485790,2019-06-14,2
9689547,48225963,2019-06-14,2
8268099,36433493,2019-06-14,2
12503715,45719981,2019-06-14,2
10710035,35722328,2019-06-14,2
11134361,40966446,2019-06-14,2
12472285,6632112,2019-06-14,2
10460807,47047636,2019-06-13,2
11138673,14275059,2019-06-13,3
10294851,33306574,2019-06-13,2
10822791,6493606,2019-06-13,2
810747,39664781,2019-06-13,2
4314695,32703460,2019-06-13,2
11111177,31546667,2019-06-13,2
12149655,49160202,2019-06-13,3
4812255,4661992,2019-06-14,2
8902151,37754439,2019-06-13,2
9528420,50813676,2019-06-13,2
9528420,2092248,2019-06-13,2
10439331,32054773,2019-06-13,3
823725,40510918,2019-06-13,2
10097927,50942106,2019-06-13,2
9896271,31516269,2019-06-13,2
10989783,31161647,2019-06-13,2
11125737,43840163,2019-06-13,2
11642155,32724299,2019-06-13,2
10312813,321309,2019-06-13,2
10504235,32179162,2019-06-13,2
12507255,40988229,2019-06-13,2
8012501,6821980,2019-06-13,2
5192677,46067583,2019-06-13,2
12016165,53550559,2019-06-13,2
11627105,47733412,2019-06-13,2
11335212,32099678,2019-06-13,3
11636989,35319971,2019-06-13,2
8943025,2118283,2019-06-12,2
8431731,48018504,2019-06-13,2
11041849,48468006,2019-06-12,2
10566773,42406537,2019-06-12,2
4666865,31523533,2019-06-12,2
5214545,46286574,2019-06-13,2
11849173,44839257,2019-06-12,2
11349737,43306649,2019-06-12,3
11349737,48923620,2019-06-12,2
11680235,39664791,2019-06-12,2
10033191,44764718,2019-06-12,2
11315689,47007182,2019-06-12,2
11860023,34912845,2019-06-12,2
10473659,32242550,2019-06-12,2
9038071,43377463,2019-06-12,2
10957399,3750593,2019-06-12,2
4777675,6045530,2019-06-12,2
8722707,35221896,2019-06-12,2
11844357,45969168,2019-06-12,2
11170537,46234841,2019-06-12,2
8382255,43873689,2019-06-12,2
10618181,48230911,2019-06-12,2
12085353,32743687,2019-06-12,3
11157265,46280552,2019-06-12,3
4781833,33924155,2019-06-12,2
12113549,39274956,2019-06-12,2
12053783,50317145,2019-06-12,3
4746357,35509246,2019-06-12,2
10810233,34711015,2019-06-12,3
11914035,3616115,2019-06-12,2
9339589,46656389,2019-06-12,2
12350821,2516939,2019-06-12,2
8819769,44575889,2019-06-12,2
8912981,35173061,2019-06-12,2
10838517,49267348,2019-06-12,2
11880057,53620941,2019-06-12,2
4307639,50600656,2019-06-12,2
4956175,32717530,2019-06-12,4
10431057,34335671,2019-06-12,2
11543287,39730809,2019-06-12,2
9105061,31060407,2019-06-12,2
8158647,46185001,2019-06-11,2
10295635,1069705,2019-06-11,2
9708097,2710370,2019-06-11,2
4687711,49218301,2019-06-11,2
10602557,48619819,2019-06-12,3
9383955,45733829,2019-06-12,4
12510043,2119551,2019-06-12,2
544004,31929332,2019-06-11,2
11324915,2302223,2019-06-11,2
1072589,42750285,2019-06-11,2
8763559,43524799,2019-06-11,2
9192589,38057915,2019-06-11,2
10436545,50595983,2019-06-11,2
8636677,34732104,2019-06-12,2
9730623,45995863,2019-06-12,3
51751,5891689,2019-06-12,2
11793817,6471122,2019-06-11,2
10464909,46475304,2019-06-11,2
9760345,35908115,2019-06-11,2
8224615,33277808,2019-06-11,2
1110963,35166317,2019-06-11,2
9829379,50810900,2019-06-11,2
11906293,40276011,2019-06-11,2
14309,46234376,2019-06-12,2
9447221,1197450,2019-06-11,2
815151,42724307,2019-06-11,2
857367,31439505,2019-06-11,2
5098115,25700159,2019-06-11,2
841925,31380675,2019-06-11,2
9065791,350087,2019-06-11,6
10323131,5742542,2019-06-11,2
9516437,3967933,2019-06-11,2
11807285,47939139,2019-06-11,2
1111859,41693956,2019-06-11,2
11325111,43255852,2019-06-11,2
11267837,32317438,2019-06-11,3
10855817,33918132,2019-06-11,3
4850335,6295368,2019-06-11,2
814443,52408825,2019-06-11,2
11948667,584255,2019-06-11,2
9883979,38050317,2019-06-11,2
11228679,5777659,2019-06-11,2
8754417,50903895,2019-06-11,2
10038973,31163490,2019-06-11,2
10567515,42655468,2019-06-11,3
4338593,3567611,2019-06-11,4
10725239,6953117,2019-06-11,3
12299665,40192368,2019-06-11,2
9597273,32367421,2019-06-11,2
8272271,38930333,2019-06-11,2
10222135,34981683,2019-06-11,2
9262547,48965554,2019-06-11,2
11922995,43524799,2019-06-11,2
10932453,50842548,2019-06-11,2
5071283,35206530,2019-06-11,3
10592253,42746271,2019-06-11,2
4370374,43861979,2019-06-11,2
4248335,110731,2019-06-11,2
10311371,6026906,2019-06-11,2
4789561,33124098,2019-06-11,2
8966643,34350040,2019-06-11,2
27083,239691,2019-06-12,2
4352145,38778802,2019-06-11,2
10268629,47498748,2019-06-11,2
4876081,4316655,2019-06-10,2
438333,42887542,2019-06-11,2
12318089,32241630,2019-06-10,6
1116549,1995484,2019-06-10,2
9277779,6699532,2019-06-10,2
8182587,43518444,2019-06-10,2
9593227,1124287,2019-06-10,4
5175471,31225974,2019-06-10,2
5151979,4236814,2019-06-10,2
180075,38509598,2019-06-10,2
4377135,48319943,2019-06-10,2
842779,31511822,2019-06-10,2
8288945,193001,2019-06-10,2
9099335,6896816,2019-06-10,2
9727431,46986997,2019-06-10,2
4672283,2544370,2019-06-10,2
9153417,34205988,2019-06-10,2
1108653,31298106,2019-06-10,2
7936579,40377934,2019-06-10,2
9682253,47159001,2019-06-10,2
9396072,43708366,2019-06-10,3
9162636,42512085,2019-06-10,2
10167227,32317060,2019-06-10,5
330575,729554,2019-06-10,2
8897945,34410056,2019-06-10,2
11312637,35543900,2019-06-10,2
10563510,4522789,2019-06-10,2
12064157,47866714,2019-06-10,2
8267021,47856146,2019-06-10,2
11300933,44817325,2019-06-10,2
10701145,42758194,2019-06-10,2
8264277,41684406,2019-06-10,2
10069871,47120966,2019-06-10,2
8223397,3623182,2019-06-10,2
10982223,31676585,2019-06-10,2
8708777,51043869,2019-06-10,2
5068161,44629915,2019-06-10,3
9745967,46280573,2019-06-10,2
8014867,42921232,2019-06-10,2
9882733,39328149,2019-06-10,2
8582973,39002820,2019-06-10,2
11187897,44606894,2019-06-10,2
9528071,4661031,2019-06-10,2
8393181,42921231,2019-06-10,2
4234629,37575721,2019-06-10,2
10365411,50317141,2019-06-10,2
9528071,40189771,2019-06-10,2
8915109,34877878,2019-06-10,2
4349793,31994148,2019-06-10,2
8643434,6903087,2019-06-10,2
8033991,14192659,2019-06-10,2
10730335,52105972,2019-06-10,2
11595815,39608405,2019-06-10,2
11894724,32054292,2019-06-10,2
10895759,50050722,2019-06-10,2
11116973,49223986,2019-06-10,2
12166091,49109082,2019-06-10,2
12458677,43257979,2019-06-11,2
12299312,46651260,2019-06-11,2
12032811,2023888,2019-06-11,2
10902661,49378356,2019-06-11,2
8520169,35540679,2019-06-11,2
11161238,2954060,2019-06-10,3
10390919,31556485,2019-06-10,2
12468225,6531649,2019-06-10,2
12047833,3766390,2019-06-10,2
10257631,35133963,2019-06-10,2
9557611,85550,2019-06-10,2
11859127,33906448,2019-06-10,2
10133837,3786810,2019-06-10,2
11279826,36353678,2019-06-09,2
10390051,50355214,2019-06-10,2
8397403,45790852,2019-06-10,2
11990153,39543957,2019-06-09,3
11477949,51108806,2019-06-09,2
11757137,48298418,2019-06-09,3
11697203,7105676,2019-06-10,2
11255097,3375679,2019-06-10,2
9501065,4368330,2019-06-10,2
11518563,31060453,2019-06-09,2
11407697,35134963,2019-06-11,2
880061,52993217,2019-06-11,2
12494055,35034417,2019-06-10,2
10103359,46639586,2019-06-10,2
11354707,40797011,2019-06-11,2
10463691,49153353,2019-06-09,2
11978617,33033623,2019-06-09,2
12141255,50317669,2019-06-09,2
5049429,42459286,2019-06-09,2
9214107,34363427,2019-06-10,2
11538303,44615413,2019-06-09,2
9854845,51420509,2019-06-09,2
10500749,51645774,2019-06-09,2
10892945,42110591,2019-06-09,2
11051327,41055992,2019-06-09,2
11995319,48307601,2019-06-09,2
10560991,48347864,2019-06-09,2
11186413,7127055,2019-06-09,2
10574389,46275901,2019-06-09,2
627823,37283291,2019-06-09,3
11875297,52204807,2019-06-09,2
8843303,4040369,2019-06-09,2
9846389,34544566,2019-06-09,2
10509709,34955863,2019-06-09,2
11956469,51797669,2019-06-09,2
5045607,35484560,2019-05-31,2
11645487,4733376,2019-05-31,2
8592843,34247816,2019-05-31,2
311689,6411072,2019-05-31,2
10429713,31450303,2019-05-31,2
11762149,7115926,2019-05-31,2
12213523,45194543,2019-05-31,2
4268383,46478611,2019-05-31,2
10455599,3660451,2019-05-31,2
4751817,32322419,2019-05-31,2
10723867,36597514,2019-05-31,2
11807873,31713669,2019-05-31,2
551355,6275588,2019-05-31,2
11576187,4533505,2019-05-31,3
4885965,3329336,2019-05-31,2
12456689,6638188,2019-05-31,2
9751637,44749851,2019-05-31,2
1043455,31539253,2019-05-31,2
10887331,32401286,2019-05-31,2
11115895,32239828,2019-05-31,2
8954673,42760757,2019-05-31,3
10934175,32229818,2019-05-31,2
11504787,33200807,2019-05-31,2
4687599,2277168,2019-05-31,2
11217899,34661645,2019-05-31,2
11766573,2543802,2019-05-31,2
1115289,31619873,2019-05-31,2
10762493,46288052,2019-05-30,2
12132687,51559206,2019-05-30,2
10065027,35628157,2019-06-01,2
11726169,40275998,2019-06-01,2
11372585,6930687,2019-05-30,2
11228609,46481487,2019-05-31,2
8774089,40654507,2019-05-31,2
1130605,46300673,2019-05-30,2
4977609,36545164,2019-05-30,2
10727787,44637911,2019-05-30,2
10201597,4695836,2019-05-30,2
10331909,31715882,2019-05-30,2
1053269,4702768,2019-05-30,2
9574481,46904192,2019-05-30,2
9189999,35248304,2019-05-30,2
9218909,47227913,2019-05-30,2
12091051,2696608,2019-05-30,2
10268783,50451904,2019-05-30,2
12032433,47143131,2019-05-30,2
9604679,2119360,2019-05-30,2
9951991,42714422,2019-05-30,5
12132253,5915915,2019-05-30,3
10610719,37635890,2019-05-30,2
1077979,2507296,2019-05-30,2
9973845,48335081,2019-05-30,2
9520035,43532127,2019-05-30,2
9312905,35887265,2019-05-30,2
10063557,40507756,2019-05-30,2
4328569,31290352,2019-05-30,2
11915337,34177265,2019-05-30,2
9995433,35355916,2019-05-30,2
9873759,6986002,2019-05-30,2
12385933,4359147,2019-05-30,2
10138541,40985297,2019-06-01,2
239057,44612391,2019-06-01,2
11043403,45569411,2019-06-01,2
12214545,34018126,2019-05-30,2
4985519,34438834,2019-05-30,2
11281459,46981182,2019-05-30,3
8228815,38411109,2019-05-30,2
8638105,36898940,2019-05-30,2
11197277,32401531,2019-05-29,2
12234411,47161220,2019-05-29,2
10157805,39300327,2019-05-29,2
8944915,34576335,2019-05-29,3
4927195,43855557,2019-05-29,2
9573207,31516269,2019-05-29,2
10543729,34315678,2019-05-29,2
9595691,2379247,2019-05-30,4
11002453,46417467,2019-05-29,2
10773427,31574977,2019-05-29,2
9337503,40315222,2019-05-29,5
9031379,39828909,2019-05-29,4
8556331,34907559,2019-05-29,2
10629563,50135172,2019-05-29,2
10171889,31994873,2019-05-29,2
10047415,34396019,2019-05-29,2
840077,6537354,2019-05-29,2
12305279,35499363,2019-05-29,2
10441963,4215003,2019-05-29,2
4628295,2488755,2019-05-29,2
8403199,44747655,2019-05-29,2
12373407,16763509,2019-05-29,2
11103057,1816759,2019-05-29,2
8502095,2677833,2019-05-29,2
9041109,47634493,2019-05-29,2
12434275,34565547,2019-05-30,2
10292135,42887876,2019-05-29,3
4162053,31807325,2019-05-29,3
10357459,34886765,2019-05-29,3
10570847,47552013,2019-05-29,2
5076967,51751037,2019-05-29,2
9188487,2223978,2019-05-29,2
12307365,37374271,2019-05-29,2
9562959,49338600,2019-05-29,2
493591,46781550,2019-05-29,2
9663143,50099331,2019-05-29,2
4317285,38968298,2019-05-29,2
10978989,41140295,2019-05-29,2
4697511,35248427,2019-05-29,2
9484503,41268594,2019-05-29,2
9484503,44223894,2019-05-29,2
10820677,34913531,2019-05-28,2
5137741,35628131,2019-05-28,2
4859423,31516269,2019-05-28,2
11205607,36326322,2019-05-29,2
8266293,6194475,2019-05-28,3
4859423,34727100,2019-05-28,2
4185895,34108867,2019-05-28,2
1121057,48936217,2019-05-28,4
8040599,33039212,2019-05-28,6
12300855,3985534,2019-05-28,5
8813609,4936185,2019-05-28,2
9964045,4423829,2019-05-28,4
568631,37632806,2019-05-28,2
9499259,42698334,2019-05-28,2
8209887,6579968,2019-05-28,3
10566913,44270583,2019-05-28,3
9405011,4519364,2019-05-28,2
221515,31272328,2019-05-28,2
824621,32020221,2019-05-28,3
4290349,40651620,2019-05-28,2
9587011,53093,2019-05-28,3
10893052,45291264,2019-05-28,2
9056075,31276869,2019-05-28,2
8671523,3415401,2019-05-28,2
11052937,43486730,2019-05-28,2
5057339,35404898,2019-05-28,2
10776899,48798948,2019-05-28,2
4626265,3305857,2019-05-28,2
11987115,49519343,2019-05-28,2
12451789,34844527,2019-05-28,3
10938165,33655813,2019-05-28,2
12482519,6533530,2019-05-28,2
10004911,3078778,2019-05-28,2
9755249,368558,2019-05-28,2
8896021,34913531,2019-05-28,2
8909705,4473362,2019-05-28,2
10841089,410840,2019-05-28,2
12503477,48189076,2019-05-28,2
10485937,39247294,2019-05-28,2
871605,38883653,2019-05-28,2
8877869,31298095,2019-05-28,2
11089239,42572213,2019-05-28,2
12488623,40664206,2019-05-28,2
9265193,37181486,2019-05-28,2
9859983,31254762,2019-05-28,2
10774127,42054809,2019-05-28,2
569807,42656227,2019-05-28,2
11112619,49261258,2019-05-28,2
8582399,43873689,2019-05-28,2
8759723,46200701,2019-05-28,2
10700571,42712498,2019-05-28,2
8915683,49237141,2019-05-28,2
11370037,40276034,2019-05-28,2
4688355,3443721,2019-05-28,2
10265773,3320807,2019-05-28,2
10179883,49622984,2019-05-28,2
5084317,31516269,2019-05-28,2
4198411,1207393,2019-05-28,2
8591653,46705490,2019-05-28,2
4958597,40275998,2019-05-28,2
10284631,39193638,2019-05-28,2
8523809,6349963,2019-05-28,2
5083477,43916238,2019-05-28,2
5255845,46008250,2019-05-28,2
4638459,46211255,2019-05-28,2
8978235,42197642,2019-05-28,2
4843335,44326398,2019-05-28,3
7868917,36433289,2019-05-28,2
9149595,35641401,2019-05-28,2
5025769,49550986,2019-05-28,2
9129477,34919344,2019-05-28,4
9261441,50900566,2019-05-28,2
10341135,31704053,2019-05-28,2
9316223,45637581,2019-05-28,2
8751757,40597564,2019-05-28,2
10898671,31447490,2019-05-28,2
10489227,3169389,2019-05-28,2
9410135,37567190,2019-05-28,3
4737691,38900210,2019-05-28,2
10109183,31290348,2019-05-28,3
4317747,33201097,2019-05-28,2
136493,7087297,2019-05-28,2
10386733,6019666,2019-05-28,2
12486971,47380218,2019-05-28,2
11951919,36367669,2019-05-28,2
10864315,34635102,2019-05-28,5
11547200,50449419,2019-05-28,2
10241903,46025868,2019-05-28,2
10710959,31651829,2019-05-28,2
11449655,37072652,2019-05-28,2
12184321,14838459,2019-05-28,3
12351395,42882267,2019-05-28,3
12241523,39761965,2019-05-28,2
10941329,3427040,2019-05-28,2
12170949,41880635,2019-05-28,2
9464735,37312218,2019-05-28,3
11168059,49581998,2019-05-28,3
10495513,40276001,2019-05-28,3
8522675,39943662,2019-05-28,2
12259709,49623332,2019-05-28,2
1054753,32071890,2019-05-28,2
1054235,46843184,2019-05-28,2
11275929,40276001,2019-05-28,2
8885975,31185436,2019-05-28,2
8257526,35737545,2019-05-28,2
4741653,48122945,2019-05-28,2
11813823,42828975,2019-05-29,2
10135545,31509028,2019-05-29,2
10729330,42622154,2019-05-28,2
11994843,48598240,2019-05-27,2
10689021,35782248,2019-05-27,2
11305707,40977398,2019-05-27,2
12040525,2301680,2019-05-28,3
11274851,37164441,2019-05-28,2
842681,31737169,2019-05-28,2
407099,39699587,2019-05-27,3
8966195,35489113,2019-05-27,2
754663,39664781,2019-05-27,2
163163,43257979,2019-05-27,2
4245437,3154076,2019-05-27,2
10887625,33077454,2019-05-27,2
824747,33687387,2019-05-27,2
28749,33511579,2019-05-27,2
11252871,44346511,2019-05-27,2
10582775,2772501,2019-05-27,3
12245219,50678235,2019-05-27,2
5119765,34340471,2019-05-27,2
12086445,4014582,2019-05-27,2
11619699,3042613,2019-05-27,2
12270181,48755817,2019-05-27,2
11410273,49055718,2019-05-27,2
12136131,47985629,2019-05-27,2
12381201,38425742,2019-05-27,2
5277363,49619845,2019-05-27,2
8916481,47295642,2019-05-27,2
11376617,35224961,2019-05-27,3
9344853,43886086,2019-05-27,2
10027465,5888134,2019-05-27,2
11274263,1069647,2019-05-27,2
11943337,6257690,2019-05-27,3
11999407,35662403,2019-05-27,2
8232721,42423091,2019-05-27,2
815381,4051178,2019-05-27,2
10212797,42656983,2019-05-27,2
8651377,33017980,2019-05-27,3
7958419,41782531,2019-05-27,2
12057521,46015113,2019-05-27,2
1109983,51277328,2019-05-27,2
11117813,46358751,2019-05-27,2
1109983,51491322,2019-05-27,3
11673613,33906453,2019-05-27,5
9840509,39833031,2019-05-27,3
11772299,2302249,2019-05-27,2
813435,3939603,2019-05-27,2
11514027,6581161,2019-05-27,2
10737968,45548052,2019-05-27,2
9936745,46323442,2019-05-27,2
11729921,36513305,2019-05-27,3
11683091,50839037,2019-05-27,3
8936123,32280256,2019-05-27,2
9514127,42451913,2019-05-27,2
9702119,51006574,2019-05-27,2
12183976,38132694,2019-05-28,2
1102871,34044543,2019-05-27,2
7906129,4951150,2019-05-27,2
11944317,51664679,2019-05-27,2
12144517,3735259,2019-05-27,2
10842223,37214578,2019-05-27,2
857353,37287142,2019-05-27,2
11540837,31265018,2019-05-27,2
4297294,32746434,2019-05-27,2
10075572,38557587,2019-05-27,2
12195001,41094778,2019-05-27,2
11431679,51468376,2019-05-27,2
12223127,31325549,2019-05-27,2
4257099,36315496,2019-05-27,5
9450371,6716859,2019-05-27,2
10852751,4923332,2019-05-27,2
4706121,41723136,2019-05-27,2
11752181,4360492,2019-05-27,2
12154695,7736899,2019-05-27,2
8293061,46313636,2019-05-27,4
11104920,37960055,2019-05-27,2
11236141,42737743,2019-05-27,2
4949497,36526002,2019-05-27,2
11144259,4570553,2019-05-27,2
8012501,38614758,2019-05-27,2
10342647,571158,2019-05-27,2
12273779,31882981,2019-05-27,2
7995169,47647542,2019-05-27,2
9898007,40119690,2019-05-27,2
11592371,41880577,2019-05-27,2
9550121,9512377,2019-05-27,2
9801295,3069769,2019-05-27,2
10868151,368558,2019-05-27,2
10184839,6531339,2019-05-27,2
8007315,39172438,2019-05-27,2
12098961,85735,2019-05-27,2
10849335,5897700,2019-05-27,2
10279101,43936060,2019-05-27,2
832601,48872975,2019-05-27,2
11682895,38924448,2019-05-27,5
812329,3447344,2019-05-27,2
8463049,4695869,2019-05-27,3
11700381,105977,2019-05-27,2
877107,50845577,2019-05-27,2
10951493,46463478,2019-05-27,2
9505923,4906481,2019-05-27,2
10017189,46191008,2019-05-27,2
10861176,50416138,2019-05-27,2
8330721,33673901,2019-05-27,2
9816877,18659759,2019-05-27,2
10641351,2475546,2019-05-27,2
11723677,35183597,2019-05-27,2
10355681,46144228,2019-05-27,2
9580389,46524972,2019-05-27,2
1133937,43856011,2019-05-27,2
1079771,31743170,2019-05-27,2
12157215,38416886,2019-05-27,2
10612847,32492841,2019-05-27,2
12109993,47479809,2019-05-27,2
5080859,34453775,2019-05-27,2
1062761,35540301,2019-05-27,2
1123325,51013218,2019-05-27,2
78883,4050847,2019-05-27,2
8512917,50602114,2019-05-27,2
11200917,35608497,2019-05-27,2
11058313,47383084,2019-05-27,2
376313,48176314,2019-05-27,2
1074201,41653705,2019-05-27,2
11605755,13180609,2019-05-27,2
10789849,41180239,2019-05-27,2
10745357,32228068,2019-05-27,2
1070601,42131718,2019-05-27,2
5245219,38503915,2019-05-27,2
1061449,2077587,2019-05-27,4
12155731,3024984,2019-05-27,2
11599413,6516727,2019-05-27,2
1132103,32605169,2019-05-27,2
11389637,41967998,2019-05-27,2
9879205,43524799,2019-05-27,2
4627035,34610476,2019-05-27,2
1088017,4832753,2019-05-27,2
11500895,39562951,2019-05-27,2
9302640,45585831,2019-05-27,2
9977541,5054638,2019-05-27,2
9462715,44166880,2019-05-27,2
4946473,31061813,2019-05-27,2
5214307,50250417,2019-05-27,2
9874851,47498748,2019-05-27,2
8355109,50454047,2019-05-27,2
12492207,6988267,2019-05-27,2
5108733,32551489,2019-05-27,2
32515,32284248,2019-05-27,2
5123307,35187319,2019-05-26,2
8034019,36704483,2019-05-26,2
4786033,46252686,2019-05-26,2
11188835,46708454,2019-05-27,2
606641,51168945,2019-05-27,2
9115435,47026154,2019-05-27,3
5102573,48261703,2019-05-27,2
8208291,42254522,2019-05-27,2
10915745,33858679,2019-05-27,2
10915745,40185916,2019-05-27,2
12490835,37114352,2019-05-27,2
9929787,37038502,2019-05-27,2
11950561,4769688,2019-05-27,2
5147079,36765150,2019-05-27,2
9031812,37723938,2019-05-27,2
9889719,46702793,2019-05-26,2
10322039,32077799,2019-05-26,4
5161723,33012520,2019-05-26,3
1086519,5939047,2019-05-27,3
11084717,43876701,2019-05-27,2
10031847,38792104,2019-05-27,2
8161347,46282394,2019-05-27,2
541289,42588963,2019-05-27,2
4753273,35168767,2019-05-27,2
9418661,2279899,2019-05-27,2
10903921,44280159,2019-05-27,2
10059189,37380515,2019-05-27,2
1095391,43538705,2019-05-27,2
9110955,44142159,2019-05-27,2
4998035,41172453,2019-05-26,2
4828621,37635531,2019-05-27,2
8655689,3900661,2019-05-26,2
11221091,35499759,2019-05-26,2
11766853,36481475,2019-05-26,2
9723287,2364978,2019-05-26,2
5107305,4437094,2019-05-26,2
5144559,35628134,2019-05-26,2
4839695,44184954,2019-05-26,2
10272899,34970454,2019-05-26,2
4258261,40276011,2019-05-26,2
10071593,41766157,2019-05-27,2
10249281,45999515,2019-05-27,2
9266915,33115452,2019-05-27,2
9493743,6631401,2019-05-27,2
10497529,4153993,2019-05-26,2
8481907,2036591,2019-05-26,3
9225489,6337777,2019-05-26,2
9574019,6269758,2019-05-26,2
8332093,5057613,2019-05-26,2
11173617,35858085,2019-05-26,2
4714899,1751676,2019-05-26,2
9434721,32170207,2019-05-26,3
9531879,36304720,2019-05-26,2
11915197,35163523,2019-05-26,2
8818243,32146979,2019-05-26,2
12286001,49698538,2019-05-26,2
10825619,44172268,2019-05-26,2
10930353,34005173,2019-05-26,2
5091289,7145018,2019-05-26,2
9162321,48502085,2019-05-26,2
11241643,45023678,2019-05-26,4
10068249,31276754,2019-05-26,2
9901481,4354511,2019-05-26,2
10361771,44051794,2019-05-26,2
12153001,36874547,2019-05-26,2
12366404,47314666,2019-05-26,2
12480279,50408435,2019-05-26,2
10969679,32040164,2019-05-26,2
12053713,34924546,2019-05-26,2
8999585,46783005,2019-05-26,2
12360005,31110621,2019-05-26,2
10835685,6703545,2019-05-26,2
10495765,50274223,2019-05-26,2
10812753,39283113,2019-05-27,3
9153949,44193724,2019-05-27,2
8852459,31479909,2019-05-27,2
5102335,51028660,2019-05-27,2
10651263,37254324,2019-05-27,2
12461869,6354297,2019-05-26,3
10646307,46485752,2019-05-26,2
12253689,46665597,2019-05-26,2
832041,49014121,2019-05-26,2
10047345,46812091,2019-05-26,4
10600905,42648243,2019-05-26,2
12137797,42042615,2019-05-26,2
10612357,41117501,2019-05-26,4
105749,46285162,2019-05-26,2
4644353,1008384,2019-05-26,2
827505,38170502,2019-05-26,2
9857427,49998804,2019-05-26,3
12514915,7154380,2019-05-26,2
8212099,32638196,2019-05-26,2
12388873,40194875,2019-05-26,2
11867625,43263988,2019-05-26,2
4792613,43827996,2019-05-26,2
10754639,39790917,2019-05-26,2
12177809,6904337,2019-05-26,2
10645201,31973784,2019-05-26,4
10445225,31069435,2019-05-26,2
11657177,32213498,2019-05-26,2
10003735,33700603,2019-05-26,2
11710307,33946299,2019-05-26,2
827309,48597277,2019-05-26,2
10509303,50947797,2019-05-26,3
7901999,34609650,2019-05-26,2
10629143,34473675,2019-05-26,2
12337045,32078379,2019-05-26,2
8949605,50542369,2019-05-26,2
10065587,36482254,2019-05-26,2
12183731,49752960,2019-05-26,2
9819453,31161394,2019-05-26,2
11193189,44770047,2019-05-26,2
7991879,43154971,2019-05-26,2
12471534,37127683,2019-05-26,2
8854741,6928954,2019-05-26,2
11036991,32661226,2019-05-26,2
12086767,40185916,2019-05-26,2
9894087,36503135,2019-05-26,2
10219671,47975737,2019-05-26,2
12484087,31646798,2019-05-26,2
11789043,42382028,2019-05-26,2
11070787,47225448,2019-05-26,2
11192591,32194595,2019-05-26,2
4677309,38563409,2019-05-26,2
8421413,36531989,2019-05-26,3
12191823,32125793,2019-05-26,2
10155747,31736706,2019-05-26,2
8853495,6337777,2019-05-26,2
11582347,44752762,2019-05-26,3
10331097,35168766,2019-05-26,2
11747373,35701275,2019-05-26,2
11942637,37144490,2019-05-26,2
4925725,3302852,2019-05-26,2
11349667,48526663,2019-05-26,3
11303565,36733980,2019-05-26,3
12022045,3872791,2019-05-26,2
8101100,5563539,2019-05-26,2
11723831,3332813,2019-05-26,2
11341225,32977867,2019-05-26,2
11374334,4782121,2019-05-26,2
11889335,37504935,2019-05-26,2
10544065,42423220,2019-05-26,2
4318811,39770457,2019-05-26,2
11344487,3131859,2019-05-26,3
4761939,35194790,2019-05-26,2
5159819,5054214,2019-05-25,2
10727303,3338298,2019-05-25,2
11437727,33906453,2019-05-26,2
12076197,45981265,2019-05-26,2
15155,2865438,2019-05-26,2
11578945,6977819,2019-05-26,2
10851295,46313411,2019-05-26,2
10605287,4025502,2019-05-26,2
11156159,32959300,2019-05-26,2
8139705,41723100,2019-05-25,2
10771999,47210215,2019-05-25,2
11184705,48018522,2019-05-25,3
1115205,40404789,2019-05-25,2
1037365,43802766,2019-05-26,2
4729333,41657105,2019-05-26,2
9347485,6755385,2019-05-26,2
5208623,39646130,2019-05-26,3
11638011,44305258,2019-05-26,2
436219,5477259,2019-05-26,2
11255041,35592873,2019-05-26,2
12191305,879004,2019-05-26,2
11341085,50228705,2019-05-26,2
9357411,35717151,2019-05-26,2
11342429,34635102,2019-05-25,2
11684603,39410677,2019-05-25,3
10463285,49540623,2019-05-25,2
9451323,6624405,2019-05-26,2
4158273,1306770,2019-05-26,2
4189507,32750103,2019-05-26,2
5273401,40101719,2019-05-25,3
12390847,3048923,2019-05-25,2
11881457,40439223,2019-05-26,2
12308681,42469225,2019-05-25,2
10907365,44486509,2019-05-25,2
4686199,3905435,2019-05-25,2
11885517,49967480,2019-05-25,2
11939767,2803837,2019-05-26,3
10929751,31546667,2019-05-26,2
11616423,6361591,2019-05-26,2
11342807,46002669,2019-05-26,2
11177180,49303336,2019-05-26,2
11821173,38650635,2019-05-26,2
11263259,31278768,2019-05-25,2
11699135,39544762,2019-05-25,2
10963449,1246684,2019-05-25,5
11197515,32242277,2019-05-25,2
11964099,47296184,2019-05-25,2
10718603,31086015,2019-05-27,2
10321523,46568193,2019-05-27,2
9873913,31575822,2019-05-27,2
4809301,33644430,2019-05-25,2
487249,6540298,2019-05-25,2
11543175,50328174,2019-05-25,2
5148465,37637915,2019-05-25,2
5121193,3373718,2019-05-25,2
11705603,38132688,2019-05-25,4
848169,47952323,2019-05-25,2
10451959,47933669,2019-05-25,2
10538003,42740552,2019-05-25,2
8639295,6415539,2019-05-25,2
9640001,41656830,2019-05-25,2
9160683,45607550,2019-05-25,2
397705,4129569,2019-05-25,2
9039275,43472220,2019-05-25,3
11310775,33524174,2019-05-25,2
10397989,3175140,2019-05-25,2
819245,3735903,2019-05-25,2
860981,6992526,2019-05-25,2
10896207,3565582,2019-05-25,2
9643781,44143896,2019-05-25,2
8887935,36308140,2019-05-25,2
8300327,34635405,2019-05-25,2
10178035,6636354,2019-05-25,2
4268467,3945560,2019-05-25,2
5123881,38916533,2019-05-25,2
12309983,36865937,2019-05-25,2
11031349,32056127,2019-05-25,2
8998759,32056111,2019-05-25,2
10628765,34440185,2019-05-25,2
9261637,50974714,2019-05-25,2
5066075,76600,2019-05-25,4
11519641,31283972,2019-05-25,2
10159667,38036371,2019-05-25,2
8073261,32240189,2019-05-26,2
5048659,47084177,2019-05-25,2
9281279,32444788,2019-05-25,2
8496592,41666979,2019-05-25,2
9144219,49542670,2019-05-25,2
10626259,37174690,2019-05-25,2
5307029,32798508,2019-05-25,2
5280597,146563,2019-05-25,2
10155747,42358163,2019-05-25,2
10784753,42566053,2019-05-25,2
11110911,37342960,2019-05-25,2
814233,41712019,2019-05-25,2
4160345,35087757,2019-05-25,3
9312443,37128504,2019-05-25,2
8166165,45735710,2019-05-25,2
1097845,42553820,2019-05-25,2
4861759,34704971,2019-05-25,2
9259593,36460471,2019-05-25,2
10126599,34711018,2019-05-25,2
1090061,38929749,2019-05-25,2
10960649,2847625,2019-05-25,3
11524975,46365911,2019-05-25,2
11148683,31225223,2019-05-25,2
9009161,35157566,2019-05-25,2
10300085,36519198,2019-05-25,2
4798885,7264351,2019-05-25,2
5103651,35543824,2019-05-25,2
847903,4974057,2019-05-25,2
1036707,34582740,2019-05-25,2
8895719,36503135,2019-05-25,2
11270742,31732430,2019-05-25,2
9072693,44414863,2019-05-25,2
5026605,47314743,2019-05-25,2
4943953,44597205,2019-05-25,2
12034085,31768649,2019-05-25,2
4781889,48417123,2019-05-25,2
10028641,31906734,2019-05-25,2
7890617,48974409,2019-05-24,2
818013,47241606,2019-05-25,2
4866225,31298889,2019-05-25,2
69055,32575785,2019-05-25,2
10175109,47360283,2019-05-25,2
5221615,50885737,2019-05-25,2
4772663,37235026,2019-05-25,2
1115779,33197084,2019-05-25,2
10008131,41259193,2019-05-25,2
8469755,750537,2019-05-25,2
5004783,50752925,2019-05-25,2
815151,37794576,2019-05-24,2
11866393,34397791,2019-05-24,2
11506719,4231035,2019-05-25,2
10183775,37622013,2019-05-25,2
9625483,38231619,2019-05-25,2
11380677,33739394,2019-05-25,2
1127791,40926885,2019-05-25,2
4931115,35041061,2019-05-25,2
11219971,35298438,2019-05-25,2
4302809,47480321,2019-05-25,2
240191,35879578,2019-05-25,2
11341057,41124486,2019-05-25,2
8285725,46506432,2019-05-25,2
5061483,6411072,2019-05-24,2
8502235,43235926,2019-05-24,2
10192413,6976447,2019-05-24,2
10284253,41027588,2019-05-24,2
8486037,33926864,2019-05-24,2
8812671,3970048,2019-05-24,3
8926225,37710520,2019-05-25,2
9077000,6898142,2019-05-24,2
10599085,34250185,2019-05-24,2
10988523,7158790,2019-05-24,3
11908757,3088242,2019-05-24,2
10193841,31077710,2019-05-24,2
12031383,37020595,2019-05-24,2
9518817,38327113,2019-05-24,2
12454071,31140103,2019-05-24,2
10607261,48045239,2019-05-24,2
10929443,39014826,2019-05-25,2
9661337,44640453,2019-05-25,2
9198469,2486081,2019-05-25,2
4331355,49581565,2019-05-25,2
9144527,1207136,2019-05-24,2
4694627,48018504,2019-05-24,2
12500957,25593409,2019-05-24,2
11970931,46287402,2019-05-24,2
8083243,41700112,2019-05-24,2
9900177,44309914,2019-05-24,2
11478915,34544566,2019-05-24,2
12239591,44311916,2019-05-24,2
12053881,33411721,2019-05-24,2
11889535,46415410,2019-05-24,2
12311824,42940412,2019-05-24,2
10475367,48229798,2019-05-24,2
11114425,50383451,2019-05-24,3
11371955,36514310,2019-05-24,3
11781693,2485932,2019-05-24,2
11428767,42762721,2019-05-24,2
11601009,43322494,2019-05-24,2
12099801,33755525,2019-05-24,2
1046507,6904337,2019-05-24,2
8947323,49417345,2019-05-25,2
1096627,42267588,2019-05-25,2
8601985,34308356,2019-05-24,2
9920995,46255716,2019-05-24,3
12151027,3327096,2019-05-24,2
11654993,38896301,2019-05-24,3
11398877,4709441,2019-05-24,2
11704007,46478339,2019-05-24,2
10765909,45035040,2019-05-24,2
11604117,6634723,2019-05-24,2
10484145,38271801,2019-05-24,2
11399507,192926,2019-05-24,2
12337885,3896300,2019-05-24,2
120085,32993859,2019-05-24,2
10172519,39942269,2019-05-24,2
12337885,43325267,2019-05-24,2
8754431,3735903,2019-05-24,2
5091289,31069882,2019-05-24,2
12410755,2516938,2019-05-24,2
11066727,33732278,2019-05-24,2
12478655,4102021,2019-05-24,2
10902087,37595678,2019-05-24,2
11569257,35137021,2019-05-24,2
10933643,39635392,2019-05-24,2
11860583,36873551,2019-05-24,2
5122789,41794817,2019-05-24,2
12074461,33700324,2019-05-24,2
11515371,39589633,2019-05-24,2
11759489,4238038,2019-05-24,2
10673145,33923716,2019-05-24,3
10679865,6335900,2019-05-24,2
11751467,31702141,2019-05-24,2
9522177,35615600,2019-05-24,2
10337215,45266601,2019-05-24,2
11466287,40528857,2019-05-24,2
11629835,34984668,2019-05-24,2
9038071,44490321,2019-05-24,2
10359965,3786949,2019-05-24,2
253421,47452318,2019-05-24,2
11178783,42920167,2019-05-24,2
8937635,37339420,2019-05-24,2
568001,36256339,2019-05-24,2
11343073,47042251,2019-05-24,2
10158617,49640977,2019-05-23,2
11875143,2197691,2019-05-23,5
8872045,34827101,2019-05-23,2
9976813,41275154,2019-05-23,2
11346069,42714358,2019-05-23,2
12082595,42236666,2019-05-23,2
10566059,42767082,2019-05-23,3
11270945,45194565,2019-05-23,2
205625,39561545,2019-05-23,2
8747585,35531350,2019-05-23,3
11013639,33369785,2019-05-23,2
11160947,45607399,2019-05-23,2
11850769,48382783,2019-05-23,2
8506421,41173063,2019-05-24,2
11939291,49413518,2019-05-24,2
596337,1764239,2019-05-23,2
10729355,44597761,2019-05-23,2
7934479,31771078,2019-05-23,2
5314589,32948234,2019-05-23,2
10753015,46653459,2019-05-23,2
11376781,6337513,2019-05-23,2
1049811,36524490,2019-05-23,2
11272471,3820025,2019-05-23,2
12103847,33005638,2019-05-23,2
11475415,31245128,2019-05-23,2
10520069,4245772,2019-05-22,2
568001,36861441,2019-05-22,2
11437111,48304164,2019-05-23,2
10443055,38873594,2019-05-22,2
10877531,3284993,2019-05-22,2
8534673,7066663,2019-05-22,2
11024181,42748786,2019-05-22,2
10363367,46773351,2019-05-22,2
12498339,42887818,2019-05-22,3
11688685,9558017,2019-05-22,2
11009159,6137175,2019-05-22,2
11338019,43413177,2019-05-22,2
12418791,46834574,2019-05-22,2
10905909,48351472,2019-05-22,2
11403847,4522345,2019-05-22,2
10579541,33660825,2019-05-22,2
1116577,46958902,2019-05-22,2
12467987,50802332,2019-05-22,2
8899821,4442514,2019-05-22,2
10456411,38780299,2019-05-22,2
539273,41922228,2019-05-22,2
11512742,43524799,2019-05-22,2
8959629,25729159,2019-05-22,4
308021,1763713,2019-05-22,4
12078983,4903605,2019-05-22,2
11346909,35634050,2019-05-22,2
8530809,6383194,2019-05-22,2
11008501,50257790,2019-05-22,2
11667103,31081505,2019-05-22,2
11241587,44606852,2019-05-22,3
11514713,6531457,2019-05-22,2
12104575,33911250,2019-05-22,2
10952165,4102300,2019-05-22,2
11945899,31436599,2019-05-22,2
4326245,31290130,2019-05-22,2
10165841,32065337,2019-05-22,2
866173,32692195,2019-05-22,2
8962923,40656200,2019-05-23,2
4635505,2486129,2019-05-23,2
4255645,39181341,2019-05-22,2
12474917,49136847,2019-05-22,2
9986879,31724835,2019-05-21,2
12165321,47729502,2019-05-21,2
12079683,32993859,2019-05-21,2
11106753,42626448,2019-05-21,2
11322003,35251694,2019-05-21,2
11493951,39363074,2019-05-21,2
7917189,37115277,2019-05-22,2
10804171,37727001,2019-05-21,2
5068105,48405586,2019-05-21,2
12151755,5058679,2019-05-22,2
12332201,1787025,2019-05-22,2
8248401,31557817,2019-05-21,2
10596439,4230894,2019-05-21,2
5187903,39097398,2019-05-22,2
12089903,38303051,2019-05-21,3
10919181,48890182,2019-05-21,2
62867,46703172,2019-05-21,2
11739063,44073613,2019-05-21,2
10135055,47153294,2019-05-21,2
9209977,49863408,2019-05-21,2
11609507,34759897,2019-05-21,3
11859691,5747132,2019-05-21,2
8262681,39045682,2019-05-21,2
9451687,49592995,2019-05-21,2
9074051,32960004,2019-05-21,3
4293793,41767760,2019-05-21,2
11770437,40660539,2019-05-21,2
8748565,44206118,2019-05-21,2
5079504,3690648,2019-05-21,3
11085249,45029305,2019-05-21,2
310807,5898321,2019-05-21,2
10367623,44046385,2019-05-21,2
4747393,46703064,2019-05-21,2
8451807,48790111,2019-05-21,3
10351789,47864484,2019-05-21,3
8829205,31283113,2019-05-21,2
10230269,45347785,2019-05-21,2
10612357,40443247,2019-05-21,2
8456959,6237993,2019-05-21,2
9831835,40512068,2019-05-21,2
8552523,42511979,2019-05-21,2
9273075,46026074,2019-05-21,2
811943,40302071,2019-05-21,2
10127145,45555884,2019-05-21,2
8635655,4910199,2019-05-21,2
514465,37427393,2019-05-21,2
11809889,38922412,2019-05-21,2
11421137,44073613,2019-05-21,2
4249682,49628688,2019-05-21,2
9544325,33673449,2019-05-21,2
10286801,3304877,2019-05-21,2
11096253,6411705,2019-05-21,2
10323327,36834538,2019-05-21,2
10286745,47002179,2019-05-21,2
4865623,33976452,2019-05-21,3
9239167,46308081,2019-05-21,2
11974094,39833031,2019-05-21,2
4297419,4661031,2019-05-21,2
4303607,34833920,2019-05-21,2
4319693,31504277,2019-05-21,2
10872715,6391715,2019-05-21,2
4268948,3786595,2019-05-21,2
4681509,45524227,2019-05-21,2
11306253,38430156,2019-05-20,2
11465083,35542828,2019-05-20,2
9500491,48890217,2019-05-20,2
8444233,33739394,2019-05-20,2
396291,35665543,2019-05-20,2
4678317,31280029,2019-05-21,2
8349131,31079503,2019-05-21,2
5015381,7050439,2019-05-20,2
347515,35247597,2019-05-20,2
813687,41059568,2019-05-20,2
11694837,49327378,2019-05-20,4
9137569,41728243,2019-05-20,3
11037173,35248275,2019-05-20,2
10851379,36831594,2019-05-20,2
5171453,34531744,2019-05-20,2
11724363,2341915,2019-05-20,2
9047647,46378036,2019-05-20,5
9768204,34584726,2019-05-20,2
10162299,44294367,2019-05-20,2
8652525,31677148,2019-05-20,2
12007793,39571212,2019-05-20,2
4378241,2747651,2019-05-20,2
8220289,43784720,2019-05-20,2
8508353,4544118,2019-05-20,2
1061879,6861684,2019-05-20,2
11163523,37680616,2019-05-20,2
1115835,38342350,2019-05-20,3
10313177,32242550,2019-05-20,3
11094223,39714400,2019-05-20,2
10147977,47170952,2019-05-20,3
10594465,35470357,2019-05-20,2
12128417,48045462,2019-05-20,3
11543959,35583354,2019-05-20,2
10656191,36324194,2019-05-20,2
9042355,7050323,2019-05-20,2
11347721,48919951,2019-05-20,2
9677311,38332042,2019-05-20,2
4321485,41666119,2019-05-20,2
4817491,3447344,2019-05-20,2
202713,44128500,2019-05-20,2
1046843,146475,2019-05-20,2
831523,47314752,2019-05-20,2
11667847,31124077,2019-05-20,2
11758915,35637001,2019-05-20,2
9299395,34556575,2019-05-20,2
5209491,37706413,2019-05-20,2
4729501,6605779,2019-05-20,2
11395839,4405349,2019-05-20,2
4326259,36865420,2019-05-20,2
11901155,33172156,2019-05-20,2
8112489,2831673,2019-05-20,2
11092515,40385258,2019-05-20,2
10727983,32131160,2019-05-20,2
92001,37635849,2019-05-20,2
8981651,6309624,2019-05-21,2
8596833,32510844,2019-06-19,3
7871577,6535860,2019-06-19,2
11420925,51905901,2019-06-19,2
10723965,38277966,2019-06-19,2
11311391,3259906,2019-06-19,2
9854159,1070391,2019-06-19,2
8249437,50712109,2019-06-19,3
8705327,36486927,2019-06-19,2
7946981,35606231,2019-06-19,2
11581129,44138566,2019-06-19,2
4695593,3482535,2019-06-19,2
10446051,34853374,2019-06-19,2
4707045,44142374,2019-06-19,2
11614981,35183487,2019-06-19,2
9018709,43460566,2019-06-19,2
4716313,37503886,2019-06-19,3
5112863,40275998,2019-06-19,2
5245429,42033035,2019-06-19,2
12169941,33094856,2019-06-19,2
5118855,35527360,2019-06-19,2
10637487,37760275,2019-06-19,2
11740505,55578837,2019-06-19,2
10386803,33167543,2019-06-19,2
9089549,40256975,2019-06-19,2
12380347,34576042,2019-06-18,2
12303263,31503181,2019-06-18,2
8032353,6257871,2019-06-18,3
11283461,32071785,2019-06-18,2
11297727,1247589,2019-06-19,4
10458343,53486225,2019-06-19,3
10364123,35136467,2019-06-19,3
10349983,6520085,2019-06-19,2
10544877,35639111,2019-06-19,3
8169259,44601279,2019-06-18,2
8059037,35404368,2019-06-18,3
11014241,45742721,2019-06-18,2
10103303,42112890,2019-06-19,2
10130939,6406331,2019-06-19,2
11548747,32708305,2019-06-19,2
4182409,46416049,2019-06-19,3
8556807,34162428,2019-06-19,2
8278319,47416059,2019-06-19,2
11669049,48682394,2019-06-19,2
10787287,47668431,2019-06-18,2
12384043,6808807,2019-06-18,2
11163174,39950409,2019-06-18,2
11140031,46477489,2019-06-18,2
10677569,2574699,2019-06-18,2
10549497,32238589,2019-06-18,2
11305511,34427682,2019-06-18,2
12071493,51530385,2019-06-18,2
264159,124142,2019-06-18,2
12185117,35568631,2019-06-18,2
546707,48981755,2019-06-18,2
10349871,39200792,2019-06-18,2
1068445,46522697,2019-06-18,2
11434605,6411072,2019-06-18,2
10631929,48755817,2019-06-18,2
4935287,43468130,2019-06-18,2
10148260,33126649,2019-06-18,2
10554033,51000982,2019-06-18,2
11255601,51381703,2019-06-18,2
11283461,36678785,2019-06-18,2
10979339,47339314,2019-06-18,2
10599701,47168534,2019-06-18,2
4292673,44074420,2019-06-18,2
11003237,50833354,2019-06-18,3
9787477,46280091,2019-06-18,2
11927321,47864493,2019-06-18,2
9584897,49055914,2019-06-18,2
11213797,43144585,2019-06-18,2
9190643,30156309,2019-06-18,2
10066035,50248395,2019-06-18,3
29841,46003896,2019-06-18,2
12504079,34002955,2019-06-18,2
11462717,6918590,2019-06-18,2
1127539,52864115,2019-06-18,2
12124973,41973672,2019-06-18,2
9700145,6019665,2019-06-18,2
4270382,50801602,2019-06-18,2
12486075,52626357,2019-06-18,2
837501,47471435,2019-06-18,2
796761,42336231,2019-06-18,2
11208379,32712470,2019-06-17,2
10861515,47009067,2019-06-17,2
10871476,3131223,2019-06-18,2
10522827,39678050,2019-06-17,2
10188241,50345364,2019-06-17,2
5250553,31169648,2019-06-17,2
10026968,1263939,2019-06-17,2
10504361,39769230,2019-06-17,2
11313225,30584109,2019-06-17,3
12270531,31714034,2019-06-17,2
12270531,39024454,2019-06-17,2
5151405,49307363,2019-06-17,2
5198296,51288942,2019-06-17,4
11002831,42355263,2019-06-17,2
9583273,42724210,2019-06-17,2
9429413,48726816,2019-06-17,2
11175087,47944119,2019-06-17,2
11296887,46316775,2019-06-17,2
10176271,52921471,2019-06-17,2
10122763,33961843,2019-06-17,2
11475989,7144251,2019-06-17,4
12059467,1147634,2019-06-17,2
12504358,31569001,2019-06-17,2
9293067,37735467,2019-06-17,2
10937199,4364311,2019-06-17,2
8489859,1263098,2019-06-17,2
10208653,36308797,2019-06-17,2
9936045,46369384,2019-06-17,2
12309451,52801565,2019-06-17,2
11708907,41272647,2019-06-17,2
11306365,35109064,2019-06-17,2
11931717,32396886,2019-06-17,3
8150681,36977598,2019-06-18,2
12042247,46534559,2019-06-18,2
12298405,33518262,2019-06-17,3
10233937,38230216,2019-06-17,2
10678815,52645903,2019-06-17,3
11582459,35461379,2019-06-17,2
11313225,31972019,2019-06-17,2
4974375,3787475,2019-06-17,2
11008823,45540731,2019-06-17,2
12446175,45192804,2019-06-17,2
10435761,2265906,2019-06-17,2
10958227,6251534,2019-06-16,2
10476697,49176173,2019-06-17,2
11948016,2729003,2019-06-17,2
365852,44377405,2019-06-17,2
12085479,34764202,2019-06-17,2
12153127,34348570,2019-06-17,2
10144421,43428535,2019-06-17,2
10282167,48343342,2019-06-17,2
10859695,7040343,2019-06-16,2
11867186,40946466,2019-06-16,2
10799691,38321363,2019-06-17,2
11012435,47418656,2019-06-16,2
10663345,6694585,2019-06-16,2
10000977,34432818,2019-06-16,2
8503075,49286985,2019-06-16,2
8503075,34090050,2019-06-16,2
8815331,50140934,2019-06-16,2
11353797,36254517,2019-06-16,2
10954545,34978026,2019-06-16,2
9976659,52312239,2019-06-16,2
11711833,25939509,2019-06-17,2
12318817,32129949,2019-06-16,2
10481793,5218013,2019-06-16,2
9799929,48529651,2019-06-16,2
11601387,35708791,2019-06-16,2
12032867,25337459,2019-06-16,3
11987675,33005638,2019-06-16,2
5302857,47103212,2019-06-16,2
10361589,6687830,2019-06-16,4
11449501,34232320,2019-06-17,2
9888347,34395008,2019-06-16,2
11209261,42055877,2019-06-16,2
11600883,3334310,2019-06-16,2
11507335,50079980,2019-06-16,2
1094471,2763586,2019-06-16,2
10614779,52895710,2019-06-16,2
4776121,50601811,2019-06-16,2
8052611,48468634,2019-06-16,2
723793,41475651,2019-06-16,2
9428811,4935205,2019-06-16,2
9423827,40234419,2019-06-16,2
1111733,43333251,2019-06-16,2
11209261,41019718,2019-06-16,2
5201661,47006117,2019-06-16,2
8962923,33269834,2019-06-16,2
10321073,33076219,2019-06-16,2
10596187,41075705,2019-06-16,2
8921241,42614151,2019-06-16,2
8144171,3988356,2019-06-16,2
8747753,32431297,2019-06-16,2
5012721,4361268,2019-06-16,2
9275609,34409893,2019-06-16,2
7906997,42745848,2019-06-16,2
1100225,47099110,2019-06-16,2
10601255,49522240,2019-06-16,3
5171467,32778157,2019-06-16,2
8814645,42520535,2019-06-16,2
9869531,5772640,2019-06-15,2
10235141,31929501,2019-06-16,2
616203,38578551,2019-06-16,2
4843657,37279929,2019-06-15,2
5286323,33155724,2019-06-15,2
9335095,47480490,2019-06-15,2
10823351,52286907,2019-06-15,2
9162503,46374188,2019-06-15,2
10704547,55057177,2019-06-15,2
11061225,2831879,2019-06-15,2
2093,48318343,2019-06-15,3
4345621,51829995,2019-06-15,2
9185701,48317283,2019-06-15,2
10633059,31363964,2019-06-15,2
44415,47047967,2019-06-15,2
11298469,2916326,2019-06-15,2
8457379,44426177,2019-06-15,2
8254757,28306909,2019-06-15,2
451157,46282659,2019-06-15,2
9654967,42761800,2019-06-15,2
4324649,46759342,2019-06-15,3
9744475,37734166,2019-06-15,2
4310873,39912562,2019-06-15,5
9703631,42357765,2019-06-15,3
5300407,4527737,2019-06-15,2
8771721,7064271,2019-06-15,2
841379,31377755,2019-06-15,2
10138625,48659061,2019-06-15,2
457387,40058045,2019-06-15,2
8228815,32755124,2019-06-15,2
9679719,46777969,2019-06-15,2
9886275,48885562,2019-06-15,2
10766175,4654369,2019-06-15,2
145425,32864355,2019-06-15,2
403081,46062890,2019-06-15,3
10596733,54291937,2019-06-15,2
9810269,40142124,2019-06-15,2
8333269,32031663,2019-06-15,2
11982593,35206530,2019-06-15,2
8951635,32213451,2019-06-15,2
4646131,48982566,2019-06-15,2
8989533,48595016,2019-06-15,2
10154795,52155278,2019-06-15,2
11388055,32273787,2019-06-15,2
4828873,35772516,2019-06-15,2
4977693,6807899,2019-06-15,2
9426529,36529946,2019-06-15,2
9083712,39711446,2019-06-15,2
4341435,37542386,2019-06-15,2
8963143,36513505,2019-06-15,2
11783121,47479626,2019-06-16,2
11224745,53035090,2019-06-15,2
8309259,34435503,2019-06-15,2
850129,32900868,2019-06-15,2
9002399,50030305,2019-06-15,2
8910713,43855204,2019-06-15,2
819399,39142651,2019-06-15,2
834337,44598399,2019-06-15,2
9816625,51806594,2019-06-15,2
11354581,48144027,2019-06-14,2
8879689,41513846,2019-06-14,3
11073265,46080584,2019-06-14,3
333207,46717963,2019-06-14,2
12425077,38633561,2019-06-14,2
12070541,31807445,2019-06-14,2
8812867,48705160,2019-06-14,2
8691248,1069269,2019-06-14,2
8311527,32033077,2019-06-14,2
1041523,38614424,2019-06-14,2
4663715,34339294,2019-06-14,4
8244929,41055753,2019-06-14,2
40537,46292490,2019-06-14,2
1131193,35042121,2019-06-09,2
8022175,46248934,2019-06-09,2
10592589,6534679,2019-06-09,2
4671513,282476,2019-06-09,2
9599149,35470352,2019-06-09,2
4908757,6938963,2019-06-09,3
11779369,48091683,2019-06-09,2
9048501,25795609,2019-06-09,2
9297127,2832723,2019-06-09,2
9980523,36806645,2019-06-09,2
9204083,36556242,2019-06-09,2
9855769,6767648,2019-06-09,2
4775225,35413148,2019-06-09,2
8557409,3747688,2019-06-09,2
9747787,3735635,2019-06-09,2
5008143,33477261,2019-06-09,2
4167331,49979524,2019-06-09,2
9030539,37144733,2019-06-09,2
10833473,52767414,2019-06-09,2
10967103,46703616,2019-06-09,2
12441023,48071385,2019-06-09,2
10814041,32161249,2019-06-09,5
4944597,39359897,2019-06-09,2
5208063,38562726,2019-06-09,2
10598875,31763452,2019-06-09,2
877331,53034657,2019-06-08,2
12249447,37701354,2019-06-08,2
11221945,3285326,2019-06-08,4
9021047,577589,2019-06-08,2
12008619,35163523,2019-06-08,3
11636216,49940855,2019-06-08,2
12289277,2187962,2019-06-08,2
12403531,52654716,2019-06-08,2
12095503,37745272,2019-06-08,2
12297047,45615711,2019-06-09,2
9064125,36374892,2019-06-09,2
438333,33279074,2019-06-08,2
12096959,50456267,2019-06-08,2
10804703,36433428,2019-06-08,3
11209933,50804174,2019-06-08,2
12113171,48037852,2019-06-08,2
12148899,31729374,2019-06-08,2
4708949,34829644,2019-06-08,2
872767,46658670,2019-06-08,2
10643563,37149963,2019-06-09,2
8072001,44138123,2019-06-09,3
10092019,44854231,2019-06-08,2
9236773,44751030,2019-06-08,3
12506515,32050259,2019-06-08,2
8610343,31714633,2019-06-08,2
11155809,32117723,2019-06-08,2
10131401,32699421,2019-06-08,2
5164299,36810510,2019-06-08,2
10104381,44821943,2019-06-08,2
4985995,36486621,2019-06-08,2
4166596,47341784,2019-06-08,2
10771705,32612523,2019-06-08,2
8452031,39288821,2019-06-08,2
12058193,726194,2019-06-08,2
8799315,9502748,2019-06-08,2
10080133,6019667,2019-06-08,2
9121119,37144354,2019-06-08,2
755223,46516465,2019-06-08,2
12001877,37629243,2019-06-08,2
9743839,40376316,2019-06-08,2
10015018,2803890,2019-06-08,2
8218525,46207224,2019-06-08,2
4667551,51063536,2019-06-08,3
10043243,36502443,2019-06-08,2
12343709,6008841,2019-06-08,2
11010797,52991457,2019-06-08,2
11560913,52320066,2019-06-08,2
12293939,41693956,2019-06-08,2
867531,42729259,2019-06-08,2
11120893,52665415,2019-06-08,2
11441465,34408527,2019-06-08,2
4182437,34738286,2019-06-08,2
11321149,39094141,2019-06-08,2
11483353,39837792,2019-06-08,2
11155739,35158448,2019-06-08,2
11818363,41772856,2019-06-08,2
12253885,31948149,2019-06-08,2
11464383,2186706,2019-06-08,2
11624319,41692115,2019-06-08,2
10032869,34454481,2019-06-08,2
11331103,4027570,2019-06-08,2
9883727,31716873,2019-06-08,2
8099707,48820045,2019-06-07,2
721245,31972000,2019-06-08,2
11205649,42678277,2019-06-07,2
12123279,3735903,2019-06-07,2
9089381,2037852,2019-06-07,2
8964650,32634581,2019-06-07,2
12403797,35169478,2019-06-07,2
376075,50392850,2019-06-07,2
10644025,46687755,2019-06-07,2
11394663,46738133,2019-06-08,2
11100971,46283255,2019-06-07,2
8074804,49616728,2019-06-07,2
12027127,38944437,2019-06-07,2
11944695,929794,2019-06-07,2
849756,2606391,2019-06-07,2
5300295,40570325,2019-06-07,3
11774119,50199181,2019-06-07,2
4833829,35558991,2019-06-07,2
11273521,45753524,2019-06-07,3
829297,42731676,2019-06-07,2
11921861,410485,2019-06-07,2
11698561,38618768,2019-06-07,2
9350565,32056124,2019-06-07,2
9775143,43416718,2019-06-07,2
5040287,4447931,2019-06-07,2
10358005,48361638,2019-06-07,2
10213931,49720426,2019-06-07,2
1078315,51159684,2019-06-07,2
11720639,35135965,2019-06-07,2
9393839,48919600,2019-06-07,2
12388915,4479949,2019-06-07,2
10776829,51428639,2019-06-07,2
10340239,47149641,2019-06-07,2
11489807,2427015,2019-06-07,2
4976405,34708573,2019-06-07,2
11217269,50724142,2019-06-07,2
4994171,32193217,2019-06-07,2
11681397,4050088,2019-06-07,2
9801841,32721660,2019-06-07,2
10877937,49633045,2019-06-07,2
11358333,50083016,2019-06-07,2
9205973,37834316,2019-06-07,2
11383127,7157050,2019-06-07,2
11882969,46747623,2019-06-07,2
11951163,41884885,2019-06-07,2
12279883,48911838,2019-06-07,2
10108385,51067064,2019-06-07,2
11318867,4490016,2019-06-07,2
4667551,49334240,2019-06-07,2
10743946,47010764,2019-06-07,2
10655869,46191008,2019-06-07,3
8370369,47025127,2019-06-07,2
8033991,6411072,2019-06-06,2
9452289,47106495,2019-06-07,2
10459589,48521652,2019-06-07,2
10357823,2842232,2019-06-06,2
8636607,2827170,2019-06-06,2
10882851,4623987,2019-06-06,2
11829237,44042610,2019-06-06,2
11327225,51164206,2019-06-06,2
11650345,48074834,2019-06-06,2
5183092,37658126,2019-06-07,2
12177893,44615790,2019-06-06,2
5277153,503391,2019-06-06,3
10713381,32120195,2019-06-07,2
9955841,47405909,2019-06-07,2
812120,43214141,2019-06-06,2
9382485,44077173,2019-06-06,2
10363017,6815830,2019-06-07,2
11413801,36398124,2019-06-07,2
4857713,51030252,2019-06-06,2
11872399,76223,2019-06-07,2
355131,3230454,2019-06-06,2
328657,45284165,2019-06-06,2
545914,39235735,2019-06-06,2
812959,39733038,2019-06-06,2
4185055,48745840,2019-06-06,6
4934741,31507752,2019-06-06,2
9151079,49978682,2019-06-06,2
9136533,43556169,2019-06-06,2
9359707,3251285,2019-06-06,2
11634612,40577180,2019-06-06,2
8146467,6483357,2019-06-06,2
10173261,47122586,2019-06-06,2
10569657,40275993,2019-06-06,2
10587199,2489693,2019-06-06,2
10731035,47959266,2019-06-06,2
10712401,45298157,2019-06-06,2
88655,44140610,2019-06-06,2
8936655,51530051,2019-06-06,2
8141763,35451954,2019-06-05,2
4310677,49149298,2019-06-05,2
8740855,24757459,2019-06-05,2
5086151,5946904,2019-06-05,2
11257841,5473053,2019-06-05,2
8657537,47886976,2019-06-05,2
4187505,31703755,2019-06-05,3
8226729,46663539,2019-06-05,3
11279317,49983902,2019-06-05,2
875316,6063304,2019-06-05,3
4642438,3226416,2019-06-05,2
11039763,38547962,2019-06-05,4
9850265,49366616,2019-06-05,4
12387179,32309727,2019-06-05,2
4815797,46882361,2019-06-05,2
8655986,48165679,2019-06-05,2
1099553,48013567,2019-06-05,2
8907633,36289019,2019-06-05,3
4161647,46656096,2019-06-05,2
4931549,35611684,2019-06-05,2
5091191,33955866,2019-06-05,2
10076423,52315476,2019-06-05,2
11926019,44469406,2019-06-05,2
8033991,35234760,2019-06-05,2
4625355,2585586,2019-06-05,2
10769983,37828640,2019-06-05,3
10741409,35539407,2019-06-05,2
8675429,35813006,2019-06-05,2
10242701,5058226,2019-06-05,2
10264387,49843862,2019-06-05,2
457723,2005620,2019-06-05,2
11009271,1234193,2019-06-05,2
9332113,49083292,2019-06-05,3
10894947,4491011,2019-06-05,3
9939447,46795320,2019-06-05,2
11704525,47647717,2019-06-05,2
12135403,5777916,2019-06-05,2
9859941,4922814,2019-06-04,2
8612275,50811290,2019-06-05,2
11098857,4955743,2019-06-05,2
4162585,44605134,2019-06-05,2
10608073,4821322,2019-06-04,2
9634163,39727770,2019-06-04,2
9666069,47199655,2019-06-04,2
8173809,47324623,2019-06-05,3
8998745,41772566,2019-06-04,2
8935241,39601225,2019-06-04,2
10449271,48574245,2019-06-04,2
10620673,31510660,2019-06-04,2
5076043,40768230,2019-06-04,2
10693137,33041752,2019-06-04,2
829936,37182630,2019-06-05,2
10618321,31571582,2019-06-04,2
9357887,6531654,2019-06-04,2
10894947,43197958,2019-06-04,2
10117765,3383854,2019-06-04,2
9360505,35241231,2019-06-04,2
4820753,46937455,2019-06-04,2
10642247,36524435,2019-06-04,2
10365005,7075824,2019-06-04,2
12132687,8318172,2019-06-04,2
10229499,35027825,2019-06-04,2
11750921,46848985,2019-06-04,2
9516507,44839257,2019-06-04,2
83615,6019285,2019-06-04,2
5297075,50976582,2019-06-04,2
4163971,34687794,2019-06-04,2
10902199,40271046,2019-06-04,2
10203434,34352827,2019-06-04,2
9147607,3900675,2019-06-04,2
9498727,42714422,2019-06-04,2
8220667,47959762,2019-06-04,3
866831,35018539,2019-06-04,2
9294509,3177301,2019-06-04,4
11609451,40304298,2019-06-04,2
10334639,31069126,2019-06-04,2
10276721,34425648,2019-06-04,2
4946921,52120718,2019-06-04,2
8888311,39170715,2019-06-04,2
8389815,1246725,2019-06-04,2
9191861,35741200,2019-06-04,2
4671779,45741529,2019-06-04,2
5013967,53091,2019-06-04,2
4660243,26628659,2019-06-04,2
10869411,3485801,2019-06-04,2
11436257,750817,2019-06-04,2
10172757,41188619,2019-06-04,2
4902149,40294058,2019-06-04,2
8782137,48509355,2019-06-04,2
4672983,6109933,2019-06-04,2
11594739,47152905,2019-06-04,2
11951527,52204990,2019-06-04,2
10438029,50853412,2019-06-04,2
9067877,4515319,2019-06-03,2
10186393,6857833,2019-06-04,2
8194963,13875809,2019-06-04,2
9515065,32271572,2019-06-03,2
11631725,50416227,2019-06-03,2
11190291,947657,2019-06-03,2
8184519,47458887,2019-06-03,2
4217507,39419438,2019-06-03,2
9759001,1804665,2019-06-03,2
812553,32919889,2019-06-04,2
12461267,31303665,2019-06-04,2
11119283,39890474,2019-06-04,2
11018749,38828055,2019-06-04,2
11307429,33048683,2019-06-03,2
12436543,32815153,2019-06-03,2
12056975,34361016,2019-06-03,2
9182719,3879263,2019-06-03,2
10700039,36692370,2019-06-03,3
8728993,41674934,2019-06-03,2
11665101,44463857,2019-06-03,2
10609431,49678759,2019-06-03,2
11551950,1839331,2019-06-03,2
1119181,44596786,2019-06-03,2
7878507,33855721,2019-06-03,3
11459416,4733376,2019-06-03,4
10247083,2864829,2019-06-03,2
10295593,1069881,2019-06-03,2
12817,44737723,2019-06-03,2
10579457,47882541,2019-06-03,9
11964649,34414949,2019-06-03,2
11286667,49610947,2019-06-03,2
8255695,49720711,2019-06-03,2
11706548,38371004,2019-06-03,2
12403083,36524491,2019-06-03,2
11292309,40601230,2019-06-03,4
11503121,2489693,2019-06-03,2
5025405,38659507,2019-06-03,2
11813993,48973293,2019-06-03,3
308343,42126630,2019-06-03,3
11129195,42555439,2019-06-03,2
10219293,50016614,2019-06-03,2
12129929,1263244,2019-06-03,3
11289985,48756068,2019-06-03,2
7878507,33855665,2019-06-03,2
10949715,44192421,2019-06-03,2
4656100,42660361,2019-06-03,2
10926909,33860321,2019-06-03,2
11068141,32071790,2019-06-03,2
11695229,48889558,2019-06-03,3
11475639,6457241,2019-06-03,2
11978645,46198518,2019-06-02,2
12404203,33208666,2019-06-02,2
11295207,50625987,2019-06-02,2
12287611,46037469,2019-06-02,2
413833,51065623,2019-06-03,3
5121557,31459937,2019-06-03,2
10000277,47610966,2019-06-03,2
11855557,31991157,2019-06-02,2
11587037,133152,2019-06-02,2
10056711,33369795,2019-06-03,2
11410595,43222094,2019-06-02,2
12331739,42033035,2019-06-02,2
11724153,45599083,2019-06-02,2
1114687,32601715,2019-06-02,2
8001961,46430307,2019-06-02,2
12352095,37143122,2019-06-02,2
4334813,43497416,2019-06-02,2
12238850,598211,2019-06-02,2
10927161,47418297,2019-06-02,2
10299079,31516269,2019-06-02,2
10120831,46004922,2019-06-02,2
10131611,46248838,2019-06-02,2
87213,36555462,2019-06-02,2
239057,3953477,2019-06-02,3
10952165,49056803,2019-06-02,2
4885629,39066039,2019-06-02,2
9581495,35612476,2019-06-02,2
9883671,49465153,2019-06-02,2
11131519,36360622,2019-06-02,2
12441317,34302214,2019-06-02,2
8084265,3522150,2019-06-02,3
4830301,2148891,2019-06-02,2
12432399,41690878,2019-06-02,2
1064721,32501550,2019-06-02,2
1049447,33614979,2019-06-02,2
206437,32098737,2019-06-02,2
815423,42238920,2019-06-02,2
11187211,49505474,2019-06-02,2
11371689,32009856,2019-06-02,2
503119,105868,2019-06-02,2
10895073,46029442,2019-06-02,2
11187897,32811135,2019-06-02,2
535605,44774030,2019-06-02,2
656411,51034512,2019-06-02,2
11113137,35885861,2019-06-03,2
10743034,6276842,2019-06-01,2
10685633,32289010,2019-06-01,2
11218599,51409201,2019-06-01,2
10114573,47469562,2019-06-01,2
12286155,43785109,2019-06-01,2
9474339,45220018,2019-06-01,2
9974587,32194887,2019-06-01,3
11322801,45362670,2019-06-01,2
11796155,35892155,2019-06-01,2
12215553,36831594,2019-06-01,2
9119971,35162165,2019-06-01,3
1038093,43914078,2019-06-01,2
8039437,48745022,2019-06-01,3
11363289,4921573,2019-06-01,2
11760511,39869437,2019-06-01,2
12398701,2243509,2019-06-01,2
12016165,46130148,2019-06-01,2
9645181,3286322,2019-06-01,2
11411589,47441085,2019-06-01,2
10999849,35628133,2019-06-01,3
11705973,37290425,2019-06-01,2
10659481,40732272,2019-06-01,4
10887835,47436799,2019-06-01,2
12478529,46127237,2019-06-01,2
11653425,48971313,2019-06-01,2
12279365,7149782,2019-06-01,2
10901849,33740484,2019-06-01,2
12303569,8370627,2019-06-01,2
12372521,35146723,2019-06-01,2
11538667,32447749,2019-06-01,2
4276223,51128802,2019-06-01,2
11567843,41639353,2019-06-01,2
10819711,47410684,2019-06-01,2
11768967,35318397,2019-06-01,2
12111925,4054309,2019-06-01,2
11626895,7050193,2019-06-01,3
4846639,42033035,2019-06-01,2
10437791,39833031,2019-06-01,3
11766251,4263175,2019-06-01,2
10986157,49521814,2019-06-01,2
12105695,47310266,2019-06-01,2
11370807,39659199,2019-06-01,2
9894759,41936535,2019-06-01,2
11813711,7026437,2019-06-01,2
4662175,34321811,2019-06-01,2
12072263,44602305,2019-06-01,2
11490017,46484312,2019-06-01,2
4337403,33906453,2019-06-01,2
10036411,47318357,2019-06-01,2
11960473,42763393,2019-06-01,2
4691561,42033033,2019-06-01,2
10545079,47373052,2019-06-01,2
4927937,34440832,2019-06-01,2
9943185,33649240,2019-06-01,2
11312931,31989393,2019-06-01,2
9067261,39132157,2019-05-31,2
10883873,46948147,2019-05-31,2
11933747,5889245,2019-05-31,2
7946155,4077198,2019-06-01,2
9176867,42687454,2019-06-01,2
9816548,46702793,2019-06-01,2
8928843,579438,2019-05-31,2
8843793,35666753,2019-05-31,2
9576049,36802078,2019-06-01,2
10703231,44061670,2019-05-31,2
9052211,31929775,2019-05-31,2
11863733,51256166,2019-05-31,2
8605639,41520628,2019-05-31,3
4956665,38185147,2019-05-31,2
5020455,43772471,2019-05-31,2
10267299,42042607,2019-05-31,2
10726359,46708088,2019-05-31,3
4350157,6044953,2019-05-31,2
11927853,31647537,2019-05-31,2
4793271,282655,2019-05-31,2
10110303,4793022,2019-05-31,2
12089917,39419452,2019-05-31,2
10628009,46701144,2019-05-31,2
10313863,46008250,2019-05-31,2
7922271,51577294,2019-05-31,2
10645495,38853369,2019-05-31,2
4195499,46364076,2019-05-31,3
4754575,36417031,2019-05-31,2
9048641,33113487,2019-05-31,2
11763899,39675926,2019-05-31,2
11558491,46514383,2019-05-31,3
11123702,31709154,2019-05-31,2
9804585,46453526,2019-05-31,2
8445605,9076610,2019-05-31,2
11115895,32950064,2019-05-31,2
8006355,2959130,2019-05-31,2
9946601,43905940,2019-05-31,3
4746287,39554686,2019-05-31,3
9541077,34395209,2019-05-31,2
8441461,6031434,2019-05-31,2
10124625,42889637,2019-05-31,2
9330713,51120516,2019-05-31,2
4638387,2047208,2019-05-31,2
371385,33684119,2019-05-31,2
12316423,22738659,2019-05-31,2
8986313,36419943,2019-05-31,2
9058007,39420236,2019-05-31,2
9052407,6127144,2019-05-31,2
4198313,38430401,2019-05-31,2
10476599,48923335,2019-05-31,2
8832369,36357275,2019-05-31,2
8164471,41173478,2019-05-31,2
10255525,45909894,2019-05-30,2
8334809,32554190,2019-05-30,2
12312279,39760461,2019-05-30,2
8649529,40262049,2019-05-30,2
8089109,42076996,2019-05-30,2
4311293,34324697,2019-05-30,3
8812391,42579328,2019-05-30,2
10243317,50002386,2019-05-30,2
8899149,6630843,2019-05-30,2
9870553,50032237,2019-05-30,2
8826727,6890783,2019-05-30,2
9047185,32056108,2019-05-30,3
9123177,31083649,2019-05-30,2
10118829,40386604,2019-05-30,2
12231681,40725972,2019-05-30,3
9170496,32647282,2019-05-30,2
4921847,48812801,2019-05-30,2
744079,35884674,2019-05-30,6
9915185,46693413,2019-05-30,2
4366733,49744240,2019-05-30,2
10556427,49582477,2019-05-30,2
9769557,43387595,2019-05-30,2
557739,46948387,2019-05-30,3
12236707,46067878,2019-05-30,2
10822175,35886244,2019-05-30,2
630609,34003520,2019-05-30,2
8908501,47107038,2019-05-30,3
1107113,51257149,2019-05-30,2
11444377,50413505,2019-05-30,2
5090379,3445552,2019-05-30,2
8296029,35750088,2019-05-30,4
8932343,44698885,2019-05-30,2
9279487,38670343,2019-05-30,2
10211901,47591527,2019-05-31,2
812120,43214141,2019-05-31,2
11519301,31730438,2019-05-29,5
11291987,46736307,2019-05-31,2
11414557,46863508,2019-05-29,2
11208953,42520900,2019-05-29,2
10114951,49244342,2019-05-30,2
4846975,32350937,2019-06-10,2
10219265,46552281,2019-06-10,2
4683777,36532287,2019-06-09,2
12502567,47082723,2019-06-09,3
11782687,39781174,2019-06-09,2
9272599,48491398,2019-06-09,2
10581123,50602161,2019-06-09,2
8811299,43475096,2019-06-09,2
10426325,31999762,2019-06-09,2
9789445,48229363,2019-06-09,2
12305027,6044350,2019-06-09,2
4693815,48376897,2019-06-09,2
9776459,4036591,2019-06-09,2
8138627,35353070,2019-06-09,2
4860485,44767276,2019-06-09,2
12454617,31903266,2019-06-09,3
10911047,48996821,2019-06-09,2
11698295,48545625,2019-06-09,2
9883671,52204754,2019-06-09,2
11295655,31526711,2019-06-09,2
12370911,40416396,2019-06-09,2
12283509,50769023,2019-06-09,2
12446567,1265336,2019-06-09,2
866831,37822925,2019-06-09,2
8438003,45969168,2019-06-09,2
853041,44305015,2019-06-09,2
10830029,35255701,2019-06-09,2
12013897,46719056,2019-06-09,2
10489829,46837430,2019-06-09,2
10450377,46658670,2019-06-09,2
11347917,50787237,2019-06-09,2
10687649,47323131,2019-06-09,2
11585357,46013132,2019-06-09,2
10672389,44773992,2019-06-09,2
10442187,48315850,2019-06-09,2
12098583,46703750,2019-06-09,2
10802659,36705164,2019-06-09,2
10915219,50495455,2019-06-09,2
11423251,47986100,2019-06-09,2
11017643,49857136,2019-06-09,2
10132017,47841013,2019-06-09,2
1068963,43758647,2019-06-09,2
9785867,41817408,2019-06-09,2
12078829,5906835,2019-06-09,2
11443215,45982434,2019-06-09,3
878115,35472886,2019-06-09,5
12301541,50674897,2019-06-09,2
12477969,42603033,2019-06-09,2
11126759,3131442,2019-06-09,2
11563251,52810181,2019-06-08,2
11578763,6611375,2019-06-08,2
11429146,34134537,2019-06-08,2
8454663,41491597,2019-06-09,2
12288143,40558513,2019-06-08,2
11981123,35808327,2019-06-08,2
9113755,34576028,2019-06-09,2
10335451,31254392,2019-06-08,2
10420865,2087452,2019-06-08,2
47831,48727322,2019-06-08,2
10725743,31784124,2019-06-08,2
814429,32939412,2019-06-08,2
10939271,6316299,2019-06-08,2
9508919,42647310,2019-06-08,2
11911781,4734798,2019-06-08,2
9634541,3172516,2019-06-08,2
5040511,53693684,2019-06-08,2
4882409,41893981,2019-06-08,2
11390603,37545148,2019-06-08,2
11048891,46081993,2019-06-08,3
12046531,31760535,2019-06-09,2
10090311,50272969,2019-06-09,2
11155683,2852636,2019-06-09,2
8110589,33116088,2019-06-08,2
185003,31516269,2019-06-08,2
11969433,6143386,2019-06-08,2
9874683,51701892,2019-06-08,2
11869445,44741621,2019-06-08,2
11016215,653959,2019-06-08,2
8958649,6616058,2019-06-08,3
11667579,47064630,2019-06-08,2
141533,31312767,2019-06-08,2
10553655,48480455,2019-06-08,2
11337025,47325813,2019-06-08,2
10262315,4079093,2019-06-08,2
816655,37318304,2019-06-08,2
10873261,6129296,2019-06-08,2
12308163,47579398,2019-06-08,2
12407003,48666737,2019-06-08,2
10142125,6463407,2019-06-08,3
10450125,33911250,2019-06-08,2
11391177,4904184,2019-06-08,2
8441041,14182659,2019-06-08,3
4974081,3283533,2019-06-08,2
10669785,34764200,2019-06-08,2
8954281,41510958,2019-06-08,2
4695243,31081516,2019-06-08,2
8226477,43857968,2019-06-08,2
11134627,48666653,2019-06-08,2
4631501,2304083,2019-06-08,2
11646901,32011043,2019-06-08,2
11594821,50066508,2019-06-08,2
4759195,47315353,2019-06-08,2
10278275,32795557,2019-06-08,2
9110759,31516269,2019-06-08,2
8960735,3691333,2019-06-08,2
817299,343384,2019-06-07,2
838817,2876934,2019-06-08,2
1031331,2523510,2019-06-08,2
10351800,31884886,2019-06-08,2
10696581,51481727,2019-06-08,2
11551239,597866,2019-06-08,2
4878855,33061423,2019-06-08,2
8323707,50115229,2019-06-08,4
9137695,46265830,2019-06-08,2
8518321,42739787,2019-06-08,2
10167465,47319104,2019-06-08,2
11271799,31608496,2019-06-08,2
8986705,51307669,2019-06-08,2
8111327,7587271,2019-06-07,2
10739799,32113901,2019-06-08,2
11624571,49237774,2019-06-08,2
11872747,50831699,2019-06-08,2
12429283,50773671,2019-06-07,2
11912623,34426885,2019-06-07,2
10493049,47180886,2019-06-07,2
12242111,42450997,2019-06-07,2
4749045,42033033,2019-06-07,2
11779411,32056127,2019-06-07,2
10975097,50965348,2019-06-08,2
12118477,31449887,2019-06-07,4
12158769,43277408,2019-06-07,8
10101343,32967167,2019-06-07,2
10212377,44165312,2019-06-07,3
7889973,3725029,2019-06-07,2
9060345,31569468,2019-06-07,2
1083173,2585586,2019-06-07,2
12099913,2798839,2019-06-07,2
11346853,35752975,2019-06-07,2
11718245,33114695,2019-06-07,2
7966357,3327866,2019-06-07,2
8983849,43178102,2019-06-07,3
11717699,3404070,2019-06-07,2
10877083,40731013,2019-06-07,2
8915417,47480321,2019-06-07,2
4350157,52864206,2019-06-07,2
8708231,6904337,2019-06-07,2
5031943,7132664,2019-06-07,2
10527492,45603090,2019-06-07,3
4238087,40130256,2019-06-07,2
11593045,46262919,2019-06-07,2
11751537,1173704,2019-06-07,2
12203723,3901818,2019-06-07,2
11950449,47976276,2019-06-07,2
11786873,39035847,2019-06-07,3
12466601,48632655,2019-06-07,2
11151049,32194833,2019-06-07,2
8941275,46741621,2019-06-07,2
4289359,36948570,2019-06-07,2
11237824,46833533,2019-06-07,2
12469009,36764991,2019-06-07,2
11564889,46756788,2019-06-07,2
12300855,6896416,2019-06-07,2
9986865,34455163,2019-06-07,2
12406673,50951798,2019-06-07,3
11402089,46421359,2019-06-07,2
9474717,6844322,2019-06-07,2
11727359,31784480,2019-06-07,2
10000459,43337036,2019-06-07,2
11021717,43214118,2019-06-07,2
9945957,49957069,2019-06-07,2
10810051,37567190,2019-06-07,2
10497781,2783301,2019-06-07,2
10294403,31263963,2019-06-07,2
10696595,46029442,2019-06-08,2
11002509,34455395,2019-06-08,2
9245831,50270870,2019-06-06,4
10230125,37482229,2019-06-07,2
4862095,2864832,2019-06-06,2
833105,34553847,2019-06-07,2
10939341,35264828,2019-06-06,2
11709621,6636354,2019-06-06,2
5288353,4661182,2019-06-06,2
5155199,39300246,2019-06-06,2
10951563,1387917,2019-06-06,2
86023,31716556,2019-06-08,3
11646341,46634371,2019-06-06,2
1119755,42191139,2019-06-06,2
12339649,3900659,2019-06-06,2
11795581,4582405,2019-06-06,2
10882851,33009865,2019-06-06,2
8836807,48229465,2019-06-06,2
9846879,46887183,2019-06-06,3
11209193,48670173,2019-06-06,2
10996209,43135479,2019-06-06,2
1049489,31803352,2019-06-07,2
815353,38420172,2019-06-06,3
11996733,39031317,2019-06-06,2
10483221,32096499,2019-06-06,2
4700273,31723189,2019-06-06,3
8371741,2157641,2019-06-06,2
11206209,38542073,2019-06-06,2
9614871,37261262,2019-06-06,2
11110295,46677421,2019-06-06,3
11742340,32242542,2019-06-06,2
10645831,42780162,2019-06-06,2
4752307,41908419,2019-06-06,2
11886539,42794733,2019-06-06,2
757701,3170648,2019-06-06,2
4700409,51623653,2019-06-06,2
1114981,38862185,2019-06-06,2
8533805,76210,2019-06-06,2
5079504,47122574,2019-06-06,2
10778047,50383694,2019-06-06,2
8790103,36371341,2019-06-06,2
8534981,35032039,2019-06-06,2
10275419,41849946,2019-06-06,2
10259179,38132694,2019-06-06,2
9044581,32119201,2019-06-06,2
10294277,34068165,2019-06-06,2
8221661,46302453,2019-06-06,2
9578933,35651663,2019-06-06,2
545755,38923576,2019-06-05,2
8174957,34722316,2019-06-05,2
373289,34960035,2019-06-05,2
381017,51034226,2019-06-05,2
10285611,47498437,2019-06-05,2
581161,31732430,2019-06-05,2
854091,48690901,2019-06-05,2
8809017,36818199,2019-06-05,2
12315191,49871024,2019-06-05,2
11565379,46668712,2019-06-05,2
4782855,38674388,2019-06-05,2
4329269,40456171,2019-06-05,2
4265429,47038839,2019-06-05,2
1115821,44070768,2019-06-05,2
4269587,46481464,2019-06-05,2
8518419,3260200,2019-06-05,2
1111299,42708508,2019-06-06,2
9226903,34582284,2019-06-05,2
12046307,1305390,2019-06-05,2
1055649,38668252,2019-06-05,2
4224787,48228319,2019-06-05,3
10257625,34374182,2019-06-05,2
7908229,51455895,2019-06-05,2
11542111,2934377,2019-06-05,2
11483171,48771125,2019-06-05,2
4775533,6540185,2019-06-05,2
4711693,50079966,2019-06-05,2
4698967,38960574,2019-06-05,2
8308783,48727990,2019-06-05,2
4665493,45343084,2019-06-05,4
10025827,6127144,2019-06-05,2
9739163,37115311,2019-06-05,2
5012063,34543935,2019-06-05,2
4256723,45607551,2019-06-04,2
10766035,50993371,2019-06-04,2
8213303,41915280,2019-06-04,2
4880421,52236364,2019-06-05,2
4769947,32194399,2019-06-04,3
9143729,6009715,2019-06-04,2
4346517,27070159,2019-06-04,2
11016523,7721660,2019-06-04,2
11205789,47385199,2019-06-04,2
8024807,47094884,2019-06-04,2
10363241,46245800,2019-06-04,2
10587213,44621216,2019-06-05,2
10042557,48210597,2019-06-05,2
4282747,36821544,2019-06-05,2
11516057,47107292,2019-06-04,2
5304439,44348602,2019-06-04,2
10038259,18363259,2019-06-04,2
4701753,5855186,2019-06-04,2
8660253,51594416,2019-06-04,2
8526483,32121045,2019-06-04,2
4782673,35008722,2019-06-04,2
5301569,33349214,2019-06-04,2
10948343,40276009,2019-06-04,2
9988041,43863929,2019-06-04,3
11995977,50376713,2019-06-04,2
12275599,41942013,2019-06-04,2
12223043,32283579,2019-06-04,2
12406177,41722281,2019-06-04,2
8460403,49775272,2019-06-04,2
12187329,45296128,2019-06-04,2
10373293,49641860,2019-06-04,3
9694531,37635505,2019-06-04,2
12045691,49709496,2019-06-04,2
856093,37036328,2019-06-04,2
10369471,34540000,2019-06-04,2
1133111,50083016,2019-06-04,5
12428990,39349787,2019-06-04,2
7897785,47369046,2019-06-04,2
10864427,41687640,2019-06-04,2
854385,35299456,2019-06-04,2
8643159,43524799,2019-06-04,2
1080238,3780865,2019-06-04,2
12499697,37857084,2019-06-04,2
679553,46989925,2019-06-04,2
10707221,2151890,2019-06-04,2
12003159,45945462,2019-06-04,2
8480591,47122704,2019-06-04,2
12294989,3522295,2019-06-04,2
7895479,51762668,2019-06-04,2
11810743,2555856,2019-06-04,2
5305867,1069431,2019-06-04,2
11390099,47705127,2019-06-04,2
712397,51119714,2019-06-04,4
8936641,46098803,2019-06-04,2
10911565,41844012,2019-06-04,2
9506343,2702567,2019-06-04,2
8357503,32044619,2019-06-04,2
10564533,35410694,2019-06-04,2
8887123,42671596,2019-06-03,2
12232913,39050110,2019-06-03,2
11807789,33112555,2019-06-04,2
10527433,47643134,2019-06-04,2
11821943,29759259,2019-06-04,2
10739813,34340471,2019-06-03,2
11490745,32604188,2019-06-03,2
8257333,3383716,2019-06-03,2
11197361,46645164,2019-06-03,2
11622037,51274794,2019-06-03,2
12364259,76427,2019-06-03,2
11727177,43845804,2019-06-03,4
11656799,42485802,2019-06-03,2
4824295,39722128,2019-06-03,2
9573879,47335709,2019-06-03,2
11796211,34265692,2019-06-03,2
10679151,35375805,2019-06-03,2
9227841,32284226,2019-06-03,2
11772117,43556169,2019-06-03,2
11592847,33914986,2019-06-03,3
12046153,49256872,2019-06-03,2
10567809,39641351,2019-06-03,2
12293631,3766981,2019-06-03,3
10301137,49363048,2019-06-03,2
103383,47868704,2019-06-03,2
10468857,4943893,2019-06-03,2
9565815,32724729,2019-06-03,2
9873115,38521532,2019-06-03,2
11132919,46393615,2019-06-03,2
9817003,40177021,2019-06-03,2
12373025,44154300,2019-06-03,2
12223421,5777203,2019-06-03,2
10891419,33371784,2019-06-03,2
12315401,35265986,2019-06-03,2
11932165,32027924,2019-06-03,2
12138875,46703161,2019-06-03,2
12315401,50115994,2019-06-03,2
11588493,39850199,2019-06-03,2
10436951,4820807,2019-06-03,2
9425927,43842580,2019-06-03,2
12239423,36831594,2019-06-03,2
9967853,3633997,2019-06-03,2
1060213,39833031,2019-06-03,2
12487783,9512377,2019-06-03,2
10982363,1263853,2019-06-03,2
8519805,50079991,2019-06-03,2
10938417,47043689,2019-06-03,2
10235575,44296806,2019-06-03,2
12268977,47295420,2019-06-02,2
11019925,40552062,2019-06-02,2
10276035,35819955,2019-06-03,2
12226543,46658875,2019-06-03,2
8376906,75982,2019-06-02,6
12407829,41140045,2019-06-03,3
151935,50600754,2019-06-03,2
329021,33862766,2019-06-03,2
10953565,40769893,2019-06-03,2
817025,6693796,2019-06-03,2
4341841,44575889,2019-06-02,2
11343577,37519519,2019-06-02,2
4223555,32234726,2019-06-02,2
11347021,5770519,2019-06-03,2
10156307,7157790,2019-06-03,3
11913111,50773671,2019-06-03,2
12068637,40570013,2019-06-03,2
190435,39807966,2019-06-03,2
10582204,7035621,2019-06-02,2
8564213,34215447,2019-06-02,2
12178243,32630172,2019-06-02,2
10771173,51911510,2019-06-02,2
10815609,3680857,2019-06-02,2
10822735,33306687,2019-06-02,2
9244039,25592309,2019-06-02,2
11039203,4434239,2019-06-02,2
10701173,46195253,2019-06-02,2
10912685,45518090,2019-06-02,3
10728697,133152,2019-06-02,2
10146381,46231998,2019-06-02,3
8445507,6459172,2019-06-02,2
11640069,39861831,2019-06-02,2
8876161,31617354,2019-06-02,2
12453763,37815203,2019-06-02,2
12422431,49325999,2019-06-02,3
12448835,40276023,2019-06-02,2
10556413,6738109,2019-06-02,2
11665521,4334755,2019-06-02,2
4364251,41643462,2019-06-02,2
10937423,38155376,2019-06-02,2
10276035,48210357,2019-06-02,2
10596201,33174132,2019-06-02,2
12161387,38607384,2019-06-02,2
11761197,37826707,2019-06-02,2
11811737,2747469,2019-06-02,2
12493173,32972038,2019-06-02,2
12182765,39040632,2019-06-02,2
11510555,41062326,2019-06-02,2
10245837,31450194,2019-06-02,2
8210377,31350381,2019-06-02,2
4619265,51134412,2019-06-02,2
12420625,33906449,2019-06-02,2
10602151,40275998,2019-06-02,2
9496179,42538700,2019-06-02,2
11338803,2013818,2019-06-02,2
12228797,43524799,2019-06-02,2
11669637,50891229,2019-06-02,2
5242027,653961,2019-06-02,2
8133573,50416594,2019-06-02,2
11269139,32138371,2019-06-02,2
12064801,3864604,2019-06-02,2
8555939,34609783,2019-06-02,2
450849,44577672,2019-06-02,2
7993629,34690703,2019-06-02,2
11864097,43927924,2019-06-02,2
10897607,34754491,2019-06-02,2
9163077,50494101,2019-06-02,2
10249673,45349370,2019-06-02,2
11572225,47731385,2019-06-02,2
8835827,3059800,2019-06-02,2
4164965,2190212,2019-06-02,2
10572583,40568424,2019-06-02,2
148505,38233686,2019-06-02,2
8640373,32214670,2019-06-02,2
9268469,44705709,2019-06-02,2
10718295,44748662,2019-06-02,2
868007,51103180,2019-06-02,2
10579625,598023,2019-06-03,2
4667131,45284805,2019-06-03,2
11692821,4713939,2019-06-03,2
10806467,42688825,2019-06-02,2
11983601,34213277,2019-06-01,3
4874429,42709119,2019-06-01,2
5031257,111493,2019-06-01,2
10619651,50620472,2019-06-01,2
9469621,35182218,2019-06-01,2
8146579,47973140,2019-06-01,2
9889733,32498257,2019-06-01,2
4303719,31186392,2019-06-01,2
4886217,47196376,2019-06-04,2
5120491,48338790,2019-06-04,2
10998463,31521884,2019-06-01,3
10153983,34579154,2019-06-01,2
4763725,2517687,2019-06-01,2
9869811,40926787,2019-06-01,2
9513203,36891932,2019-06-01,2
4999673,44602600,2019-06-01,2
9762151,43885444,2019-06-01,2
5141157,33173773,2019-06-01,2
4843125,31373936,2019-06-01,2
4627749,40729041,2019-06-01,2
8443561,39216101,2019-06-01,2
9021677,43145167,2019-06-01,2
10709464,42022916,2019-06-01,2
7987035,31985000,2019-06-01,3
4884775,35720258,2019-06-01,2
11068603,31091696,2019-06-01,2
9354457,36404706,2019-06-01,2
8701679,47485772,2019-06-01,2
8245937,7153067,2019-06-01,2
11458013,34807805,2019-06-01,2
9565227,46234841,2019-06-01,2
1079617,33312723,2019-06-01,2
10410001,50839012,2019-06-01,3
10173121,3425871,2019-06-01,3
8908431,47884304,2019-06-01,2
9576693,34731936,2019-06-01,2
9253615,44428649,2019-06-01,2
1059821,36496457,2019-06-01,2
817915,38859954,2019-05-31,2
5316003,45670326,2019-06-01,2
4662231,47426452,2019-06-01,2
55559,8836853,2019-06-01,2
11594723,34429025,2019-06-01,2
11502729,37531459,2019-05-31,2
237545,42572213,2019-05-31,2
4325279,42249790,2019-06-01,2
9491979,35013093,2019-06-01,2
9105383,1069826,2019-06-01,2
5113108,41003579,2019-05-31,2
9424079,5778292,2019-05-31,2
10337621,37155575,2019-05-31,2
9853697,4411127,2019-05-31,2
10039029,31651030,2019-05-31,2
10118887,51242289,2019-05-31,2
9820223,31499215,2019-05-31,2
4164167,33753548,2019-05-31,2
8495361,2145739,2019-05-31,2
4650555,2215961,2019-05-31,2
8709057,2951827,2019-05-31,2
10714893,42249721,2019-05-31,2
9343509,4227042,2019-05-31,2
4722655,32437051,2019-05-31,2
8463665,33614742,2019-05-31,2
9788051,35323183,2019-05-31,2
8949519,48875307,2019-05-31,2
5108957,35907849,2019-05-31,4
10961839,3170897,2019-05-31,2
10976707,36325973,2019-05-31,2
9062053,41656830,2019-05-31,2
1092146,47417782,2019-05-31,2
11060567,50601830,2019-05-31,2
9706613,32018792,2019-05-30,2
9637061,34544732,2019-05-30,2
4989747,42033035,2019-05-30,2
5313665,49516142,2019-06-01,2
4627483,34067569,2019-06-01,2
11995084,33859185,2019-05-30,2
9316349,39381939,2019-05-30,2
11613035,39132157,2019-05-30,2
10888549,46668464,2019-05-31,2
9726638,2585366,2019-05-30,2
12437859,40275993,2019-05-30,2
10680173,6896300,2019-05-30,2
9302909,32677141,2019-05-30,3
8896475,46004922,2019-05-30,2
8753787,35234760,2019-05-30,3
11345467,40276009,2019-05-30,2
11730369,6503436,2019-05-30,2
10536841,2300524,2019-05-30,3
12016277,45972411,2019-05-30,2
12029689,36749109,2019-05-30,2
10678969,46370878,2019-05-30,2
12465047,46797453,2019-05-30,2
10663037,42362496,2019-05-30,2
9016259,32356918,2019-05-30,2
8992599,44245518,2019-05-30,2
12450389,49396471,2019-05-30,2
11309151,48923369,2019-05-30,2
11583159,42856122,2019-05-30,2
239057,36689328,2019-06-01,4
11691631,35819251,2019-06-01,2
12141395,43185342,2019-05-30,2
9561727,3735903,2019-05-31,4
9729391,39932747,2019-05-31,2
12338781,45402138,2019-05-31,3
11111275,41743006,2019-05-29,2
11459455,34318566,2019-05-29,2
4261215,37841675,2019-05-29,2
5289711,39329222,2019-05-29,2
10349003,47095979,2019-05-29,2
11454401,4277617,2019-05-29,2
10520055,336442,2019-05-29,2
10476431,41697071,2019-05-29,2
11820669,3465385,2019-05-29,2
11450439,46369267,2019-05-29,3
8005515,2260676,2019-05-29,2
10777711,46548509,2019-05-29,3
9748795,44487337,2019-05-29,2
11415285,32091404,2019-05-29,2
12481427,32054321,2019-05-29,2
10319519,41294204,2019-05-29,2
184499,36833728,2019-05-29,2
10066617,51025491,2019-05-29,2
11534397,39224790,2019-05-29,2
10335563,34970147,2019-05-29,2
12475687,4124449,2019-05-29,2
11349051,35074130,2019-05-29,2
4645557,47047754,2019-05-29,4
4770157,44818998,2019-05-29,2
12420933,48709620,2019-05-29,2
12209309,37674268,2019-05-29,2
1030589,42493603,2019-05-29,2
12304341,31440055,2019-05-29,2
11454345,3193021,2019-05-29,2
12002799,51018551,2019-05-29,2
9428279,48687304,2019-05-29,2
12117483,39050110,2019-05-29,2
9598505,942107,2019-05-29,3
9149329,47013895,2019-05-29,2
11899937,31816411,2019-05-29,2
1131221,35755650,2019-05-29,2
11287969,5891745,2019-05-29,2
4633139,32528924,2019-05-29,2
11368749,6875441,2019-05-28,2
4859423,34340471,2019-05-28,6
11000507,64894,2019-05-28,2
12275613,39748585,2019-05-28,3
9620723,32456360,2019-05-28,3
11368007,43240617,2019-05-29,2
10987025,35605608,2019-05-29,2
10520265,43747632,2019-05-28,2
4703503,3264396,2019-05-28,2
10298183,35335079,2019-05-28,2
10922009,2827196,2019-05-28,2
9644803,44747955,2019-05-28,2
9273439,41169644,2019-05-28,2
8806427,39861831,2019-05-28,2
11481813,47896333,2019-05-28,2
11709971,42932904,2019-05-28,2
10861725,35448543,2019-05-28,5
8751757,39424211,2019-05-28,8
12055169,6930472,2019-05-28,2
12038607,36347755,2019-05-28,2
597695,31278748,2019-05-28,3
9575274,49567960,2019-05-28,2
11159337,41983462,2019-05-28,2
9939951,3811954,2019-05-28,2
11255741,38557892,2019-05-28,2
11852813,42712500,2019-05-28,3
5063499,910964,2019-05-28,3
9775087,36984016,2019-05-28,2
1044211,46473812,2019-05-28,3
10452799,31639073,2019-05-28,2
12365171,32267418,2019-05-28,2
11604341,42639946,2019-05-28,2
12121193,51366928,2019-05-28,2
10410001,37126710,2019-05-28,5
10376541,43392091,2019-05-28,2
11215883,36863000,2019-05-28,2
10356759,40404828,2019-05-28,2
11817232,4661596,2019-05-28,2
10847277,4232721,2019-05-28,2
10847277,3174327,2019-05-28,2
9881963,34340471,2019-05-28,2
1071091,47047223,2019-05-28,2
11374489,46377075,2019-05-28,2
11258443,46231998,2019-05-28,2
10709797,50493033,2019-05-28,4
11131211,45988986,2019-05-28,2
12341497,37841129,2019-05-28,2
10103863,36769001,2019-05-28,2
10764943,34751863,2019-05-28,2
104251,49833962,2019-05-28,2
10878063,39123947,2019-05-28,2
12220161,46300673,2019-05-28,4
8776929,48018507,2019-05-28,2
8580551,39173753,2019-05-28,2
11351669,6773149,2019-05-28,2
11230163,6521035,2019-05-28,2
11072047,1294667,2019-05-28,2
11126437,46623641,2019-05-28,3
12005973,24821459,2019-05-28,2
10417505,44597761,2019-05-28,3
8526987,33174572,2019-05-28,2
12292945,46555091,2019-05-28,2
11561403,40404826,2019-05-28,2
12192705,7060005,2019-05-28,2
8470637,31299290,2019-05-28,5
11753049,51429744,2019-05-28,2
11626307,39676359,2019-05-28,2
8658307,32948221,2019-05-28,2
9994747,6854639,2019-05-28,2
4254677,39779352,2019-05-28,2
4980759,4364318,2019-05-28,2
9877819,36412497,2019-05-28,3
5246045,41728036,2019-05-28,3
10924487,39286337,2019-05-28,2
12472943,35115254,2019-05-28,2
4835357,43127079,2019-05-28,2
8979691,31926941,2019-05-28,2
10575719,7055195,2019-05-28,4
10927413,34913531,2019-05-28,3
5200545,36367782,2019-05-28,3
11289901,33005638,2019-05-28,2
12417923,39867188,2019-05-28,3
8851073,34316442,2019-05-28,2
10802659,48369001,2019-05-28,2
9691227,9512377,2019-05-28,2
1115191,48308025,2019-05-28,2
10287971,43913996,2019-05-28,3
10624705,49628201,2019-05-28,2
10109183,47858777,2019-05-28,3
857017,45343084,2019-05-28,2
10030489,47752795,2019-05-28,2
4941643,35472886,2019-05-28,2
8467403,37619328,2019-05-28,2
10474471,31517837,2019-05-28,2
8414035,45539465,2019-05-28,2
8054207,6035727,2019-05-28,2
271159,6807612,2019-05-28,3
9161229,3675585,2019-05-28,2
1089487,3418069,2019-05-28,2
11507195,46087639,2019-05-28,2
9222143,50602118,2019-05-28,2
10265143,31923060,2019-05-28,2
8817165,34732071,2019-05-28,2
5273849,3950020,2019-05-28,2
12153939,2253449,2019-05-28,2
8154909,46287402,2019-05-28,2
10681881,40276001,2019-05-28,2
1065995,6751613,2019-05-28,2
8742251,35673984,2019-05-28,2
4915407,32895709,2019-05-28,2
338023,2079059,2019-05-28,2
8794415,36848633,2019-05-28,2
10282125,2987195,2019-05-28,2
789803,34131002,2019-05-28,2
10884895,47050575,2019-05-28,2
567665,31882785,2019-05-28,2
10681125,35248417,2019-05-28,2
10365425,43803233,2019-05-28,2
7872151,3567810,2019-05-28,2
8441727,5953282,2019-05-28,2
1132159,3968898,2019-05-28,2
9712129,31986091,2019-05-28,2
4642211,38536166,2019-05-27,3
10591889,38349261,2019-05-27,2
1064007,50376727,2019-05-27,2
448539,45520023,2019-05-27,2
8941331,3735924,2019-05-27,2
8054095,35133328,2019-05-28,2
9040941,42355092,2019-05-28,2
4309697,41090289,2019-05-27,2
10252613,47985629,2019-05-27,2
8965565,4780311,2019-05-27,2
9756803,6486943,2019-05-27,2
10640133,31994091,2019-05-27,2
4164587,2823843,2019-05-27,2
8582567,3242146,2019-05-27,3
11236435,44130998,2019-05-27,2
9386391,2696060,2019-05-27,3
10331741,35725375,2019-05-27,3
4936603,32938497,2019-05-27,2
11079999,42115250,2019-05-27,2
11510359,32036187,2019-05-27,2
4976503,43894749,2019-05-27,2
9201269,39804321,2019-05-27,2
5278852,288526,2019-05-27,2
10664549,50476975,2019-05-27,3
9794925,38550291,2019-05-27,2
10310363,46344557,2019-05-27,2
10998813,76652,2019-05-27,2
275121,47599517,2019-05-27,3
9588397,3932708,2019-05-27,4
9441859,1068885,2019-05-27,2
346703,32193880,2019-05-27,2
51163,44460181,2019-05-27,2
4159057,41084614,2019-05-27,2
11288893,32447603,2019-05-27,2
11416559,35009451,2019-05-27,2
9156343,32086320,2019-05-27,2
10218845,4640219,2019-05-27,2
10527267,4749698,2019-05-27,2
9400083,48018504,2019-05-27,2
5120031,47022917,2019-05-27,2
5085955,44300148,2019-05-27,2
9906841,35606228,2019-05-27,2
11891047,39876725,2019-05-27,2
9683051,31818048,2019-05-27,2
12395117,31674955,2019-05-27,2
8614683,25874459,2019-05-27,2
8430457,37310081,2019-05-27,2
11253039,3168463,2019-05-27,2
10659523,47414375,2019-05-27,4
8199118,35305808,2019-05-27,2
9701321,3701626,2019-05-27,2
4943253,546024,2019-05-27,3
9433445,36760215,2019-05-27,2
9415749,3577860,2019-05-27,2
4340217,367972,2019-05-27,2
9212497,31843261,2019-05-27,5
10068583,3333210,2019-05-27,2
9263485,41697824,2019-05-27,3
4302263,497697,2019-05-27,2
10051349,31682315,2019-05-27,2
9360099,32249975,2019-05-27,4
10517031,38844871,2019-05-27,2
9358195,35458622,2019-05-27,4
8321705,6881512,2019-05-27,2
11496597,40177194,2019-05-27,4
8697703,46528091,2019-05-27,2
4836615,36519198,2019-05-27,2
9027109,40276009,2019-05-27,2
5307029,4040258,2019-05-27,2
5314309,34292458,2019-05-27,2
4344585,50094116,2019-05-27,2
10237577,46874406,2019-05-27,2
10009769,38853369,2019-05-27,2
11479951,42595873,2019-05-27,2
11007731,50412148,2019-05-27,2
10885343,34982166,2019-05-27,2
12249951,4419692,2019-05-27,2
11455703,49378026,2019-05-27,2
11395741,2054192,2019-05-27,2
12148073,32640525,2019-05-27,2
10595543,37145753,2019-05-27,2
12066817,46843653,2019-05-27,2
10795379,29333759,2019-05-27,2
11248797,36891932,2019-05-27,2
11623353,33673262,2019-05-27,2
12153799,50270500,2019-05-27,2
9493785,35105698,2019-05-27,2
4265261,49250416,2019-05-27,2
10044209,31131242,2019-05-27,2
9070341,41151787,2019-05-27,2
10082653,35305799,2019-05-27,2
11563839,32069143,2019-05-27,3
9573893,33042203,2019-05-27,2
12154695,4418398,2019-05-27,2
42907343,46249438,2019-05-27,2
42029855,36420714,2019-05-27,2
42349335,86593,2019-05-27,2
44106741,34634346,2019-05-27,2
43637573,40440168,2019-05-27,2
44401175,43145168,2019-05-27,2
42609231,43687161,2019-05-27,2
43477147,43427026,2019-05-27,2
44134724,36263458,2019-05-27,2
44392831,38563409,2019-05-27,2
43016659,6486947,2019-05-27,2
41859783,44268320,2019-05-27,2
43653994,34943485,2019-05-27,2
43443631,33960010,2019-05-27,2
41884703,48786750,2019-05-27,2
43799824,4245902,2019-05-27,2
43812033,42746899,2019-05-27,3
42921641,50588277,2019-05-27,2
43925567,42660144,2019-05-27,2
43067255,34860875,2019-05-27,3
43161531,48031292,2019-05-27,2
43570832,40237328,2019-05-27,2
42374675,31620959,2019-05-27,2
43280797,46133651,2019-05-27,2
42596855,31716882,2019-05-27,2
43889503,47940657,2019-05-27,2
42576090,39139886,2019-05-27,2
42400155,2980441,2019-05-27,2
43152949,35015988,2019-05-27,3
41947507,702874,2019-05-27,2
44180670,579438,2019-05-27,2
42657629,46731128,2019-05-27,2
43026921,41742608,2019-05-27,3
41968969,46806461,2019-05-27,2
5214307,29333809,2019-05-27,2
43308251,48082640,2019-05-27,2
42047019,50105041,2019-05-26,2
42470924,40167009,2019-05-27,2
41952575,7177902,2019-05-27,2
42391713,35649865,2019-05-27,2
42399259,42016630,2019-05-27,2
43148791,34586006,2019-05-26,2
44358265,43524799,2019-05-26,2
43634843,32677141,2019-05-26,4
42119231,35168759,2019-05-26,3
41842171,33269884,2019-05-26,2
42755615,34422905,2019-05-27,2
41830103,46742768,2019-05-27,2
43485729,40293805,2019-05-27,2
42537145,2307412,2019-05-27,2
42209047,50307134,2019-05-27,2
42085239,34575721,2019-05-27,2
42931511,39676712,2019-05-27,2
43051295,41777177,2019-05-27,2
42343951,35628139,2019-05-26,2
42940807,44184662,2019-05-26,2
43949801,49864308,2019-05-26,4
42001925,4560627,2019-05-26,2
41984537,41475649,2019-05-27,2
42445991,5611268,2019-05-26,2
43183525,26863909,2019-05-26,2
10226027,1068867,2019-05-26,4
44213673,3767154,2019-05-26,5
43282463,31718362,2019-05-26,2
44196223,49913420,2019-05-26,2
43138571,48641280,2019-05-27,2
42283003,50853399,2019-05-27,2
41940759,43775921,2019-05-27,2
43125775,31808027,2019-05-27,2
8332093,38797334,2019-05-26,2
43116703,39067858,2019-05-27,2
42922677,42143227,2019-05-27,2
43796039,6531641,2019-05-27,2
42560164,41900671,2019-05-27,2
41962851,49523534,2019-05-26,2
42581245,35420610,2019-05-27,2
42204680,50416882,2019-05-26,2
43109479,39055461,2019-05-26,2
41898941,31718361,2019-05-26,2
42825377,18363309,2019-05-26,3
42619773,35581654,2019-05-26,2
43462601,48482245,2019-05-27,2
43594957,31843261,2019-05-26,2
42527163,51007036,2019-05-26,2
42981351,6340768,2019-05-26,3
44240079,1265523,2019-05-26,3
44031701,5473867,2019-05-26,2
42376481,4447924,2019-05-26,2
41812605,50602116,2019-05-26,2
42913087,31245130,2019-05-26,2
44145885,47702974,2019-05-27,2
42751876,48887369,2019-05-27,2
42177434,32533227,2019-05-27,2
41810139,43849548,2019-05-27,2
42573013,43346260,2019-05-26,3
44165667,47952365,2019-05-26,2
43586025,44724098,2019-05-26,2
11477753,34913046,2019-05-26,2
41848261,44699684,2019-05-26,3
42857815,34207482,2019-05-26,2
41755665,6646054,2019-05-26,3
42998921,31432449,2019-05-26,2
42628775,1891618,2019-05-26,2
43240771,33735752,2019-05-26,2
43125579,4408422,2019-05-26,2
41910561,37115326,2019-05-26,2
44017995,46540542,2019-05-26,2
44126173,35033649,2019-05-26,2
41975591,34728822,2019-05-26,2
42314517,40955707,2019-05-26,2
42765892,40121409,2019-05-26,2
42361563,33194366,2019-05-27,2
11766825,40113868,2019-05-27,2
43785357,51480004,2019-05-27,2
43014237,43345923,2019-05-27,2
43346177,41989610,2019-05-26,2
44031631,34439507,2019-05-26,2
43422099,29127359,2019-05-26,2
44625658,31511824,2019-05-26,3
42100583,34145308,2019-05-26,2
42951615,34014294,2019-05-26,2
41904751,32093850,2019-05-26,2
43754711,35470357,2019-05-26,2
12461869,36403040,2019-05-26,2
42845719,126274,2019-05-26,3
43180445,49919877,2019-05-26,2
42519323,2650644,2019-05-26,2
42289135,32701269,2019-05-26,2
42492975,41061944,2019-05-26,2
42205583,47864481,2019-05-26,2
43084951,25866359,2019-05-26,2
42448035,3338035,2019-05-26,4
43879535,6743182,2019-05-26,2
44156474,50472275,2019-05-26,2
41778863,31648861,2019-05-26,2
42445026,47109731,2019-05-26,2
41912003,35628133,2019-05-26,2
42683053,43828102,2019-05-26,3
41806233,31516269,2019-05-26,2
10917431,3431046,2019-05-26,3
43066597,32370198,2019-05-26,2
41782115,2984382,2019-05-26,2
44023904,3174375,2019-05-26,2
42628887,6829943,2019-05-26,2
44043839,814483,2019-05-26,2
43874061,35135570,2019-05-26,2
43455251,45350717,2019-05-26,5
44621778,44130998,2019-05-26,2
43147783,46121586,2019-05-26,2
43012021,42128389,2019-05-26,2
44250129,49465124,2019-05-26,2
44029349,32283579,2019-05-26,2
43628767,3748955,2019-05-26,2
43440915,2722498,2019-05-26,2
43382857,35603164,2019-05-26,2
43876941,31294084,2019-05-26,2
41982899,3091616,2019-05-26,3
41768461,3560758,2019-05-26,2
42824229,46002561,2019-05-26,2
43508689,44837177,2019-05-26,2
42106435,45520885,2019-05-26,2
42385517,42349528,2019-05-26,2
43853971,46993020,2019-05-26,2
42210173,34459988,2019-05-26,2
41886495,49334240,2019-05-26,2
42367549,8700120,2019-05-26,2
42306537,36315421,2019-05-26,2
41837005,48974716,2019-05-26,2
42360493,47152468,2019-05-26,2
42654246,44749666,2019-05-26,3
43508475,34813650,2019-05-26,2
42680015,47752401,2019-05-26,2
41961983,45192887,2019-05-26,2
43109983,2677096,2019-05-26,2
44223781,49156643,2019-05-26,2
42432747,48986817,2019-05-26,2
42236453,32028991,2019-05-26,2
41836950,33106576,2019-05-26,2
43629901,4409952,2019-05-26,3
43279523,36546495,2019-05-26,2
42337365,44165335,2019-05-26,2
42171843,32289222,2019-05-26,2
42708547,32619738,2019-05-26,2
44095247,39192587,2019-05-26,2
43631525,46724290,2019-05-26,2
42538958,4667205,2019-05-25,2
42056203,36342422,2019-05-26,3
43160509,46287568,2019-05-26,2
42513334,2966984,2019-05-26,2
42925561,44073582,2019-05-26,2
12098877,51082557,2019-05-26,2
41886355,1068964,2019-05-26,2
42912277,2053799,2019-05-26,2
41830327,3701451,2019-05-26,2
43658937,47773217,2019-05-26,2
41962963,46342500,2019-05-26,2
43017317,5794590,2019-05-26,2
452795,47103092,2019-05-26,2
41826855,34707585,2019-05-26,2
43447159,47700497,2019-05-26,2
43453011,45994841,2019-05-25,2
42022855,4370161,2019-05-25,2
44263961,1059993,2019-05-25,2
43598121,44284761,2019-05-25,2
42079563,3420232,2019-05-25,3
42077169,37005551,2019-05-25,2
42230587,50266968,2019-05-25,2
43976373,45602946,2019-05-26,2
42251867,7074782,2019-05-26,2
42035743,6048145,2019-06-12,2
4325167,48727406,2019-06-12,2
41891773,51753603,2019-06-11,4
11914777,52650311,2019-06-11,2
44035523,2199410,2019-06-11,2
44031729,1069865,2019-06-11,2
44198875,47591757,2019-06-11,2
42497259,47595819,2019-06-11,2
42231262,32990094,2019-06-11,2
42986993,52440189,2019-06-11,2
44161957,46287025,2019-06-11,2
42178633,33114882,2019-06-11,2
42291627,34956386,2019-06-11,6
42364035,1207451,2019-06-11,2
41897246,42673594,2019-06-11,2
43555967,45991609,2019-06-11,2
8920695,33087161,2019-06-11,2
11782687,47107199,2019-06-11,2
41782349,37627212,2019-06-11,2
43223215,43166644,2019-06-11,2
42775523,42660596,2019-06-11,3
42969101,4028117,2019-06-11,2
43710163,38494396,2019-06-11,4
43503789,42767574,2019-06-11,2
44182089,51386324,2019-06-11,2
42400001,47970810,2019-06-11,3
44386461,50215740,2019-06-11,2
42243636,51504992,2019-06-11,2
42243636,52856262,2019-06-11,2
43615467,41192827,2019-06-11,2
44377921,34277785,2019-06-11,2
44376045,4277225,2019-06-11,2
43552789,35134963,2019-06-11,2
42345569,14734509,2019-06-11,2
42046501,31375462,2019-06-11,2
43169042,48309681,2019-06-11,2
42985005,1263777,2019-06-11,2
43771245,51625599,2019-06-11,2
41790413,3423404,2019-06-11,2
43235199,39790976,2019-06-11,3
43754851,39342449,2019-06-12,2
42521843,48651464,2019-06-11,2
42277893,36864745,2019-06-11,2
41932177,4945731,2019-06-11,2
42522982,32646408,2019-06-11,2
44431821,35720230,2019-06-11,2
41623827,50393817,2019-06-11,2
41423081,36322518,2019-06-11,2
41548409,31715766,2019-06-10,2
40166189,873699,2019-06-10,2
40609807,6712450,2019-06-10,2
41640585,37435109,2019-06-10,2
40824707,32752170,2019-06-10,2
40263489,32518620,2019-06-10,2
40349519,39050107,2019-06-10,3
40686780,51862434,2019-06-10,3
40581779,47647556,2019-06-10,2
40213759,37534174,2019-06-10,2
41648005,47727373,2019-06-10,2
40164369,50002701,2019-06-10,2
41425853,35470355,2019-06-10,2
12338781,36525929,2019-06-10,2
40273331,47167040,2019-06-10,2
40408935,37111586,2019-06-10,2
40266709,44290069,2019-06-10,2
40541543,39483963,2019-06-10,2
41545791,42803991,2019-06-10,2
40709725,51607022,2019-06-10,2
40388501,37617241,2019-06-10,2
11227391,35615670,2019-06-10,2
41080664,4362302,2019-06-10,2
40637849,31296869,2019-06-10,2
41453069,6918275,2019-06-10,2
41004341,2959890,2019-06-10,2
40170893,47928422,2019-06-10,2
40732167,104677,2019-06-10,2
40860757,38674388,2019-06-10,4
40745537,43443394,2019-06-10,2
41133813,41494814,2019-06-10,2
40174547,41214787,2019-06-10,2
41278125,47939848,2019-06-10,2
40417517,52515232,2019-06-10,2
40466755,50125260,2019-06-10,2
40611473,32771237,2019-06-10,2
41284089,42529450,2019-06-10,2
40588638,33368518,2019-06-10,2
40898249,3171592,2019-06-10,2
41061517,260733,2019-06-10,4
40723991,35470256,2019-06-10,2
40419029,4057956,2019-06-10,2
40437649,32181659,2019-06-10,2
41190522,32925810,2019-06-10,2
40867323,31161385,2019-06-10,2
41427043,45577359,2019-06-10,2
41397374,46226877,2019-06-10,2
40466349,31058980,2019-06-10,2
10108413,51025478,2019-06-10,2
41635265,46270667,2019-06-10,2
41736275,6861661,2019-06-10,2
41451231,48301592,2019-06-10,2
40177137,33653312,2019-06-10,2
40472411,49865295,2019-06-10,2
41008261,49541121,2019-06-10,2
40214793,4346574,2019-06-10,2
41716297,3256800,2019-06-10,2
41727455,52081833,2019-06-09,2
40833063,39472403,2019-06-09,2
40454780,31116975,2019-06-10,2
41734259,43703552,2019-06-10,2
40222889,48206338,2019-06-09,2
40843159,33277779,2019-06-09,2
41550486,41884589,2019-06-09,2
41006599,42882549,2019-06-09,2
41293469,32089008,2019-06-09,2
41515397,32759897,2019-06-10,2
40833163,1809133,2019-06-10,3
41492003,47370023,2019-06-09,2
40488525,51715605,2019-06-09,2
40268529,52120368,2019-06-09,2
40888379,34867616,2019-06-09,2
40173524,39758552,2019-06-09,2
10730825,49215524,2019-06-09,2
40742863,31477876,2019-06-10,2
40445069,42573611,2019-06-14,2
40927481,36513665,2019-06-14,2
41290921,53238,2019-06-14,2
40656483,51277870,2019-06-14,2
41610275,48468634,2019-06-14,2
40518331,37341710,2019-06-14,2
41447371,43184225,2019-06-14,2
41108739,40276009,2019-06-14,2
41624737,32194190,2019-06-14,3
41276375,31837089,2019-06-14,2
40546471,31116980,2019-06-14,2
40647117,4645659,2019-06-14,2
40830372,34021716,2019-06-14,2
41101963,33493192,2019-06-14,3
40637415,227692,2019-06-14,2
41333173,31516269,2019-06-14,2
40558623,46967784,2019-06-14,2
41362517,43915214,2019-06-14,2
41554093,32988126,2019-06-14,2
40652460,6909359,2019-06-14,2
333207,41257212,2019-06-14,2
41478997,31451464,2019-06-14,2
11689517,45538092,2019-06-14,2
40670095,43266023,2019-06-14,2
41687835,41882859,2019-06-14,2
40877893,76259,2019-06-14,2
40680446,34435503,2019-06-14,2
41426539,49556931,2019-06-15,2
40846463,36508451,2019-06-14,2
9581495,34548940,2019-06-14,2
41466593,34473666,2019-06-14,2
41744031,48629999,2019-06-14,2
40808201,40776911,2019-06-14,2
40531463,36336784,2019-06-14,2
41258273,46687755,2019-06-14,2
40568353,46825706,2019-06-13,4
40795811,44587808,2019-06-13,3
41502545,4081070,2019-06-14,3
40726385,50976104,2019-06-13,2
40637023,34440240,2019-06-13,3
40984265,3909612,2019-06-13,2
41283977,48909396,2019-06-13,2
40131507,31451464,2019-06-13,2
41103237,8318172,2019-06-13,2
40986799,43507388,2019-06-13,2
41096419,2114118,2019-06-13,2
40199551,54825897,2019-06-13,2
40991601,46234164,2019-06-13,2
40200741,36252539,2019-06-13,2
40863472,32054749,2019-06-13,3
41399253,39144272,2019-06-13,2
40182891,34913531,2019-06-13,4
41626076,50772497,2019-06-13,2
41152929,47887693,2019-06-13,2
40756471,50810974,2019-06-13,2
41065129,38104911,2019-06-13,2
40911295,36903975,2019-06-13,2
40146365,35504416,2019-06-13,2
40878607,28209709,2019-06-13,2
41640882,49833380,2019-06-13,2
40422809,34800983,2019-06-13,2
40609933,32713278,2019-06-13,2
41382509,40570325,2019-06-13,2
40682033,50287415,2019-06-13,2
4833829,48767751,2019-06-13,2
41278825,31870450,2019-06-12,2
41618409,48120252,2019-06-13,2
40295227,49485975,2019-06-12,2
41478353,4552938,2019-06-12,6
40853127,47598561,2019-06-12,2
41551671,41048356,2019-06-12,2
41151467,37116258,2019-06-12,2
41311866,51880456,2019-06-12,7
40350905,32719118,2019-06-12,2
41732439,44445825,2019-06-12,2
40637793,39493739,2019-06-12,2
11922995,44464499,2019-06-12,2
40310585,150419,2019-06-12,2
40556411,40275989,2019-06-12,2
40961980,43690717,2019-06-12,2
40353278,49818617,2019-06-12,2
40286911,31317434,2019-06-12,2
40142893,39681455,2019-06-12,2
40501069,3895625,2019-06-12,2
41378757,2197292,2019-06-12,2
41644589,45723259,2019-06-12,3
41386387,49626171,2019-06-12,2
40558343,42674872,2019-06-12,2
40770625,32056110,2019-06-12,2
40230995,750898,2019-06-12,2
40955145,76692,2019-06-12,2
40778451,539546,2019-06-12,2
41270285,47973054,2019-06-12,2
40822005,51654452,2019-06-12,2
40586189,33842392,2019-06-12,2
40812317,31810286,2019-06-12,2
41750051,2036591,2019-06-12,5
41190597,33980115,2019-06-11,2
40579287,32640545,2019-06-11,2
817943,25458659,2019-06-11,2
41283487,3947551,2019-06-11,2
41722709,43847859,2019-06-11,7
40465089,32142515,2019-06-11,2
40890157,46352493,2019-06-12,2
40771759,3170092,2019-06-11,3
9873759,39353396,2019-06-11,2
40433057,42016407,2019-06-11,2
41094599,41953082,2019-06-11,2
41689067,7090866,2019-06-11,2
41718271,50958880,2019-06-11,2
40612299,52114747,2019-06-11,2
41590423,2525548,2019-06-12,2
40160099,32214507,2019-06-12,2
10979339,2079955,2019-06-11,2
41727217,41247457,2019-06-11,2
41069665,41853334,2019-06-11,2
40128864,39550918,2019-06-11,2
41061699,6471044,2019-06-11,2
40526017,6630943,2019-06-11,2
738325,36360402,2019-06-11,2
41084071,38213270,2019-06-11,2
41290347,38670884,2019-06-11,2
40907363,48169604,2019-06-11,2
41009157,47053104,2019-06-11,2
41501985,35899785,2019-06-11,2
40720617,35135413,2019-06-11,2
40523274,2480503,2019-06-11,2
40382909,4695239,2019-06-11,4
41114857,32431245,2019-06-11,2
40921937,46996006,2019-06-11,2
41680695,47107199,2019-06-11,3
41608413,49570899,2019-06-11,2
41288653,45536327,2019-06-11,2
41549347,34334441,2019-06-11,2
40864719,50376708,2019-06-11,2
40751052,36457962,2019-06-11,2
40668257,31530005,2019-06-11,2
41220851,32122021,2019-06-11,2
40398043,6545729,2019-06-11,2
11976881,38106555,2019-06-11,2
40819779,37261571,2019-06-11,2
41193075,1064523,2019-06-11,2
40364907,4560234,2019-06-11,2
40649469,54486956,2019-06-11,2
40802836,34371299,2019-06-11,2
41259351,51643588,2019-06-11,3
40783617,26038359,2019-06-11,2
41484009,32902616,2019-06-11,2
40184053,39861831,2019-06-11,2
41560281,49899381,2019-06-11,2
41184143,7065921,2019-06-11,2
40684707,49385524,2019-06-11,2
40224339,32913061,2019-06-11,2
8612275,45602946,2019-06-11,2
40562235,2646045,2019-06-11,2
41569381,40243607,2019-06-11,2
40396181,50476870,2019-06-11,2
41583426,38188331,2019-06-11,2
40188603,41008640,2019-06-11,2
40889728,43496100,2019-06-11,2
41744983,986793,2019-06-11,2
9452415,34709113,2019-06-11,2
40623065,31172015,2019-06-11,2
40414423,52831514,2019-06-11,2
12291811,37789891,2019-06-12,2
40874127,49594254,2019-06-11,2
12289207,34601369,2019-06-11,2
40386465,4023287,2019-06-11,2
39649001,4684142,2019-06-11,2
38152247,27786059,2019-06-11,2
38684807,51792783,2019-06-10,2
39897291,47952444,2019-06-10,2
38589677,46003992,2019-06-11,2
38293213,44461822,2019-06-10,2
38926631,51925379,2019-06-10,3
38471545,33858368,2019-06-10,2
38221043,47952404,2019-06-10,2
38186113,32712426,2019-06-10,2
39813277,31731865,2019-06-10,2
37945705,2185898,2019-06-10,3
39678863,32605217,2019-06-10,2
38018393,4815880,2019-06-10,2
38402596,39689885,2019-06-10,2
38591133,35374060,2019-06-10,2
38236905,46576560,2019-06-10,4
39791843,35404898,2019-06-10,3
5035471,31716215,2019-06-10,2
39777381,49592225,2019-06-11,2
39700465,3302117,2019-06-10,2
38721851,42690363,2019-06-10,2
39855109,35248249,2019-06-10,2
38770935,4560202,2019-06-10,2
38233699,31716940,2019-06-10,2
38124401,47053625,2019-06-10,2
38705289,45520884,2019-06-10,2
330575,41169597,2019-06-10,2
38846017,52204998,2019-06-10,2
38174703,31788136,2019-06-10,2
39786368,35166173,2019-06-10,2
40047455,6887094,2019-06-10,2
39635477,5478053,2019-06-10,2
38387699,40662722,2019-06-10,2
38276243,43547704,2019-06-10,2
38056935,6251624,2019-06-10,2
40091289,5041766,2019-06-10,2
38115273,34431889,2019-06-10,2
39978183,46144228,2019-06-10,2
39810449,32898706,2019-06-10,2
38912671,51728187,2019-06-10,2
39700815,46923324,2019-06-10,3
39803743,6035638,2019-06-10,2
39335068,2629471,2019-06-10,2
10873261,42336441,2019-06-10,2
38840781,46186291,2019-06-10,2
38979451,6041667,2019-06-10,2
11913069,6455456,2019-06-10,2
38778999,2478758,2019-06-10,2
39812171,32332795,2019-06-10,2
38432163,40122574,2019-06-10,2
5130181,1784621,2019-06-10,2
39784311,52239888,2019-06-10,2
39849481,47086583,2019-06-10,2
39673081,38004332,2019-06-10,2
38857245,36906023,2019-06-10,2
38848120,39573333,2019-06-10,2
38270043,42935503,2019-06-10,2
38347869,570833,2019-06-10,2
38199035,35411056,2019-06-10,2
9528071,48891877,2019-06-10,2
38037069,44442637,2019-06-10,2
38353805,34925525,2019-06-10,2
38649695,50753523,2019-06-10,2
38213721,47223838,2019-06-10,2
38137183,37206906,2019-06-10,2
39959222,44598599,2019-06-10,2
38570413,47084910,2019-06-10,2
38684568,31784151,2019-06-10,2
38219149,39559659,2019-06-10,2
38207715,33855737,2019-06-10,2
38690477,43424225,2019-06-10,2
38391507,35375773,2019-06-10,3
38638565,40969642,2019-06-10,2
40050752,49230154,2019-06-10,2
37965994,4395523,2019-06-10,2
39201589,51744192,2019-06-09,2
38288215,52100667,2019-06-09,2
40085297,35163523,2019-06-10,2
39888051,49072863,2019-06-10,3
40074867,50462654,2019-06-09,3
38831779,35187319,2019-06-09,2
37981475,4464729,2019-06-09,2
38795519,52080019,2019-06-09,2
10443055,2517047,2019-06-09,2
38700585,6195120,2019-06-09,2
38698821,47030466,2019-06-09,2
38728431,44735195,2019-06-09,2
38550981,50913652,2019-06-09,2
38530247,41882189,2019-06-09,2
38816603,31556399,2019-06-10,2
37961049,14260859,2019-06-09,2
38960207,48385978,2019-06-09,2
37988839,104409,2019-06-09,2
38182333,31694903,2019-06-09,2
38640497,32882831,2019-06-09,2
38591609,50135172,2019-06-09,2
38883568,48676119,2019-06-09,2
38148607,50838984,2019-06-09,3
38658711,31980788,2019-06-09,2
39804871,750540,2019-06-09,2
38378543,52625713,2019-06-09,2
39171307,33421279,2019-06-09,2
4642351,5808221,2019-06-09,2
38324055,52204863,2019-06-09,2
39533501,50961646,2019-06-09,2
38747752,32443080,2019-06-09,2
38768233,34837223,2019-06-09,2
38493637,44266526,2019-06-09,2
38058097,33652651,2019-06-09,4
38051517,44051794,2019-06-09,2
38867213,34901829,2019-06-09,2
39916387,47986863,2019-06-09,2
39048905,31882991,2019-06-09,2
38697855,46459816,2019-06-09,2
39704763,39885252,2019-06-09,2
39795287,31103712,2019-06-09,2
40084793,35608102,2019-06-09,2
38228645,33465005,2019-06-09,2
38959459,49735159,2019-06-09,2
39014059,47886668,2019-06-09,2
38024077,31060407,2019-06-09,2
38546753,37031427,2019-06-09,2
38832633,33859185,2019-06-09,2
11825891,31715530,2019-06-09,2
38858197,46882361,2019-06-09,2
38287571,36962582,2019-06-09,2
38449987,41239302,2019-06-09,2
40080831,50834451,2019-06-09,2
38260355,46499473,2019-06-09,3
39797163,40175354,2019-06-09,2
39691645,4811711,2019-06-09,2
38026975,31844015,2019-06-09,2
38794021,46145831,2019-06-09,2
38397401,35286959,2019-06-09,2
38313065,48229300,2019-06-09,2
39282487,39102491,2019-06-09,2
39640447,38034070,2019-06-09,2
38759917,39659569,2019-06-09,2
43026921,50015699,2019-06-09,2
38234301,35424194,2019-06-09,2
39814593,42091294,2019-06-09,2
38590727,32253815,2019-06-09,2
39796547,43507617,2019-06-09,2
39854199,41952430,2019-06-09,2
38161078,48307490,2019-06-09,2
39851026,49592379,2019-06-09,2
39690175,6654114,2019-06-09,3
39762345,31516269,2019-06-09,4
39763885,31743165,2019-06-09,2
38684205,48962676,2019-06-09,2
38364557,35611601,2019-06-09,2
40087929,6483065,2019-06-09,6
38470537,13058259,2019-06-09,2
38769003,47570995,2019-06-09,2
38249003,2138025,2019-06-09,2
38058937,49480639,2019-06-09,2
39812395,40785093,2019-06-09,2
38108777,43870329,2019-06-09,2
37982259,31516269,2019-06-09,2
39026253,50809072,2019-06-09,2
38250065,4624910,2019-06-08,2
39243491,39833031,2019-06-08,2
12338781,44283260,2019-06-08,2
39655292,49589021,2019-06-08,2
38788183,43859749,2019-06-08,2
38436755,39116357,2019-06-08,2
40036171,36767104,2019-06-08,2
38671101,47043293,2019-06-08,2
38718449,49496625,2019-06-09,2
38280263,3256486,2019-06-08,4
38018135,48508054,2019-06-09,2
38045665,50810869,2019-06-09,2
38570889,37075317,2019-06-09,2
38901401,33028234,2019-06-08,2
38422027,47781001,2019-06-08,2
814429,39283106,2019-06-08,2
38285373,38853369,2019-06-08,2
38318385,40558657,2019-06-08,2
39940159,50416248,2019-06-08,2
39763731,48010725,2019-06-08,3
38763053,46202588,2019-06-09,2
37955320,36763178,2019-06-08,3
38288229,46849503,2019-06-08,3
39761743,31763131,2019-06-08,2
11594821,51032229,2019-06-08,2
38468521,35543900,2019-06-08,2
39334113,29127359,2019-06-08,2
38211887,52371147,2019-06-08,2
38607149,36776487,2019-06-08,2
38232859,51380352,2019-06-08,2
38754737,34876045,2019-06-08,3
38363633,3735903,2019-06-08,2
38508743,33875821,2019-06-08,2
38717819,31081516,2019-06-08,2
38886085,3599371,2019-06-08,2
9121119,37617113,2019-06-08,2
38456439,51821595,2019-06-08,2
39165693,32354404,2019-06-08,2
38869313,47941430,2019-06-08,2
39968733,3012311,2019-06-08,3
38956169,47848471,2019-06-08,2
38289685,47495076,2019-06-08,2
39850461,32638866,2019-06-08,2
38555797,49539506,2019-06-08,2
39751299,43775921,2019-06-08,2
38694263,48339258,2019-06-08,2
39712669,38185142,2019-06-08,2
38362527,36897442,2019-06-08,2
38494617,46260670,2019-06-08,2
38788967,32044483,2019-06-08,2
39231871,51289553,2019-06-08,2
36065855,41192576,2019-06-08,2
37459975,31065541,2019-06-08,2
36331799,34412650,2019-06-08,2
36277927,52790130,2019-06-08,2
37901115,41724525,2019-06-08,2
37644957,6295025,2019-06-08,2
37874771,46606865,2019-06-08,2
36192821,38074854,2019-06-08,2
36083915,44767161,2019-06-08,2
37611035,48358940,2019-06-08,2
37741431,6936016,2019-06-08,2
37906155,49613907,2019-06-08,2
36614249,3175521,2019-06-08,2
36144059,37082622,2019-06-08,2
36609531,3554189,2019-06-08,2
5163431,33855767,2019-06-08,2
36765813,52138815,2019-06-07,2
36716659,34412650,2019-06-07,5
37720235,35903351,2019-06-07,2
37603937,4661890,2019-06-07,2
36410367,4770691,2019-06-07,2
37808211,39835889,2019-06-07,2
36099777,50364979,2019-06-07,2
36955065,49177763,2019-06-08,2
36507429,49073689,2019-06-07,2
36392587,49220849,2019-06-07,2
37514813,41085847,2019-06-07,2
37558185,48072296,2019-06-07,2
37454669,42704591,2019-06-07,2
36787250,47574373,2019-06-07,2
37419445,4155810,2019-06-07,2
36473871,39393779,2019-06-07,2
36870729,51616931,2019-06-07,2
36840349,45044763,2019-06-07,2
36514796,2934421,2019-06-07,2
36906807,38133318,2019-06-07,2
36129149,42479291,2019-06-07,2
9350565,32056089,2019-06-07,2
36290415,25593309,2019-06-07,2
37700627,52515166,2019-06-07,2
36178891,31946628,2019-06-07,2
37668995,51892322,2019-06-07,2
36324309,41255872,2019-06-07,2
36127049,32066166,2019-06-07,2
36782739,43888800,2019-06-07,2
36327991,40408813,2019-06-07,2
36559115,38790575,2019-06-07,2
37876247,43448663,2019-06-07,2
36561618,50829598,2019-06-07,3
37426921,3236709,2019-06-07,2
36798027,4714554,2019-06-07,2
36381709,46234841,2019-06-07,2
37629666,45987402,2019-06-07,2
36329211,6717109,2019-06-07,2
37631181,35802105,2019-06-07,2
36908375,46806461,2019-06-06,3
36370553,31694849,2019-06-07,2
36938979,43902036,2019-06-07,3
36891295,47932726,2019-06-07,2
36419957,2584488,2019-06-07,2
36848486,2683496,2019-06-07,2
36339961,44730169,2019-06-07,2
10278275,32067826,2019-06-07,2
36065953,50780137,2019-06-07,4
36542135,34220710,2019-06-07,2
36886633,44206118,2019-06-08,2
9245831,8398892,2019-06-06,2
37703995,1008299,2019-06-07,2
36054627,37437416,2019-06-07,2
36193913,46703174,2019-06-07,2
36971753,49530022,2019-06-07,2
36558767,49619896,2019-06-07,2
37428811,6059114,2019-06-07,2
37604245,46035720,2019-06-07,2
4825779,44131487,2019-06-06,2
36483391,50963746,2019-06-07,2
36531354,38814620,2019-06-07,3
37420481,35458632,2019-06-06,2
37724988,4922809,2019-06-06,2
37028579,36368564,2019-06-06,3
37879016,36524491,2019-06-06,2
37238019,4409947,2019-06-06,2
36844493,5891666,2019-06-06,2
36773740,33649387,2019-06-06,3
36542653,47647005,2019-06-06,3
36249703,6882090,2019-06-07,2
37710701,38361988,2019-06-07,2
36344567,41495831,2019-06-07,2
37648114,4410578,2019-06-07,2
36246091,42930680,2019-06-06,2
36422379,31257444,2019-06-06,2
36361045,51111916,2019-06-06,2
37254651,46401926,2019-06-07,2
37613359,39522407,2019-06-07,2
37055235,27124359,2019-06-06,2
36257389,35018407,2019-06-06,2
36954519,3955675,2019-06-06,2
36827567,31497070,2019-06-06,2
11542111,1123971,2019-06-06,2
36650131,42204849,2019-06-06,2
8274623,50172810,2019-06-06,2
37685487,36961811,2019-06-06,2
37911853,39224019,2019-06-06,2
36571745,33746344,2019-06-06,2
36335629,42748403,2019-06-06,2
37506539,42658800,2019-06-06,2
36877211,49730806,2019-06-06,2
36929879,42934298,2019-06-06,2
37661953,42383687,2019-06-05,2
37139907,34434931,2019-06-05,2
36924321,52203803,2019-06-05,2
36939931,46166327,2019-06-05,2
36675583,35304028,2019-06-05,2
37503767,32092603,2019-06-05,2
4880421,47929685,2019-06-05,3
37658801,40497202,2019-06-05,2
37417667,39745652,2019-06-05,2
36148329,36366279,2019-06-05,2
36193157,52893705,2019-06-05,3
37706809,40769893,2019-06-05,2
37602425,50440943,2019-06-05,2
36203601,52204144,2019-06-05,2
37029517,1140183,2019-06-05,2
37465911,37758601,2019-06-05,2
36248079,31509022,2019-06-05,2
37727221,36396681,2019-06-05,2
37108575,40206906,2019-06-05,2
37607563,31903976,2019-06-05,2
36237089,34932733,2019-06-05,2
12315191,31511818,2019-06-05,2
36406069,47612008,2019-06-06,2
37900860,50917006,2019-06-05,2
36530487,41785903,2019-06-05,2
37172216,51361145,2019-06-05,2
36223117,193380,2019-06-05,2
37709287,4524800,2019-06-05,2
37610195,39747632,2019-06-05,2
37939055,6707770,2019-06-05,2
36211945,39896472,2019-06-05,2
36556877,31462365,2019-06-05,3
36556877,51913957,2019-06-05,3
36583547,34175633,2019-06-05,2
37127965,38504642,2019-06-05,2
37888301,2947818,2019-06-05,2
36723309,47479626,2019-06-05,2
36633835,38048720,2019-06-06,2
37374687,25458659,2019-06-05,2
36323819,33272052,2019-06-05,2
37727669,42328040,2019-06-05,2
36623391,3767187,2019-06-04,2
10243317,6808535,2019-06-04,2
36427811,44764716,2019-06-04,2
1052163,50803208,2019-06-04,2
36998157,46472203,2019-06-05,2
37062361,33354872,2019-06-04,2
36091405,985806,2019-06-04,2
36305731,44429953,2019-06-04,3
37624055,32071890,2019-06-04,2
12338781,35470357,2019-06-04,2
37635969,48972483,2019-06-04,2
36709715,43895176,2019-06-04,2
36427699,32122021,2019-06-04,2
41061517,52792972,2019-06-04,2
37732471,3632762,2019-06-04,2
36464113,51329399,2019-06-04,3
36453851,35335079,2019-06-05,3
36159683,2524965,2019-06-05,2
36085721,34555165,2019-06-04,2
37706095,4224043,2019-06-05,2
37685865,40247834,2019-06-04,4
36548855,4746327,2019-06-05,2
10952165,49056786,2019-06-05,2
36370901,36860217,2019-06-04,2
36536311,46855498,2019-06-04,2
36190805,6257874,2019-06-04,2
8741357,51317404,2019-06-04,2
37049173,3968934,2019-06-05,2
36423555,34246431,2019-06-05,2
36909033,35308712,2019-06-04,2
36159547,35041648,2019-06-04,2
37572549,39845663,2019-06-04,3
36923299,4972738,2019-06-04,2
37159899,40227080,2019-06-04,2
36571885,42436260,2019-06-04,2
37110787,32449568,2019-06-04,2
36240757,41870414,2019-06-04,2
36902327,3453138,2019-06-04,2
36196153,112210,2019-06-04,2
184331,33809266,2019-06-04,3
37051987,47121401,2019-06-04,2
36533021,38844595,2019-06-04,2
36252083,45288138,2019-06-04,2
37581917,31773673,2019-06-04,2
37634527,4161211,2019-06-04,2
11487315,1069650,2019-06-04,2
36527533,32127151,2019-06-04,2
36761347,44279851,2019-06-04,2
36908249,46186071,2019-06-04,2
37064461,38503273,2019-06-04,2
37644691,38191816,2019-06-04,2
36908641,31991199,2019-06-04,2
36204525,48747865,2019-06-04,4
36924447,36402096,2019-06-04,2
37640435,2492600,2019-06-04,2
37683891,39766865,2019-06-04,2
36942969,49568855,2019-06-04,2
37633771,3070782,2019-06-04,2
37427341,6786463,2019-06-04,2
36958621,6896504,2019-06-04,2
37683205,39762155,2019-06-04,2
11572225,46855878,2019-06-04,2
37701013,38209109,2019-06-04,2
34820317,36371121,2019-06-04,2
10397989,42572819,2019-06-04,2
35502747,51819799,2019-06-04,2
34873881,1152915,2019-06-04,2
35545685,47087174,2019-06-04,2
35058023,38541966,2019-06-03,2
35554899,48128619,2019-06-03,6
36002701,35550187,2019-06-04,2
35547379,43259230,2019-06-04,2
35293279,41906117,2019-06-04,2
35729919,34693878,2019-06-03,2
35516719,49553777,2019-06-03,2
35479507,35879093,2019-06-04,2
35830375,4867506,2019-06-04,2
35346143,33269834,2019-06-03,3
35221263,4471840,2019-06-03,2
34651673,44593137,2019-06-03,2
35035458,44731952,2019-06-03,2
35406917,6602294,2019-06-03,2
35271393,39902716,2019-06-03,2
34953387,39475956,2019-06-03,2
35445403,31526135,2019-06-04,2
35869309,3969017,2019-06-03,2
35534905,46930293,2019-06-03,3
34649923,50016407,2019-06-03,2
35968807,49119155,2019-06-03,3
12441317,46364149,2019-06-03,2
35689899,31504630,2019-06-03,2
43598121,39787530,2019-06-03,2
34671721,6295639,2019-06-03,2
10700039,33112440,2019-06-03,3
34605445,38454958,2019-06-03,3
36032829,36552490,2019-06-03,2
35784063,33446460,2019-06-03,2
35712726,6353218,2019-06-03,2
34653178,37198203,2019-06-03,2
35548331,50476981,2019-06-03,2
35145411,36328171,2019-06-03,2
35412251,36827417,2019-06-03,2
35179795,47587421,2019-06-03,2
34753621,6901659,2019-06-03,2
35201887,46874741,2019-06-03,2
1092777,42410381,2019-06-03,2
34852405,34543081,2019-06-03,2
35991851,47899539,2019-06-03,2
35779163,36779171,2019-06-03,2
35978817,40276034,2019-06-03,2
35287105,3710762,2019-06-03,2
35516322,36374035,2019-06-03,2
35995330,42352806,2019-06-03,2
35462287,7157541,2019-06-03,2
34581533,6139210,2019-06-03,2
34876443,51606257,2019-06-03,2
34910589,47413203,2019-06-03,2
34690411,4771088,2019-06-03,2
34718719,4420278,2019-06-03,2
36028643,47210920,2019-06-03,4
35461954,6517586,2019-06-03,2
35749427,33844497,2019-06-03,2
35775271,46634371,2019-06-03,2
34782503,35311883,2019-06-03,2
35198303,38270932,2019-06-03,2
35765611,46429232,2019-06-03,2
10802659,48369001,2019-06-03,2
34860385,7842366,2019-06-03,2
34991873,43147110,2019-06-03,2
35815857,37579906,2019-06-03,2
35032515,3780077,2019-06-03,2
34568037,47480321,2019-06-03,2
34698685,35287490,2019-06-03,2
34826785,36693967,2019-06-03,2
34933045,46481494,2019-06-03,2
35630441,40275993,2019-06-02,3
34582373,1763040,2019-06-02,2
34572237,51879400,2019-06-02,2
34814453,3080187,2019-06-02,2
35941311,32921787,2019-06-02,2
35024844,2585334,2019-06-03,2
35695359,31451585,2019-06-03,2
35887738,46422880,2019-06-03,2
34792233,6243032,2019-06-03,2
34577417,32717530,2019-06-03,2
35338401,32595491,2019-06-03,2
35371483,43602716,2019-06-02,2
34639367,51249664,2019-06-02,2
35676473,38630690,2019-06-02,2
38280263,48746154,2019-06-02,3
35894327,37861889,2019-06-02,3
34597703,49295335,2019-06-02,2
35572663,31322424,2019-06-02,2
35501977,3969412,2019-06-02,3
34561779,33844506,2019-06-02,2
35558009,48154787,2019-06-02,2
34576157,6590770,2019-06-02,2
34764989,1021891,2019-06-02,3
35884289,4733376,2019-06-02,2
35225841,6981757,2019-06-02,2
34700813,36320650,2019-06-02,2
35426965,43448245,2019-06-02,2
35187271,32511327,2019-06-02,3
34925135,43900310,2019-06-02,4
1092777,44587808,2019-06-02,2
35951517,43227018,2019-06-02,2
34633851,44165068,2019-06-02,2
35407211,37216485,2019-06-02,2
34887671,38515894,2019-06-02,2
35180719,31081059,2019-06-02,2
4321485,43888359,2019-06-02,2
35914011,36511906,2019-06-02,2
34858551,51767094,2019-06-02,2
34809775,31508756,2019-06-02,2
34550397,34214826,2019-06-02,2
35279909,48035132,2019-06-02,2
34571229,3118179,2019-06-02,2
35923580,36812180,2019-06-02,2
35979984,33849019,2019-06-02,2
35445837,51586299,2019-06-02,3
35827785,40598421,2019-06-02,2
35147777,37810716,2019-06-02,2
35797181,43373609,2019-06-02,2
34788131,34907175,2019-06-02,2
35232379,3799296,2019-06-02,2
35012145,50913862,2019-06-02,2
35684551,40818330,2019-06-02,2
34661991,51645774,2019-06-02,2
34694415,51248847,2019-06-02,2
35217315,49522309,2019-06-02,2
34789517,50957789,2019-06-02,2
34827191,46086096,2019-06-02,2
35935403,35891222,2019-06-02,2
35871969,46211109,2019-06-02,2
34753677,51055428,2019-06-02,2
34796615,39170227,2019-06-02,2
35903287,36711108,2019-06-03,2
35374171,43446678,2019-06-03,2
35082817,47220200,2019-06-02,2
34866489,32280005,2019-06-02,2
35028077,47043723,2019-06-02,2
35486406,44892821,2019-06-01,2
36022763,40768247,2019-06-01,4
35878101,46004922,2019-06-01,2
35723779,36511660,2019-06-01,2
35551061,36502526,2019-06-01,2
35178703,41837098,2019-06-01,2
34908223,31811873,2019-06-01,2
34589289,36703536,2019-06-04,2
34900425,35033621,2019-06-04,2
9576693,42078016,2019-06-01,2
8501255,31111402,2019-06-01,2
35226233,4366597,2019-06-01,2
35274169,45827189,2019-06-01,2
35534161,35193989,2019-06-01,2
35611541,42621205,2019-06-01,2
35151422,4349035,2019-06-01,2
34647487,47745574,2019-06-01,2
34760299,32568008,2019-06-01,2
35288869,34861413,2019-06-01,2
35326137,42727135,2019-06-01,2
35010577,47083102,2019-06-01,2
35176869,40507357,2019-06-01,2
34626977,2884581,2019-06-01,2
35876239,34331663,2019-06-01,2
35972699,49262730,2019-06-01,2
35908607,31180949,2019-06-01,2
35142206,31162316,2019-06-01,2
35189202,3449802,2019-06-01,2
35857941,47145450,2019-06-01,3
35133315,38591604,2019-06-01,2
35448290,33623645,2019-06-01,3
35735567,31267177,2019-06-01,2
34655887,48228506,2019-06-01,2
35762853,31641496,2019-06-01,2
35756011,31255558,2019-06-01,2
34655453,25729159,2019-06-01,3
34841387,37214578,2019-06-01,2
34833477,40275989,2019-06-01,2
35955017,39176034,2019-06-19,2
35837473,4695394,2019-06-19,2
35858095,52087211,2019-06-19,3
34603765,48752234,2019-06-19,2
34728935,34397758,2019-06-19,2
35737671,48598354,2019-06-19,2
35290514,39919990,2019-06-19,2
35234297,2925652,2019-06-19,2
34773207,2732450,2019-06-19,2
11581129,31559300,2019-06-19,5
35591535,52166340,2019-06-19,3
34923357,34933215,2019-06-19,2
35944587,31243569,2019-06-19,2
34892921,35464891,2019-06-19,2
11248447,625682,2019-06-19,2
36005347,39543957,2019-06-19,2
35883113,50897410,2019-06-19,2
35037597,50302023,2019-06-19,2
35197518,49215520,2019-06-19,2
35474285,43161357,2019-06-19,2
35886991,42697748,2019-06-18,2
36004045,40971632,2019-06-19,2
35615195,33518288,2019-06-19,2
35191471,32640512,2019-06-19,2
34562507,5478844,2019-06-19,4
4159309,31637474,2019-06-19,2
35018725,50476870,2019-06-19,2
35668619,34214027,2019-06-19,2
36028699,42779597,2019-06-18,2
35853587,47122587,2019-06-19,2
34630253,47178327,2019-06-19,2
35653149,7587271,2019-06-19,3
34874833,55464635,2019-06-19,2
35696157,39658451,2019-06-19,2
34823509,5774338,2019-06-19,2
35337001,48974046,2019-06-19,2
35201117,3295568,2019-06-19,2
35285565,31451464,2019-06-19,2
35855225,32984356,2019-06-19,2
34677755,43524799,2019-06-19,2
35176029,48079368,2019-06-18,2
35175791,44709159,2019-06-18,2
35619969,6023474,2019-06-18,2
35213647,49873011,2019-06-18,2
34550318,50601841,2019-06-18,2
35158389,46477489,2019-06-18,2
35556661,52617355,2019-06-18,2
35561267,49522283,2019-06-18,3
35737205,2486041,2019-06-18,2
35112805,46309765,2019-06-18,2
34551755,45995863,2019-06-18,2
10880401,37827809,2019-06-18,2
35046011,35865180,2019-06-18,2
35091166,52643742,2019-06-18,2
35663793,47552379,2019-06-18,2
33135459,31098425,2019-06-18,2
33152399,45166445,2019-06-18,2
34394815,32412156,2019-06-18,5
33396433,46278101,2019-06-18,2
34221313,35133529,2019-06-18,2
4935693,36873526,2019-06-18,2
33535999,34414884,2019-06-18,2
34027259,41085113,2019-06-18,2
33714037,46568051,2019-06-18,2
9882733,48596442,2019-06-18,2
33407409,44161955,2019-06-18,2
35876239,53031438,2019-06-18,2
33359236,4524965,2019-06-18,2
33813339,31089336,2019-06-18,2
34372261,350193,2019-06-18,2
34089629,34454087,2019-06-18,2
33350499,42033033,2019-06-18,2
4291119,47489240,2019-06-17,2
33812947,37444851,2019-06-17,2
33057983,9502748,2019-06-17,2
34476407,37751680,2019-06-17,2
33331795,51066042,2019-06-17,2
34510385,43448366,2019-06-17,2
33112793,32014623,2019-06-17,2
33059243,31124081,2019-06-17,3
33921125,3486058,2019-06-17,2
12059467,48248005,2019-06-17,3
33560681,31374169,2019-06-17,2
33560681,44744318,2019-06-17,2
34091886,42743720,2019-06-17,2
9583273,34231923,2019-06-17,2
33831749,46225186,2019-06-17,2
33242965,54687990,2019-06-17,2
34204863,34758456,2019-06-17,2
33762533,50866323,2019-06-17,2
33617199,31889566,2019-06-17,2
33914880,32591275,2019-06-17,2
33896303,55521098,2019-06-17,2
33246339,42794056,2019-06-17,2
33611319,50589651,2019-06-17,2
34363679,45607399,2019-06-17,2
33937925,49080292,2019-06-17,2
34371197,49226987,2019-06-17,3
34488727,51789407,2019-06-17,2
34107734,43375830,2019-06-16,2
33117077,4079048,2019-06-16,2
34218275,42165097,2019-06-16,2
34287981,35847549,2019-06-16,2
33229917,38110565,2019-06-16,2
34168435,31263744,2019-06-16,2
34118288,54322017,2019-06-16,3
34150753,49560031,2019-06-16,2
33380095,53035093,2019-06-16,2
34147295,49922213,2019-06-16,2
33629351,3766251,2019-06-16,2
33683041,51246640,2019-06-16,3
33388005,32193349,2019-06-16,2
33382363,52335364,2019-06-16,4
33090939,40276017,2019-06-16,2
33108971,47296034,2019-06-16,2
34112937,33200807,2019-06-17,2
34245785,46000191,2019-06-16,2
33396167,1070014,2019-06-16,2
34187755,7129427,2019-06-16,2
34502760,32309727,2019-06-16,2
33585895,35052140,2019-06-16,2
34057835,31081038,2019-06-16,2
33977727,34491162,2019-06-16,2
34019083,47008854,2019-06-16,2
33729549,6396718,2019-06-16,2
33355749,46557403,2019-06-16,2
33238401,31059168,2019-06-16,2
33075735,34350893,2019-06-16,2
33402661,32099011,2019-06-16,2
33615379,43699107,2019-06-16,4
33811073,54310303,2019-06-16,2
33061539,39329222,2019-06-16,2
10560991,49811850,2019-06-16,2
34189687,4066994,2019-05-25,2
33848605,2032031,2019-05-25,2
34102831,32139021,2019-05-25,2
33710621,32492841,2019-05-25,2
33181183,40548175,2019-05-25,2
33428101,49472240,2019-05-25,2
34537195,35449470,2019-05-25,2
33575339,35011030,2019-05-25,2
34015877,46130148,2019-05-25,3
33233165,43852687,2019-05-26,2
33094201,36711049,2019-05-25,2
33217177,37172575,2019-05-25,2
33627223,31060332,2019-05-25,2
33273091,35784275,2019-05-25,2
33910163,14261309,2019-05-25,2
33310557,30243459,2019-05-25,2
33406891,32333785,2019-05-25,2
34051829,46686580,2019-05-25,2
33208924,6059114,2019-05-25,2
34234795,41697943,2019-05-25,2
33424531,42831960,2019-05-25,2
33184590,686787,2019-05-25,2
33920187,4193867,2019-05-25,2
33399779,31759379,2019-05-25,2
34256915,6318016,2019-05-25,2
4309277,36288162,2019-05-25,2
33517799,35187319,2019-05-25,2
33982151,32099008,2019-05-25,2
33956299,2426844,2019-05-25,2
33917625,37482242,2019-05-25,2
34543622,50107998,2019-05-25,2
33287457,4724798,2019-05-25,3
33443235,2582512,2019-05-25,2
34357617,3766775,2019-05-25,3
33844699,46295104,2019-05-25,2
34172649,31511819,2019-05-25,2
33952317,48411711,2019-05-25,2
33415417,47121003,2019-05-25,2
33912417,50125240,2019-05-25,2
33519367,44295837,2019-05-25,2
34322617,35604717,2019-05-25,2
34406883,39475980,2019-05-25,2
34427610,32718549,2019-05-25,2
34013693,5298692,2019-05-25,2
33702165,48377232,2019-05-25,2
33598621,5914571,2019-05-25,2
33240025,4349063,2019-05-25,2
34357617,3328663,2019-05-25,2
34443703,37603156,2019-05-25,2
33683755,31798891,2019-05-25,2
33948047,86003,2019-05-25,2
33956867,35779708,2019-05-24,2
34081537,3125692,2019-05-24,3
33710383,39606519,2019-05-24,2
33549579,36947481,2019-05-25,2
34251717,33266900,2019-05-25,2
33560989,4362378,2019-05-25,2
33596577,45969158,2019-05-25,2
33265477,31809421,2019-05-25,2
33874603,46744123,2019-05-25,2
34007519,13058709,2019-05-25,3
33518569,41160723,2019-05-25,2
33595681,46413565,2019-05-25,2
34466341,44695842,2019-05-25,3
34256831,48664859,2019-05-25,4
33320464,46230452,2019-05-25,2
34418265,43228386,2019-05-25,2
33123923,2053561,2019-05-25,2
33359977,39761994,2019-05-25,2
33355833,38383130,2019-05-24,2
34140631,32907793,2019-05-24,2
34544083,47593703,2019-05-24,2
33144475,43302446,2019-05-25,2
33592804,4785004,2019-05-25,2
34392169,35432042,2019-05-25,2
33706589,3554228,2019-05-25,2
33100980,4483481,2019-05-25,2
34027721,50853396,2019-05-24,2
33483989,38882076,2019-05-25,2
33985758,1271909,2019-05-25,2
33265967,2974139,2019-05-25,2
34281331,6044223,2019-05-25,2
33927733,40153668,2019-05-24,2
34055749,37790815,2019-05-24,2
34098351,42351026,2019-05-24,2
33622519,4056391,2019-05-24,3
33714247,33215802,2019-05-24,2
34077645,46301310,2019-05-24,3
33807431,35690010,2019-05-24,2
33298517,3735288,2019-05-25,2
34294337,46163256,2019-05-25,2
33601071,4587969,2019-05-25,2
33425665,7029269,2019-05-25,2
33231301,4399948,2019-05-25,2
34531259,33868730,2019-05-25,2
33225549,33111364,2019-05-24,4
34387661,37975508,2019-05-24,2
33311201,48249134,2019-05-24,2
34442961,6624405,2019-05-24,2
34055399,39118910,2019-05-24,2
33087733,31063311,2019-05-24,2
34203799,49604934,2019-05-24,4
33068147,31140981,2019-05-24,2
33998503,43547321,2019-05-24,2
34093489,32884569,2019-05-24,3
33394599,45995773,2019-05-24,2
33078493,40376341,2019-05-24,2
34211471,36812451,2019-05-24,2
33496701,2456162,2019-05-24,2
33878579,750540,2019-05-24,2
33744445,33477261,2019-05-24,2
34216441,38342350,2019-05-24,3
34456737,31683091,2019-05-24,2
34443269,3616971,2019-05-24,2
33299049,46208934,2019-05-24,2
33653151,4276745,2019-05-24,2
33225871,38088050,2019-05-24,2
33369079,47086221,2019-05-24,2
33241243,32320762,2019-05-24,2
34186170,31714866,2019-05-24,2
9426529,32775978,2019-05-24,2
34047475,47050843,2019-05-24,2
33712637,1246863,2019-05-24,2
33358759,44307125,2019-05-24,2
34012377,7044661,2019-05-24,2
34323443,41024968,2019-05-24,2
33104421,38910529,2019-05-24,2
33490905,47321439,2019-05-25,2
33152945,33686526,2019-05-25,3
34367109,42695371,2019-05-25,2
33618557,35197019,2019-05-25,2
34430809,43774192,2019-05-25,2
33158321,2075487,2019-05-25,2
34284929,34947607,2019-05-25,2
34303303,1836835,2019-05-25,2
33795480,35628133,2019-05-24,2
33574569,45732598,2019-05-24,2
33302017,47492999,2019-05-24,2
33462527,46398614,2019-05-24,2
33205977,35740805,2019-05-24,2
10727303,31544504,2019-05-24,2
34496077,44610463,2019-05-24,2
41288653,3980174,2019-05-24,2
33179979,40591826,2019-05-24,2
34348965,6370596,2019-05-24,2
34099947,40219229,2019-05-24,2
33993197,47466977,2019-05-24,2
33201494,3909610,2019-05-24,2
34483974,36256716,2019-05-24,2
33238233,31166639,2019-05-24,2
33519437,50364732,2019-05-24,2
33107916,44748408,2019-05-24,2
12490835,35034417,2019-05-24,2
34011733,37144354,2019-05-24,2
33684273,46111498,2019-05-24,2
34296829,43173978,2019-05-24,2
33062393,44161094,2019-05-24,2
34178921,48935781,2019-05-24,2
34144929,46473123,2019-05-24,2
34281625,43837759,2019-05-24,2
33466685,41223648,2019-05-24,3
33144741,49967604,2019-05-24,2
33811218,2021248,2019-05-24,2
33923186,40780130,2019-05-24,2
34350435,49120949,2019-05-24,2
34137327,44695616,2019-05-24,2
33994359,48727667,2019-05-24,2
34029849,4269015,2019-05-25,2
33463633,49956506,2019-05-24,2
34324521,39441794,2019-05-24,2
33692953,32221319,2019-05-24,2
33096217,45627895,2019-05-24,2
34358289,7081214,2019-05-24,2
34503917,5983196,2019-05-24,2
33898333,43453011,2019-05-24,3
33080047,270717,2019-05-24,2
33239759,50602118,2019-05-24,2
33126597,44062470,2019-05-24,2
33683503,44745000,2019-05-24,2
34254087,35753673,2019-05-24,2
33274479,6306498,2019-05-24,2
34170941,40208986,2019-05-24,2
33205529,3168264,2019-05-24,3
34303283,43756097,2019-05-24,2
34480873,48059558,2019-05-24,2
34483435,4260327,2019-05-24,2
33152987,4462077,2019-05-24,2
33201913,3312104,2019-05-23,3
33491255,46463880,2019-05-23,2
33159777,34186474,2019-05-23,2
33443487,3339229,2019-05-23,2
33812065,4409952,2019-05-23,2
33981311,46815957,2019-05-23,2
33756037,37440994,2019-05-23,2
33479005,4695836,2019-05-23,3
34169430,49479592,2019-05-23,2
33909273,47333814,2019-05-23,2
33737263,35879577,2019-05-23,2
33786501,25729159,2019-05-23,2
33448639,39194362,2019-05-23,2
34138663,49312873,2019-05-23,3
33528929,48394305,2019-05-23,2
34005587,31713916,2019-05-23,2
33987717,36423689,2019-05-23,3
184331,39727271,2019-05-23,2
33307197,44132067,2019-05-23,2
33408543,35495826,2019-05-23,2
4338593,3621831,2019-05-23,2
33451845,50052194,2019-05-23,3
33538029,4693189,2019-05-23,2
34360403,49215510,2019-05-23,2
34345473,49267967,2019-05-23,2
34057163,45734074,2019-05-23,2
34049029,1069847,2019-05-23,2
33145847,40193645,2019-05-23,2
33362189,6415377,2019-05-23,2
33734869,34869442,2019-05-23,2
33574457,49460889,2019-05-23,2
34290179,4446440,2019-05-22,2
33196247,37198092,2019-05-22,3
4874051,31557034,2019-05-22,2
34081999,34239311,2019-05-22,2
33537049,33868512,2019-05-22,2
33623135,37251216,2019-05-22,3
33882160,6120421,2019-05-23,3
34343771,32096611,2019-05-22,2
33197526,47622074,2019-05-22,2
34201447,36396714,2019-05-22,3
33407913,38448771,2019-05-22,3
33412421,31470949,2019-05-22,2
33361895,6630838,2019-05-22,2
33771703,41676102,2019-05-22,2
34484051,45290429,2019-05-22,2
33449143,4916074,2019-05-22,2
33198399,1869259,2019-05-22,2
34024949,46555843,2019-05-22,3
34523741,32613590,2019-05-22,2
33317809,40194107,2019-05-22,2
34193467,48835615,2019-05-22,2
34235985,42466586,2019-05-22,2
34121017,46190987,2019-05-22,2
34473351,35784290,2019-05-22,2
32086565,47478794,2019-05-22,2
31910585,1152915,2019-05-22,2
31604237,75816,2019-05-22,2
32737831,49706997,2019-05-22,2
32565183,36353149,2019-05-22,2
33054077,39898664,2019-05-22,2
32295011,40478015,2019-05-21,2
31897495,6267828,2019-05-21,2
32405275,37851700,2019-05-21,2
32729319,42344980,2019-05-21,2
31950877,924387,2019-05-22,2
32975897,42545575,2019-05-21,2
33007339,48710722,2019-05-21,2
32405079,41881971,2019-05-21,2
33007339,40066033,2019-05-21,2
32678037,34358085,2019-05-21,2
31794763,42744101,2019-05-21,3
32936001,41743155,2019-05-21,2
31995131,6773149,2019-05-21,2
32048415,4213878,2019-05-21,2
11964351,34498873,2019-05-21,2
32028129,7105656,2019-05-21,2
33205529,6977893,2019-05-21,2
32798241,47417514,2019-05-21,7
11538443,34736729,2019-05-21,3
32345383,38274757,2019-05-21,4
31910235,1294854,2019-05-21,2
32062718,2240454,2019-05-21,2
32991497,52798,2019-05-21,2
32300415,42725958,2019-05-21,2
31650199,42466415,2019-05-21,2
31915457,46727639,2019-05-22,2
32235256,46952244,2019-05-21,2
32727737,5478844,2019-05-21,2
31618601,43121313,2019-05-21,2
32552429,49542635,2019-05-21,2
31733862,46401103,2019-05-21,2
32877313,104281,2019-05-21,2
32983447,3937199,2019-05-21,2
32776485,5747905,2019-05-21,2
31582733,35323185,2019-05-21,2
31937801,41830384,2019-05-21,2
32394443,43345728,2019-05-21,3
31876867,31076790,2019-05-21,2
32242875,33623645,2019-05-21,2
31554224,39362740,2019-05-21,2
32429593,37473881,2019-05-21,2
33033679,39143451,2019-05-21,2
32378325,33269327,2019-05-21,2
32118709,6620691,2019-05-21,2
32680739,41519121,2019-05-21,2
31876635,36545163,2019-05-21,2
32388559,48542377,2019-05-21,2
31617594,25592859,2019-05-21,2
32835257,47311598,2019-05-21,2
32970735,31972236,2019-05-21,2
32418953,2784849,2019-05-21,2
32990774,34815982,2019-05-21,2
32520257,3735215,2019-05-21,2
32001501,34471105,2019-05-21,2
32844707,32511263,2019-05-21,2
32110069,32787016,2019-05-21,2
32139877,2378650,2019-05-20,2
32536049,34407849,2019-05-21,2
32076975,42040796,2019-05-21,2
32640727,40780545,2019-05-21,2
32366285,45520888,2019-05-20,4
32397883,44055508,2019-05-21,2
32968999,31843261,2019-05-21,2
9930187,37490105,2019-05-21,2
32093747,658915,2019-05-20,2
31972213,44597062,2019-05-21,2
32800579,40276034,2019-05-20,2
32097846,6896816,2019-05-20,2
32436257,34340471,2019-05-21,2
32868143,41885318,2019-05-20,2
31693350,40193104,2019-05-20,2
32369547,43169194,2019-05-20,2
32757347,44598069,2019-05-20,2
32981613,35304417,2019-05-20,3
31741815,43333275,2019-05-20,2
31681531,6368797,2019-05-20,2
32072285,2838102,2019-05-20,2
31702846,43821032,2019-05-20,2
32297937,43345384,2019-05-20,2
31590853,4741116,2019-05-20,2
32275215,41009205,2019-05-20,2
32224087,31298630,2019-05-20,3
32947355,47552198,2019-05-20,2
31709181,33679117,2019-05-20,2
32712953,954452,2019-05-20,2
32663015,32229572,2019-05-20,2
32694739,44694778,2019-05-20,2
9433445,42695424,2019-05-20,2
32526837,2491060,2019-05-20,2
33029613,3992407,2019-05-20,2
32142173,42405297,2019-05-20,2
32043977,1008384,2019-05-20,2
32788371,35145546,2019-05-20,2
31730615,36322504,2019-05-20,2
31848145,46953147,2019-05-20,2
31880177,3282345,2019-05-20,2
31691835,42940814,2019-05-20,2
31607737,7080318,2019-05-20,2
31709027,46655932,2019-05-20,2
32389763,36377223,2019-05-20,2
32228231,36704178,2019-05-20,2
32415131,39839904,2019-05-20,2
32741149,711758,2019-05-20,3
31644207,47943128,2019-05-20,3
32561109,48833377,2019-05-20,3
32205565,44130998,2019-05-20,2
32212117,46020196,2019-05-20,2
1069537,46869486,2019-05-20,2
32394439,46011194,2019-05-20,2
10162299,37806541,2019-05-20,2
11248447,38035508,2019-05-20,2
32384345,41935664,2019-05-20,2
32187281,46275127,2019-05-20,2
31849699,6360665,2019-05-20,2
32425981,32280526,2019-05-20,2
31990324,44748679,2019-05-20,2
32727121,2655711,2019-05-20,2
32053329,29127359,2019-05-20,2
31944521,36418716,2019-05-20,2
32068421,3287473,2019-05-20,2
31828027,146857,2019-05-20,2
32834921,7129879,2019-05-20,2
32834881,34628424,2019-05-20,2
32132359,41932546,2019-05-20,2
32105073,35504413,2019-05-20,2
32933313,35920441,2019-05-20,2
39854199,2170770,2019-05-20,2
32765159,46254271,2019-05-20,2
11217969,33123172,2019-05-20,2
32166589,31843261,2019-05-20,2
31777781,2058902,2019-05-20,3
31651566,38923930,2019-05-20,2
32462171,48976265,2019-05-20,3
32466623,46051409,2019-06-19,2
32538415,49215733,2019-06-19,2
32063899,37857528,2019-06-19,2
11096323,32444866,2019-06-19,2
31786965,47869711,2019-06-19,3
32773601,6896378,2019-06-19,2
31621443,35770875,2019-06-19,2
32406199,47453564,2019-06-19,2
32516981,31381934,2019-06-19,2
32467735,34982846,2019-06-19,2
32922309,4437094,2019-06-19,2
32974515,31171214,2019-06-19,2
12163949,40275989,2019-06-19,2
32093719,51821595,2019-06-18,2
32288683,47047032,2019-06-19,2
32846023,40275998,2019-06-18,3
32570181,42042317,2019-06-19,2
31816407,1078949,2019-06-19,2
32123973,32032717,2019-06-19,2
32761869,31354308,2019-06-18,2
32431345,47047046,2019-06-18,2
31965407,31292542,2019-06-18,2
32668069,55790974,2019-06-19,2
32274753,46634347,2019-06-19,2
31774505,35833844,2019-06-19,2
11709621,36524495,2019-06-19,2
31856153,39602935,2019-06-19,2
32686715,3807324,2019-06-19,2
32904599,44268320,2019-06-19,2
32413409,1845174,2019-06-19,3
31769423,35129179,2019-06-18,2
31788799,34883332,2019-06-18,2
31936387,35253037,2019-06-19,2
32502701,47227529,2019-06-18,2
11905929,3540236,2019-06-18,2
32593575,40276068,2019-06-18,2
32453729,49005509,2019-06-18,2
32637185,4431242,2019-06-18,2
31834173,3036080,2019-06-18,2
32212061,32852144,2019-06-18,2
32845575,31373989,2019-06-18,2
32950715,33269445,2019-06-18,2
32195373,54587603,2019-06-18,2
31969889,38132965,2019-06-18,2
31687495,54173069,2019-06-18,2
31875656,42211212,2019-06-18,2
32340474,42249108,2019-06-18,2
12016165,42680617,2019-06-18,2
32781455,50267050,2019-06-18,2
32153135,32412156,2019-06-18,2
32914973,46743111,2019-06-18,2
32948601,5898457,2019-06-18,2
31786937,54587893,2019-06-18,2
32726057,47417885,2019-06-18,2
31632125,34408527,2019-06-18,2
32363485,49927888,2019-06-18,2
32429733,46982479,2019-06-18,2
32203045,31516269,2019-06-18,2
31947657,32596720,2019-06-18,2
32025819,31873581,2019-06-18,2
32461499,48759710,2019-06-18,2
32452973,39036724,2019-06-18,2
32452973,39037099,2019-06-18,2
31946915,5898322,2019-06-18,2
31672749,3607640,2019-06-18,2
31553809,46283904,2019-06-18,2
33001367,34605768,2019-06-18,2
32473399,2301407,2019-06-18,2
31702881,7105676,2019-06-18,3
32514769,40100903,2019-06-17,2
32707091,47644863,2019-06-17,3
31849615,35784881,2019-06-17,2
32556326,6827793,2019-06-17,2
32327687,31773673,2019-06-17,2
32020401,42690546,2019-06-17,2
33022353,38347301,2019-06-17,2
32776443,43802423,2019-06-17,2
31647861,41638673,2019-06-17,2
32731391,42215883,2019-06-17,2
32579463,40275998,2019-06-17,2
31884419,35496075,2019-06-17,3
10026968,55399273,2019-06-17,2
32712323,4194932,2019-06-17,2
32558813,47086250,2019-06-17,2
32143885,4470345,2019-06-17,2
32793873,5747559,2019-06-17,2
32076869,36294771,2019-06-17,2
40445069,53580288,2019-06-17,3
32794517,32729495,2019-06-17,2
31683463,36503966,2019-06-17,3
32771893,6685655,2019-06-17,2
32163901,2283822,2019-06-17,2
11538443,44849434,2019-06-17,4
33005021,41982582,2019-06-17,2
32103659,39379248,2019-06-17,2
32827963,33973190,2019-06-17,2
8554917,35213234,2019-06-17,2
31755899,43914395,2019-06-17,2
32948013,36263781,2019-06-17,2
32832121,47883721,2019-06-17,2
31593653,51915263,2019-06-17,2
32542881,6427926,2019-06-17,2
33038775,36942828,2019-06-17,2
33402661,53622732,2019-06-17,7
32967235,50667338,2019-06-17,2
32782715,48018508,2019-06-17,2
32462913,49577203,2019-06-17,2
32544281,3342900,2019-06-17,2
32768687,43786395,2019-06-17,2
32447289,55385939,2019-06-16,2
32880407,6043841,2019-06-16,2
32177859,46313443,2019-06-16,2
10000977,32282850,2019-06-16,3
32469941,39916032,2019-06-16,4
32142397,49556385,2019-06-16,3
32033323,32069104,2019-06-16,2
32672017,46296420,2019-06-16,2
32344767,54088106,2019-06-16,2
31910543,3790117,2019-06-16,2
32042255,32804808,2019-06-16,2
31608535,50317408,2019-06-16,5
32655077,35462471,2019-06-16,2
32668889,3952198,2019-06-16,2
11267837,33827655,2019-06-16,4
31793363,32194395,2019-06-16,2
32178755,32889632,2019-06-16,2
32933271,35133243,2019-06-16,2
32634147,42678283,2019-06-16,2
32905301,7163984,2019-06-16,2
32894351,3711312,2019-06-16,3
32058117,41191028,2019-06-16,2
32224647,46015111,2019-06-16,2
32011259,35134221,2019-06-16,2
32962097,41259618,2019-06-16,2
32548825,44165330,2019-06-16,2
32171769,31928883,2019-06-16,3
31574585,48044387,2019-06-16,2
32007941,34359671,2019-06-16,2
12004951,31132771,2019-06-16,2
32036375,48937315,2019-06-16,2
31772405,53560299,2019-06-16,2
32244303,41696363,2019-06-16,2
32698911,42431004,2019-06-16,2
32070129,16190909,2019-06-16,2
31641925,46935756,2019-06-16,2
32078795,55246928,2019-06-16,2
32913489,39573460,2019-06-16,2
31698247,6728937,2019-06-16,2
32644633,32125005,2019-06-16,3
31589859,31095253,2019-06-16,2
31727157,37809723,2019-06-16,2
32460547,31534892,2019-06-16,2
32898383,52204742,2019-06-16,2
31568831,31943139,2019-06-15,2
32295417,40093570,2019-06-16,2
32014801,46506432,2019-06-16,2
11804555,45347934,2019-06-16,2
32978029,48693764,2019-06-16,3
32229457,6744094,2019-06-15,2
32587093,45300919,2019-06-15,5
32742437,6865276,2019-06-15,2
32283615,44596989,2019-06-15,2
9170307,8384848,2019-06-15,2
32867117,2731307,2019-06-15,2
31876215,2627774,2019-06-15,2
32461751,4244838,2019-06-15,2
32357031,6489348,2019-06-15,2
32604971,46923019,2019-06-15,2
33023453,46159393,2019-06-15,2
32293261,33511519,2019-06-15,2
32580149,3870583,2019-06-15,2
32715542,30561109,2019-06-15,2
31782037,47865450,2019-06-15,2
32715627,50345086,2019-06-15,2
31590839,5775895,2019-06-15,3
33012315,6243280,2019-06-15,2
32372025,2580202,2019-06-15,2
32756837,31431913,2019-06-15,2
32828284,42520901,2019-06-15,2
32821027,46858785,2019-06-15,2
32539045,43301770,2019-06-15,2
32875326,32055294,2019-06-15,2
31940192,51242285,2019-06-15,2
31858183,1263681,2019-06-15,2
32006443,3508879,2019-06-15,3
31652033,46212951,2019-06-15,2
32227867,46745557,2019-06-15,2
32304727,48389323,2019-06-15,2
31689705,2871413,2019-06-15,2
32217899,7081487,2019-06-15,2
31906665,2047940,2019-06-15,2
31588193,38563409,2019-06-15,2
31616627,44343992,2019-06-15,2
31923395,31068719,2019-06-15,2
31616837,18363259,2019-06-15,2
31581935,38382770,2019-06-15,2
31772377,42350213,2019-06-15,2
32619069,49012547,2019-06-15,2
30768969,45605516,2019-06-15,2
31222793,49266625,2019-06-15,2
30932629,36811739,2019-06-15,2
30667049,52140030,2019-06-15,2
30829799,42555479,2019-06-14,2
31406879,31124589,2019-06-14,2
31118199,46902277,2019-06-14,2
31240069,43900263,2019-06-14,6
30926651,50728279,2019-06-14,2
30542945,85559,2019-06-14,2
31063809,47164267,2019-06-14,2
31076213,51967607,2019-06-14,2
31475171,35134023,2019-06-14,2
31358775,33099340,2019-06-14,3
30670815,41995562,2019-06-14,2
30794127,39639033,2019-06-14,2
31346357,1070104,2019-06-14,2
30669065,6420717,2019-06-15,2
30626709,1265437,2019-06-15,2
31402021,50835260,2019-06-14,2
31414915,50046403,2019-06-14,3
31303811,39392914,2019-06-14,2
31315473,49223746,2019-06-14,2
35611541,36704249,2019-06-14,3
30699368,31674948,2019-06-14,2
30710449,4445642,2019-06-14,2
30623201,41897852,2019-06-14,2
31099355,42466415,2019-06-14,2
31224515,46858790,2019-06-14,2
301472,46210952,2019-06-14,2
31335239,33163670,2019-06-14,2
31507623,47022677,2019-06-14,2
30760863,6076732,2019-06-14,2
30946657,513842,2019-06-14,2
30687027,37286567,2019-06-14,2
30611245,42690363,2019-06-14,2
30799960,4349842,2019-06-14,2
8064119,31378732,2019-06-14,2
31511025,43547827,2019-06-14,3
8990093,4601958,2019-06-14,3
30968665,33321392,2019-06-14,2
30829099,42781057,2019-06-14,2
30925587,47430747,2019-06-14,2
31236205,50350644,2019-06-14,2
31238977,6019664,2019-06-14,2
30936871,6477201,2019-06-14,2
30561559,43873658,2019-06-16,2
30700481,34533249,2019-06-14,2
31422405,4923966,2019-06-14,2
31065321,43209526,2019-06-14,2
41276375,35470357,2019-06-14,2
30892729,40574715,2019-06-14,2
30812677,34026885,2019-06-14,3
10095267,3277966,2019-06-14,3
31150679,43646487,2019-06-14,2
30983320,31092737,2019-06-14,2
30902319,45733829,2019-06-14,2
30835497,36359820,2019-06-19,3
31271835,33056893,2019-06-19,2
30877385,41804650,2019-06-19,2
30955001,37612920,2019-06-19,2
30910971,46773803,2019-06-19,2
30929241,37205444,2019-06-19,2
30814217,50653629,2019-06-19,4
31536785,37485223,2019-06-19,2
30885003,929385,2019-06-19,2
30896523,51359956,2019-06-19,2
30887521,46144228,2019-06-19,2
31177811,38213262,2019-06-19,2
31064033,32448268,2019-06-19,3
30615053,44712987,2019-06-18,2
30558871,36408822,2019-06-19,2
31326393,41212668,2019-06-19,2
31102715,49128612,2019-06-19,2
30600899,49489184,2019-06-19,2
31494855,45607399,2019-06-19,2
30868425,47228759,2019-06-19,2
31019135,32872142,2019-06-19,2
30915115,44607611,2019-06-19,2
11100831,50189651,2019-06-18,3
11158413,38614387,2019-06-18,2
30774919,44713192,2019-06-18,2
31965407,25940109,2019-06-18,2
30592821,47463137,2019-06-19,2
30614479,37491334,2019-06-19,3
30675040,37644262,2019-06-19,2
30754115,31279063,2019-06-19,2
31490683,36511935,2019-06-18,2
31248581,36794754,2019-06-19,2
31856153,50649709,2019-06-19,2
31311693,32521952,2019-06-19,2
30539635,3766388,2019-06-19,2
30614759,46107431,2019-06-19,2
30986277,33133772,2019-06-19,2
30803311,42751589,2019-06-19,2
30725107,32596064,2019-06-19,2
31348149,50202040,2019-06-19,3
31385798,39813260,2019-06-19,2
30826383,40348743,2019-06-19,2
31513531,45244403,2019-06-18,2
31233111,44161955,2019-06-18,2
31491859,46440459,2019-06-18,2
1034551,34244779,2019-06-18,3
30712927,34926973,2019-06-18,2
12040525,35723165,2019-06-18,3
31376849,31475971,2019-06-18,2
30885589,33128249,2019-06-18,2
31520620,47046703,2019-06-18,2
30873647,39900298,2019-06-18,2
31044461,31077951,2019-06-18,2
31380394,6537333,2019-06-18,2
11800187,2300916,2019-06-18,2
30675393,46211346,2019-06-18,2
30743867,6517569,2019-06-18,2
32431345,47398585,2019-06-18,2
30539299,3968273,2019-06-18,2
31521469,35133533,2019-06-18,2
31389421,42681931,2019-06-18,2
31300703,39091509,2019-06-18,2
31005930,52615905,2019-06-18,2
31208191,44184796,2019-06-18,2
31234077,46481411,2019-06-18,2
31166443,1387952,2019-06-18,5
30898763,50115940,2019-06-18,2
30558941,3031139,2019-06-18,2
32363485,34451685,2019-06-18,2
31483920,50765966,2019-06-18,3
30863455,4025490,2019-06-18,2
31127411,46399759,2019-06-18,3
30937081,46795320,2019-06-18,2
31356983,3775553,2019-06-18,2
31185931,49305034,2019-06-18,2
30822491,5783643,2019-06-18,2
31514119,31299527,2019-06-18,2
31272661,47931783,2019-06-18,2
30871533,37045647,2019-06-18,2
30948281,34617914,2019-06-18,2
8640373,32810770,2019-06-18,2
30796773,42572213,2019-06-18,2
30779133,41690671,2019-06-18,2
30625973,212781,2019-06-18,2
30666503,38191114,2019-06-18,2
30728635,31375882,2019-06-18,2
31345894,46113475,2019-06-18,2
31025911,3049278,2019-06-18,2
30646469,4661793,2019-06-18,2
30566333,39402951,2019-06-18,2
31532445,1263941,2019-06-17,2
31463677,47089304,2019-06-17,2
30885113,2378647,2019-06-17,2
12490835,50853422,2019-06-17,2
30677997,48503394,2019-06-17,3
32123973,1766124,2019-06-17,4
31311665,1070104,2019-06-17,5
31433157,51360085,2019-06-17,2
31162817,15977059,2019-06-17,2
31442131,5934377,2019-06-17,2
31520195,32431325,2019-06-17,2
30981507,48410660,2019-06-17,2
30577155,44804665,2019-06-17,2
31099943,31977381,2019-06-17,4
30659895,35586395,2019-06-17,3
31110065,48497105,2019-06-17,2
31134043,31170890,2019-06-17,2
31366279,11766359,2019-06-17,2
30700887,34940833,2019-06-17,2
31428789,52204945,2019-06-17,3
30627214,39462001,2019-06-17,2
31493903,31092739,2019-06-17,2
31380957,3578298,2019-06-17,2
30680867,7094121,2019-06-17,2
4782855,42490509,2019-06-17,2
30803647,51717673,2019-06-17,2
31468745,3284675,2019-06-17,2
31379383,31714342,2019-06-17,2
30988587,49502819,2019-06-17,2
31100153,35163523,2019-06-17,2
31170209,42028703,2019-06-17,2
30617335,2891661,2019-06-17,2
31063305,46558733,2019-06-17,3
30658789,47346901,2019-06-17,2
30601571,40932959,2019-06-17,2
30858149,9518985,2019-06-17,4
844249,45741529,2019-06-17,2
31078327,37285991,2019-06-17,2
30859955,51298451,2019-06-17,2
31178609,47159667,2019-06-17,2
31391269,2946864,2019-06-16,2
31553067,35028328,2019-06-16,2
30827987,31097470,2019-06-16,3
31377339,37578671,2019-06-16,5
31530187,33980343,2019-06-16,2
30746765,4687560,2019-06-16,2
31022775,49799229,2019-06-16,2
30548931,7143174,2019-06-16,2
31415097,51804816,2019-06-16,2
30561951,33179526,2019-06-16,2
31142615,31479909,2019-06-16,2
31115861,7062586,2019-06-16,2
31294697,1979235,2019-06-16,2
30789213,36416722,2019-06-16,2
31526607,45731417,2019-06-16,2
31165715,40745378,2019-06-16,2
31242813,46715576,2019-06-16,2
30832823,44747695,2019-06-16,3
31085033,35429062,2019-06-16,3
11035731,49271824,2019-06-16,4
31386257,47376615,2019-06-16,2
30710953,34841805,2019-06-16,2
31456765,46156603,2019-06-16,2
30756327,47162004,2019-06-16,2
31439359,1008579,2019-06-16,2
31292807,31763416,2019-06-16,2
30852773,44350561,2019-06-16,2
32637185,36813646,2019-06-16,2
31150749,38132917,2019-06-16,2
31132885,3568840,2019-06-16,2
31283049,35154288,2019-06-16,2
31351943,40570617,2019-06-16,2
31000523,34329403,2019-06-16,2
31366279,31618854,2019-06-16,2
30711401,31073782,2019-06-16,2
30720115,53560305,2019-06-16,2
31441067,3566083,2019-06-16,2
30750825,46287627,2019-06-16,2
30778265,4033598,2019-06-16,2
31536939,45196041,2019-06-16,2
30881893,49709669,2019-06-16,3
30906449,44731860,2019-06-16,2
31393425,2075487,2019-06-16,3
31191993,35404368,2019-06-16,2
31259907,76602,2019-06-16,2
31361911,51148503,2019-06-16,2
11351893,33697243,2019-06-16,2
30811935,51034521,2019-06-16,2
30716595,35847549,2019-06-16,2
31074043,39581540,2019-06-16,2
10987487,49334324,2019-06-15,2
30981573,6630858,2019-06-15,2
31253971,49672016,2019-06-15,3
30659055,39441452,2019-06-15,2
31422433,43885660,2019-06-15,3
30763201,46702855,2019-06-15,2
31207341,4160913,2019-06-15,2
31150777,51591449,2019-06-15,2
31512957,43717728,2019-06-15,2
31357792,37997900,2019-06-15,2
30864729,35351780,2019-06-15,2
31345041,39961177,2019-06-15,2
31325161,7123252,2019-06-15,2
31084962,31790263,2019-06-15,2
30779287,38541988,2019-06-15,2
30658453,47324623,2019-06-15,5
30874193,50382426,2019-06-15,5
31533663,32626715,2019-06-15,2
9888347,32434613,2019-06-15,2
30978535,4906270,2019-06-15,2
31406543,31759979,2019-06-15,2
31096527,5865768,2019-06-15,2
30674161,3539213,2019-06-15,2
30593605,34830807,2019-06-15,2
31511305,4470109,2019-06-15,2
31485377,46655176,2019-06-15,2
31157749,31713754,2019-06-15,2
30702315,6035668,2019-06-15,2
31442145,42781060,2019-06-15,2
30785139,39727015,2019-06-15,2
30668200,31121286,2019-06-15,2
31052217,52597720,2019-06-15,2
30939615,32853556,2019-06-15,3
30652391,4741017,2019-06-15,2
31042921,2702409,2019-06-15,2
31185357,53000125,2019-06-15,2
30668617,45288702,2019-06-15,2
31035529,50003393,2019-06-15,2
31548811,40644780,2019-06-15,2
31492713,35188287,2019-06-15,2
30663783,6367983,2019-06-15,2
36065855,4426992,2019-06-15,2
30054143,35078857,2019-06-15,2
8963143,31535766,2019-06-15,2
30444925,6084832,2019-06-15,2
29697815,42386724,2019-06-15,2
12066075,7025343,2019-06-15,3
10200183,54949044,2019-06-15,2
30082129,53527225,2019-06-15,2
30168313,46119123,2019-06-15,2
29791587,51764142,2019-06-15,2
30090025,47023190,2019-06-14,2
12232605,51013128,2019-06-14,2
29881215,46232883,2019-06-14,3
29798951,33499756,2019-06-14,2
29783971,44597361,2019-06-14,2
30196621,46296360,2019-06-14,2
29899541,44461822,2019-06-14,3
30158583,46616424,2019-06-14,2
29801261,46128562,2019-06-14,2
30459709,43524724,2019-06-14,2
30411243,41708376,2019-06-14,2
30212077,40280134,2019-06-14,2
29971473,43375324,2019-06-14,3
29735277,42420172,2019-06-14,2
30128945,56078,2019-06-14,2
31224515,46184140,2019-06-14,2
30489389,2980441,2019-06-14,2
30486113,33810481,2019-06-14,2
29744841,33130021,2019-06-14,2
30113825,2842371,2019-06-14,2
30111501,35146684,2019-06-14,2
30254572,52897518,2019-06-14,2
30348731,46527824,2019-06-14,2
30309095,38281817,2019-06-14,2
5222347,35862249,2019-06-14,2
30081905,31688680,2019-06-14,3
29955835,5886324,2019-06-14,2
30264325,34437012,2019-06-14,2
29989107,42211915,2019-06-14,2
30158233,2763029,2019-06-14,2
30115715,46735418,2019-06-14,2
29834721,38828676,2019-06-14,2
30387604,33028234,2019-06-14,2
30435321,857718,2019-06-14,2
30001951,32048657,2019-06-14,2
30136701,4815743,2019-06-14,2
29757763,31162489,2019-06-14,4
29735293,49305126,2019-06-14,2
30002483,2497141,2019-06-14,3
29965285,51606984,2019-06-14,2
41736275,25134259,2019-06-14,2
30433545,46296991,2019-06-14,2
30155685,47599065,2019-06-14,2
30147971,42353748,2019-06-14,2
12257343,51345382,2019-06-14,2
30438145,31058979,2019-06-14,2
30412879,44349937,2019-06-14,2
29916145,39849165,2019-06-14,2
30221163,31534829,2019-06-14,2
30490523,48885673,2019-06-14,2
29807463,33926502,2019-06-14,2
30156063,39785728,2019-06-14,2
29832663,46225421,2019-06-14,2
29680721,31938700,2019-06-14,2
30194799,34544519,2019-06-14,2
30049117,34091923,2019-06-14,2
29801023,51725820,2019-06-14,2
29867117,45040865,2019-06-14,2
29909808,32206823,2019-06-14,2
30019003,42033035,2019-06-14,2
29778735,52215712,2019-06-14,2
30085867,34732070,2019-06-14,2
30326135,44055547,2019-06-14,2
30420705,2786618,2019-06-14,2
29879199,47952312,2019-06-14,2
41962851,43803246,2019-06-13,2
29804355,37653439,2019-06-13,2
29686307,35426950,2019-06-13,2
30298555,49592379,2019-06-13,2
30268595,44601279,2019-06-13,2
29775739,6320496,2019-06-13,2
32936001,32196981,2019-06-13,2
30327591,43901143,2019-06-13,2
30074443,37776880,2019-06-13,2
29940211,49148453,2019-06-13,2
30434635,37286426,2019-06-14,2
30407979,4490127,2019-06-13,2
30166782,4458222,2019-06-13,2
30116345,46464819,2019-06-13,2
29863827,6865188,2019-06-13,2
29963689,3248258,2019-06-13,2
30288674,7157041,2019-06-13,2
29840521,32252271,2019-06-13,2
29952755,46798946,2019-06-13,2
29950207,31688102,2019-06-13,2
30364088,14512759,2019-06-13,2
29792637,53542059,2019-06-13,2
12507255,47896891,2019-06-13,2
29787163,36419673,2019-06-13,2
30197797,34956243,2019-06-13,2
29988259,41007742,2019-06-13,2
30303637,35627305,2019-06-13,2
4687599,42540513,2019-06-13,2
29954351,4033598,2019-06-13,2
30525593,51275252,2019-06-13,2
30398683,86130,2019-06-13,2
29701231,35483631,2019-06-12,3
30239839,47944012,2019-06-12,2
31880177,31933743,2019-06-12,2
30047087,40780939,2019-06-12,4
29822975,38630906,2019-06-12,2
11123021,41481157,2019-06-12,2
30505685,47887693,2019-06-12,2
29785483,6808092,2019-06-12,2
29833657,43547395,2019-06-12,2
30181935,46264677,2019-06-12,2
30511943,50062270,2019-06-12,2
30116429,50583960,2019-06-12,2
30306073,4636487,2019-06-12,2
29906807,31373757,2019-06-12,2
29985837,32107401,2019-06-12,2
30264815,40314175,2019-06-12,2
29962849,32706939,2019-06-12,2
30079567,926076,2019-06-12,2
30310959,39594891,2019-06-12,2
30303161,42479233,2019-06-12,2
29995021,44695843,2019-06-12,2
4347105,35745189,2019-06-12,2
30042901,3967383,2019-06-13,2
30215787,2974144,2019-06-12,2
29904819,44832904,2019-06-12,2
30197335,48718746,2019-06-12,4
30094827,43685702,2019-06-12,2
30289021,44748036,2019-06-12,2
30189579,33363219,2019-06-12,2
30494653,41253099,2019-06-12,2
30170833,49363693,2019-06-12,2
30205525,4650446,2019-06-12,2
29850359,48221628,2019-06-12,2
29785679,50885678,2019-06-12,2
10831401,3539232,2019-06-11,2
29749839,40317936,2019-06-12,2
29797663,31651887,2019-06-11,2
30293137,36870518,2019-06-11,2
29957543,3521319,2019-06-12,2
30390115,32686739,2019-06-11,2
29900087,35666287,2019-06-11,2
30487303,51731687,2019-06-11,2
30159428,48120251,2019-06-11,2
29938652,41897852,2019-06-11,2
30397269,4524800,2019-06-11,2
30218811,46144228,2019-06-11,2
29755355,37119461,2019-06-11,2
29689401,49956964,2019-06-11,2
29982211,31451408,2019-06-11,2
30034235,44245518,2019-06-12,2
30282399,7080378,2019-06-12,2
8920695,31298760,2019-06-12,2
30435629,37002023,2019-06-12,2
30338511,36855498,2019-06-11,6
30103332,44478020,2019-06-11,2
30062515,49501767,2019-06-11,2
30133901,52975057,2019-06-11,2
30066869,47083018,2019-06-11,2
29888321,2982008,2019-06-11,2
30423729,31298843,2019-06-12,2
29923481,35631718,2019-06-12,2
29699117,34220556,2019-06-19,2
29791293,39352209,2019-05-26,2
30525089,4479949,2019-05-26,2
29861867,36545267,2019-05-26,2
30055973,33039212,2019-05-26,2
30173367,48125839,2019-05-26,2
10718603,37185230,2019-05-26,2
30021901,42382316,2019-05-26,2
29846747,31716783,2019-05-26,2
29894487,43922106,2019-05-25,3
29800127,47073705,2019-05-26,2
30266873,37990389,2019-05-26,2
30130261,38783735,2019-05-26,2
30386993,34003894,2019-05-25,3
30347947,48275396,2019-05-25,2
30135721,39733498,2019-05-25,3
30285829,25123359,2019-05-25,2
29775389,36398226,2019-05-25,2
30412039,48305310,2019-05-25,3
30142259,44742767,2019-05-25,2
30004597,3867592,2019-05-25,3
29855875,47585228,2019-05-25,2
8655689,32056128,2019-05-25,2
30413999,43838791,2019-05-25,2
30188823,48312297,2019-05-25,2
30157799,41266391,2019-05-27,2
29934023,32062678,2019-05-27,2
30526923,3753815,2019-05-27,2
30126159,81527,2019-05-25,2
29682331,436888,2019-05-25,2
30190041,45534218,2019-05-25,2
29853481,4078993,2019-05-25,2
30514701,49613896,2019-05-25,2
30060723,6981822,2019-05-25,2
30171113,35586688,2019-05-25,2
30402029,32142045,2019-05-25,2
30459415,32069814,2019-05-25,2
30155419,112304,2019-05-25,2
30382289,37815202,2019-05-25,2
29856995,44169688,2019-05-25,2
30124913,43514845,2019-05-25,2
30102490,33181428,2019-05-25,2
30510781,35886356,2019-05-25,3
30347996,49469160,2019-05-25,2
12293939,41136735,2019-05-25,2
10062087,31712940,2019-05-25,2
29800057,43869785,2019-05-25,2
30022394,47032433,2019-05-25,2
29983751,50235181,2019-05-25,2
29741929,46282457,2019-05-25,2
30057419,3175387,2019-05-25,2
29678845,37463252,2019-05-25,2
29903601,33988593,2019-05-25,2
30045267,47143312,2019-05-25,2
30267734,39833031,2019-05-25,2
30119579,35217531,2019-05-25,2
30057083,37790993,2019-05-25,3
30088541,50826270,2019-05-25,2
30459331,45567870,2019-05-25,2
29862847,32082328,2019-05-25,2
30250185,6061771,2019-05-25,2
30080785,31999826,2019-05-25,2
30389765,37631630,2019-05-25,2
30505041,51087307,2019-05-25,2
29701679,2582848,2019-05-25,2
30298947,44076636,2019-05-25,2
29855329,6531608,2019-05-25,2
29760619,36513970,2019-05-25,2
30443819,43885796,2019-05-25,2
34051829,33711548,2019-05-25,2
30251431,51123329,2019-05-25,2
30465729,50493281,2019-05-25,2
30248001,37491334,2019-05-25,2
30491881,32242237,2019-05-25,3
29222697,6280267,2019-05-25,2
29417983,5215193,2019-05-25,2
29488361,32434759,2019-05-25,2
29067927,37666690,2019-05-25,2
29135939,50817342,2019-05-25,2
29384719,2974139,2019-05-25,2
40984265,44748363,2019-05-25,2
29386973,3905049,2019-05-25,2
29023953,32271537,2019-05-25,3
29027271,44484618,2019-05-25,2
10403981,39329175,2019-05-25,3
29380897,34777976,2019-05-25,2
29518607,571366,2019-05-25,2
29223845,47135679,2019-05-25,2
29272117,3257232,2019-05-25,6
29515633,6277358,2019-05-25,2
29477441,4051240,2019-05-25,2
28925765,41483129,2019-05-25,2
29654247,48380115,2019-05-25,3
29180039,35275798,2019-05-25,2
29363383,239786,2019-05-25,2
10396407,3160392,2019-05-25,3
29148846,32088676,2019-05-25,2
29213009,31715545,2019-05-25,2
29502342,1294667,2019-05-24,2
28983997,33042021,2019-05-25,2
29367648,32271331,2019-05-25,2
29107057,1263259,2019-05-25,2
29325569,6107171,2019-05-25,2
29674561,4033618,2019-05-25,2
10289461,32567464,2019-05-25,2
29628165,44221192,2019-05-25,2
29066443,31583919,2019-05-25,4
29484917,36895069,2019-05-25,2
29397445,4460483,2019-05-25,2
29434055,3556341,2019-05-25,2
28928543,41914862,2019-05-25,2
29028615,49427389,2019-05-25,2
29107813,39550918,2019-05-25,2
29445815,769989,2019-05-25,2
29655997,48299581,2019-05-25,2
29628739,6687080,2019-05-25,2
29580887,49552756,2019-05-25,2
29623055,31534894,2019-05-25,2
29108219,33048433,2019-05-25,2
29395485,32061657,2019-05-25,2
28989877,46624420,2019-05-25,2
29456931,47551306,2019-05-24,2
29144255,3738909,2019-05-24,2
29079981,3118930,2019-05-24,2
29377971,36288075,2019-05-25,2
29658181,36545267,2019-05-24,2
29033193,35248247,2019-05-25,2
29278655,6597234,2019-05-25,2
29580397,39397365,2019-05-24,2
29493289,1069442,2019-05-24,2
29308685,45711940,2019-05-24,2
29474095,47552221,2019-05-25,2
29424675,43754290,2019-05-25,2
29666483,36432355,2019-05-25,2
29484707,31341540,2019-05-25,2
29175567,50035229,2019-05-24,2
29160369,36812623,2019-05-24,2
29603455,32052462,2019-05-24,2
29096725,42661632,2019-05-24,2
29222151,3257622,2019-05-24,2
29403927,35429187,2019-05-24,2
29149855,42385874,2019-05-24,2
29087191,49553171,2019-05-24,2
29195257,33981221,2019-05-24,2
29191925,48984262,2019-05-24,2
8666581,31769966,2019-05-24,2
29228536,35470162,2019-05-24,2
29375311,40556702,2019-05-24,2
29565375,4552938,2019-05-24,2
29012025,46260535,2019-05-24,2
11654993,47077960,2019-05-24,2
29270367,44220412,2019-05-24,2
29014209,1263702,2019-05-25,2
29380001,45607582,2019-05-24,2
29018759,35032590,2019-05-24,2
29221157,49836002,2019-05-24,2
28993517,3892937,2019-05-24,2
29300677,35483720,2019-05-24,2
29141875,49801067,2019-05-24,2
29485253,32444850,2019-05-24,2
29254176,38404491,2019-05-24,2
29589595,2141817,2019-05-24,2
29524985,711758,2019-05-24,2
29189153,1060291,2019-05-24,2
29362585,45553756,2019-05-24,2
29301097,36425260,2019-05-24,2
29023827,33048523,2019-05-24,2
29457533,2032031,2019-05-24,2
29207633,4154195,2019-05-24,2
12490835,6127603,2019-05-24,2
29391383,46103066,2019-05-24,2
29045975,32686757,2019-05-24,2
29514177,4316003,2019-05-24,2
29145739,7047323,2019-05-24,2
29228536,42555391,2019-05-24,2
29092777,40923296,2019-05-24,2
29611715,31947874,2019-05-24,2
29507121,39689729,2019-05-24,2
29522325,35434002,2019-05-24,2
29344105,46283258,2019-05-24,2
29442343,1033620,2019-05-24,2
29024723,31496838,2019-05-24,3
29613493,40123717,2019-05-24,2
29264081,42350580,2019-05-24,2
29432753,42617235,2019-05-24,2
29445395,34440754,2019-05-24,2
29610038,49555017,2019-05-24,2
29143247,43803233,2019-05-24,2
29540231,36524490,2019-05-24,2
29506491,3570450,2019-05-24,2
29491595,159490,2019-05-24,2
29171317,34472043,2019-05-24,2
29657915,34743752,2019-05-24,2
29364685,6581161,2019-05-24,2
29044253,44606415,2019-05-23,2
29464687,44746911,2019-05-23,2
29065127,6896543,2019-05-24,2
29283555,50246577,2019-05-23,2
29342864,48308572,2019-05-23,2
29439459,45742804,2019-05-23,2
29643845,34071472,2019-05-23,2
29253147,34532472,2019-05-23,2
29384593,43547943,2019-05-23,2
29239539,4033667,2019-05-23,2
29592129,48975188,2019-05-23,2
29521866,2058902,2019-05-23,2
28926755,32752181,2019-05-23,2
29395042,2876934,2019-05-23,2
29195299,45525744,2019-05-23,2
29051169,3404796,2019-05-23,2
33528929,49154005,2019-05-23,3
29558445,35908611,2019-05-23,2
28966525,44442637,2019-05-23,2
29281315,34471105,2019-05-23,2
29464057,4154195,2019-05-23,2
29428599,31167762,2019-05-23,2
5152763,43695891,2019-05-23,2
29192961,4461976,2019-05-23,2
29249940,38627421,2019-05-23,2
28946811,33207773,2019-05-23,3
28985859,50032230,2019-05-23,2
29598709,45284165,2019-05-23,2
29610609,44292093,2019-05-22,3
28923830,6019666,2019-05-23,2
29591219,38995145,2019-05-23,2
29453165,34152971,2019-05-22,2
29363201,35470162,2019-05-23,2
29485349,47225147,2019-05-22,2
29143793,33405313,2019-05-22,3
29151684,34350893,2019-05-22,2
28978691,38783549,2019-05-22,2
29461733,44051794,2019-05-22,2
29258537,35883061,2019-05-22,2
29458639,50476987,2019-05-22,2
29644475,33654889,2019-05-22,3
29185919,4368208,2019-05-22,2
29370605,42921787,2019-05-22,2
29641437,45602974,2019-05-22,3
29200577,48229396,2019-05-22,2
29379441,43524799,2019-05-22,2
29169889,4483081,2019-05-22,2
7917189,376188,2019-05-22,2
28928921,43524799,2019-05-22,2
29445605,49931778,2019-05-22,2
29108247,37111636,2019-05-22,2
29629243,31363973,2019-05-22,2
29272425,35821042,2019-05-22,2
29339457,36796360,2019-05-22,2
29257333,32797063,2019-05-22,2
29555001,31651793,2019-05-22,2
29186395,48968865,2019-05-22,2
29560489,45607481,2019-05-22,2
29542709,32590162,2019-05-22,2
29649641,46635591,2019-05-22,2
29036707,2430094,2019-05-22,2
29369459,39882222,2019-05-22,2
28962675,44747413,2019-05-22,2
29151557,42512072,2019-05-22,2
29283527,48352178,2019-05-23,4
8962923,36833901,2019-05-23,2
29397614,35650427,2019-05-22,2
11800663,45296127,2019-05-21,3
29619247,42510097,2019-05-21,5
29046157,43120726,2019-05-21,2
29496831,38948544,2019-05-22,2
28985831,48727511,2019-05-22,2
29505959,37356282,2019-05-21,2
29119265,49782722,2019-05-21,2
29653421,83183,2019-05-21,3
29673371,47462740,2019-05-22,2
28996485,42676541,2019-05-21,2
29423737,34383719,2019-05-21,2
28981869,35243753,2019-05-21,2
28985831,41880573,2019-05-21,2
29074857,4913103,2019-05-21,2
29104215,41225574,2019-05-21,3
29540220,43248749,2019-05-21,2
29061067,6727155,2019-05-21,2
29395079,6950075,2019-05-21,2
29489903,39617850,2019-05-21,2
28938399,3170989,2019-05-21,2
8719557,38115857,2019-05-21,3
29613031,44747295,2019-05-21,2
29025899,34289893,2019-05-21,2
29251691,46848985,2019-05-21,2
28994507,47240423,2019-05-21,2
29310309,42040545,2019-05-21,2
29042517,7005775,2019-05-21,3
28992355,50287403,2019-05-21,2
28933107,34586753,2019-05-21,2
8989533,36502438,2019-05-21,2
29465006,36813659,2019-05-21,2
28956879,3078815,2019-05-21,2
29322041,35140220,2019-05-21,2
29265859,35627510,2019-05-21,3
29508031,42600424,2019-05-21,2
29085762,75786,2019-05-21,3
29455461,36972175,2019-05-21,2
29509939,49801067,2019-05-21,2
28947633,40264852,2019-05-21,2
28980665,36825189,2019-05-21,2
29330903,47238955,2019-05-21,2
9079733,48114210,2019-05-21,2
28950789,3488956,2019-05-21,2
29430063,42671750,2019-05-21,2
29365567,40211410,2019-05-21,5
29025871,31059203,2019-05-21,2
29131907,38034084,2019-05-21,2
29420531,35106449,2019-05-21,2
28238539,34424935,2019-05-21,2
28685397,37790515,2019-05-21,3
28771743,36468634,2019-05-21,2
28514255,1069623,2019-05-21,2
28774613,33296411,2019-05-21,2
28526113,32571183,2019-05-21,2
28567959,802719,2019-05-21,2
28210693,4944835,2019-05-21,2
28791637,2798517,2019-05-21,2
28483964,33429270,2019-05-20,2
28149765,1008559,2019-05-20,2
28736631,31255558,2019-05-21,2
28536249,49370622,2019-05-21,2
28507619,35134963,2019-05-20,2
28704641,38329621,2019-05-20,2
28186067,37214614,2019-05-20,4
28644343,47709800,2019-05-21,2
28822165,42462880,2019-05-20,2
28222131,38489475,2019-05-20,2
31702846,42053724,2019-05-20,2
28138649,37855545,2019-05-20,2
28472115,2243424,2019-05-20,5
28712439,35110502,2019-05-20,2
28413553,36962620,2019-05-20,2
28875175,3581690,2019-05-20,2
28632491,35406479,2019-05-20,2
28431865,44596787,2019-05-20,2
28881363,32767450,2019-05-20,2
28909835,50010726,2019-05-20,2
28306313,1846471,2019-05-20,3
28451857,31138735,2019-05-20,2
28233933,2871519,2019-05-20,2
28818979,36307743,2019-05-20,2
28434511,36560230,2019-05-20,2
28394415,42613393,2019-05-20,2
28371735,44620264,2019-05-20,2
5015381,37138360,2019-05-20,2
28650951,33030334,2019-05-20,2
28858459,42530775,2019-05-20,2
28314013,32119615,2019-05-20,2
28210721,6670110,2019-05-20,2
28708155,42803906,2019-05-20,2
28411257,39683360,2019-05-20,2
28603505,3747797,2019-05-20,2
28602539,39364801,2019-05-20,3
28676431,38491001,2019-05-20,2
28367017,49516118,2019-05-20,2
28461475,32616150,2019-05-20,2
28657601,38040708,2019-05-20,2
28839167,40437195,2019-05-20,2
28336609,511199,2019-05-20,2
28346717,36392871,2019-05-20,2
28304381,44077637,2019-05-20,2
28251041,34732094,2019-05-20,2
8265005,36860936,2019-05-20,3
28267225,37734164,2019-05-20,2
28316477,4973854,2019-05-20,2
28529585,48825463,2019-05-20,2
28350399,2980442,2019-05-20,2
28171157,6930097,2019-05-20,2
28420119,42513354,2019-05-20,2
28411593,6626510,2019-05-20,3
40445069,35845960,2019-05-20,2
28373807,32242646,2019-05-20,2
28215929,39862043,2019-05-20,2
28255885,33655173,2019-05-20,2
28703087,48229442,2019-05-20,2
83027,3936326,2019-05-20,2
28423787,35172900,2019-05-31,2
28462105,35755798,2019-05-31,2
28788509,40978209,2019-05-31,2
28865977,38266166,2019-05-31,2
28423997,4097007,2019-05-31,2
28373583,48979507,2019-05-31,2
28721987,34693648,2019-05-31,2
28546595,49292901,2019-05-31,2
28871613,4029314,2019-05-31,2
28670202,48010613,2019-05-31,3
28347179,47045484,2019-05-31,2
28720419,37349477,2019-05-31,2
28578193,45039079,2019-05-31,2
28715197,46472383,2019-05-31,2
28889833,39004253,2019-05-31,2
28413007,31551837,2019-05-31,2
28684089,40621071,2019-05-31,2
28241269,36691951,2019-05-31,2
28124369,421204,2019-05-31,2
28300034,46265712,2019-05-31,3
28917273,47478745,2019-05-31,2
28753039,45796926,2019-05-31,2
28527625,50300762,2019-05-31,2
28365393,42170501,2019-05-31,2
28604177,40284012,2019-05-31,2
28635705,38512397,2019-05-31,2
28484827,32703299,2019-05-31,2
28180005,40286420,2019-05-31,2
28241759,37642202,2019-05-31,2
28757743,31586482,2019-05-31,2
28562499,49231203,2019-05-31,2
28905107,6827746,2019-05-31,2
28403515,33880888,2019-05-31,2
28918813,37631175,2019-05-31,2
28184331,4916074,2019-05-30,2
28707539,44195357,2019-05-30,2
10678969,42717271,2019-05-30,4
40074867,51361603,2019-05-30,2
28467565,39099489,2019-05-30,2
10822735,45922880,2019-05-30,2
28505253,3311095,2019-05-30,2
28203721,4349063,2019-05-30,2
28655683,45197836,2019-05-30,2
28823599,45362179,2019-05-30,3
28291557,6806209,2019-05-30,2
28546469,6057188,2019-05-30,2
28187341,50810963,2019-05-30,2
28205653,3633997,2019-05-30,2
28586860,47351002,2019-05-30,2
28615125,44074484,2019-05-30,2
28361207,35538105,2019-05-30,2
28486983,34902769,2019-05-30,3
28392623,37546648,2019-05-30,2
28821527,48047129,2019-05-30,3
28122745,43448921,2019-05-30,2
28317499,49863032,2019-05-30,2
28160559,35638743,2019-06-01,2
36083915,6871594,2019-05-30,2
35611541,4399948,2019-05-30,2
11111275,32657162,2019-05-29,2
28284739,51305109,2019-05-29,3
28344407,39311749,2019-05-29,2
28555555,50398514,2019-05-29,2
28272657,958336,2019-05-29,2
28815815,31621106,2019-05-29,2
28332731,37856104,2019-05-29,2
28273431,1265249,2019-05-29,2
28213297,39349792,2019-05-29,2
28654773,40276034,2019-05-29,2
28490189,2158942,2019-05-29,3
28909069,37254044,2019-05-29,2
28472997,51856300,2019-05-29,2
28815577,50892553,2019-05-29,4
28148253,3172554,2019-05-29,4
28281953,24802059,2019-05-29,2
28712327,46860786,2019-05-29,3
28177723,3748951,2019-05-29,2
28174223,49499918,2019-05-29,2
28209111,35750460,2019-05-29,2
28644133,39102491,2019-05-29,3
28291459,37168590,2019-05-29,2
12478529,5904601,2019-05-29,2
28201341,48529737,2019-05-29,2
28323337,2075487,2019-05-29,3
28301847,4654990,2019-05-29,2
28590933,51758636,2019-05-29,2
28457513,2843107,2019-05-29,2
28116081,48456150,2019-05-29,3
11255041,32240880,2019-05-29,2
28321965,51295798,2019-05-29,2
28193907,7076289,2019-05-29,2
28686021,36949940,2019-05-29,2
28574917,47177839,2019-05-29,2
28405251,321315,2019-05-29,2
28197264,35299456,2019-05-29,2
28848225,47095979,2019-05-29,2
28300727,40276011,2019-05-29,2
28116795,6728356,2019-05-29,2
28837851,35828245,2019-05-29,2
28562695,49571017,2019-05-29,3
28683179,43872304,2019-05-29,2
28172557,35651278,2019-05-29,2
28455847,32931488,2019-05-29,2
28753669,952997,2019-05-28,2
28279895,48004396,2019-05-28,2
28161931,42110403,2019-05-28,2
28242375,47108176,2019-05-28,2
28396445,36949510,2019-05-28,2
9499259,3269538,2019-05-28,2
28906185,36326232,2019-05-28,2
28692769,38911978,2019-05-28,2
28702387,47342559,2019-05-28,3
28894411,47315353,2019-05-28,2
28361795,35056027,2019-05-28,2
28232841,3814128,2019-05-28,2
28774445,3135013,2019-05-28,2
28697473,1763269,2019-05-28,4
28836969,2899126,2019-05-28,2
28344771,48909396,2019-05-28,2
28184541,34250037,2019-05-28,2
28211645,47323854,2019-05-28,3
28635369,49967677,2019-05-28,2
28805777,46370878,2019-05-28,2
28581441,50344360,2019-05-28,2
28473333,36955970,2019-05-28,2
28901649,48449119,2019-05-28,2
28239323,46484312,2019-05-28,2
28491099,33073943,2019-05-28,2
28669585,2145560,2019-05-28,2
28416521,35412812,2019-05-28,3
11899615,6772765,2019-05-28,2
9620723,6280076,2019-05-28,3
28897575,32069143,2019-05-28,2
28692769,42585510,2019-05-28,3
28630511,34932446,2019-05-28,2
10212377,48731895,2019-05-28,2
28742973,42834709,2019-05-28,3
28169855,6624405,2019-05-28,3
28792505,35158448,2019-05-28,2
28320985,51125663,2019-05-28,2
28772359,36322504,2019-05-28,2
28693301,3261451,2019-05-28,2
28832083,31225529,2019-05-28,2
28169826,31834432,2019-05-28,2
10410001,35033613,2019-05-28,5
28678265,45982906,2019-05-28,2
28369565,4258758,2019-05-28,2
28631897,4665509,2019-05-28,2
28782131,40089265,2019-05-28,2
28868511,32283621,2019-05-28,2
28252665,34582740,2019-05-28,2
28863275,38610580,2019-05-28,3
28271481,44597594,2019-05-28,2
28837795,4080169,2019-05-28,2
10802659,32546896,2019-05-28,3
28127211,34867121,2019-05-28,2
28680107,5931026,2019-05-28,2
28895965,6361936,2019-05-28,2
28826175,42211437,2019-05-28,2
28123991,31991157,2019-05-28,2
28304913,35283869,2019-05-28,2
28403347,4137882,2019-05-28,2
28834547,7029516,2019-05-28,2
11246753,46021583,2019-05-28,2
28303779,51365330,2019-05-28,2
32244303,41696363,2019-05-28,2
28420875,31272415,2019-05-28,2
28876953,31673290,2019-05-28,2
28697123,4370161,2019-05-28,2
28576205,3258487,2019-05-28,2
28775761,35168746,2019-05-28,2
28482419,47605428,2019-05-28,2
28530859,43380529,2019-05-28,2
28347641,48275009,2019-05-28,2
28197227,4192411,2019-05-28,2
28327089,2286793,2019-05-28,2
28546189,31677136,2019-05-28,3
28818111,3302117,2019-05-28,2
28651707,39593881,2019-05-28,2
28611051,31124039,2019-05-28,2
28816613,36296332,2019-05-28,2
28607747,45690594,2019-05-28,4
28498113,6715476,2019-05-28,2
11865399,5770510,2019-05-28,2
28832279,5987056,2019-05-28,2
28871773,35646248,2019-05-28,2
28686301,32595982,2019-05-28,2
28331401,3257239,2019-05-28,2
28772681,49614349,2019-05-28,2
28354291,34985874,2019-05-28,3
28906045,35532300,2019-05-28,2
28780577,46385326,2019-05-28,2
28518861,45734720,2019-05-28,2
28446554,34909633,2019-05-28,2
28322371,46817743,2019-05-28,2
28221683,47571181,2019-05-28,2
28284165,45708093,2019-05-28,2
28197449,37111513,2019-05-28,2
28712887,32630021,2019-05-28,2
12441317,41974259,2019-05-28,2
28271705,34388922,2019-05-28,2
28341243,1069033,2019-05-28,2
26237239,51577301,2019-05-28,2
26915637,47465773,2019-05-28,2
9620723,31511824,2019-05-28,2
26109377,48014651,2019-05-28,2
26225591,2530935,2019-05-28,2
25924885,46388860,2019-05-28,2
11067679,42572216,2019-05-28,2
26480797,45310533,2019-05-28,2
26399960,33661794,2019-05-28,2
27416025,26710859,2019-05-28,2
25862865,48774635,2019-05-28,2
27486739,31977381,2019-05-28,2
26716515,36506501,2019-05-28,2
26050101,7105535,2019-05-28,3
28071295,35564684,2019-05-28,3
26456577,51030801,2019-05-28,2
27737479,47460460,2019-05-28,2
28050743,38895959,2019-05-28,2
25864419,2848578,2019-05-28,2
25666179,42726293,2019-05-28,2
25994843,51173162,2019-05-28,2
26604753,35616441,2019-05-28,2
26823139,33027793,2019-05-28,2
25810365,32882961,2019-05-28,2
26114347,33048433,2019-05-28,2
26578475,6515655,2019-05-28,2
26605565,39106092,2019-05-28,2
27755833,41889042,2019-05-28,2
25850769,39833031,2019-05-28,2
27578775,38580133,2019-05-28,2
26745554,31451577,2019-05-28,2
26771745,3059799,2019-05-28,2
26715927,43864680,2019-05-27,2
27284803,50416889,2019-05-27,2
26587659,42719119,2019-05-27,3
27593979,47418002,2019-05-27,2
25762177,4240392,2019-05-27,2
26858111,511359,2019-05-27,2
26860043,43620023,2019-05-27,2
26913873,4593913,2019-05-27,2
25711917,40276009,2019-05-27,2
27776189,282558,2019-05-27,2
28035525,47002015,2019-05-27,5
26042374,31571582,2019-05-27,2
25713163,32445246,2019-05-27,3
26321491,6929796,2019-05-27,2
27791435,6626407,2019-05-27,2
27303157,35568642,2019-05-27,2
26787145,38585547,2019-05-27,2
27559515,35537156,2019-05-27,3
26719667,48496000,2019-05-27,2
26740091,3720460,2019-05-27,2
25987059,6316425,2019-05-27,2
28049091,6137194,2019-05-27,2
28040467,31631877,2019-05-27,2
26847177,410840,2019-05-27,5
27398651,40276011,2019-05-27,2
26709053,47011231,2019-05-27,3
28085715,50105038,2019-05-27,2
25866337,46676144,2019-05-27,3
10449271,40957751,2019-05-27,3
27109565,46357539,2019-05-27,2
28006167,41265509,2019-05-27,2
25993653,31991356,2019-05-27,2
26008857,1078951,2019-05-27,2
26381439,6460080,2019-05-27,2
25643583,4909749,2019-05-27,2
27311090,42919877,2019-05-27,2
25855893,46043519,2019-05-27,2
26005175,32717530,2019-05-27,2
26996389,48833585,2019-05-27,2
27196141,51449873,2019-05-27,2
26182387,4756583,2019-05-27,3
26940151,44823612,2019-05-27,2
27243657,48670009,2019-05-27,2
27234907,9076610,2019-05-27,2
27198921,1786375,2019-05-27,2
27185627,46743111,2019-05-27,2
27924451,42236698,2019-05-27,2
26224709,37519582,2019-05-27,2
26138423,31235419,2019-05-27,2
27291635,45567867,2019-05-27,2
27393345,41906117,2019-05-27,2
26324249,35022615,2019-05-27,2
10075572,41086382,2019-05-27,2
25667887,40745993,2019-05-27,4
27983417,36253688,2019-05-27,2
26703957,34859104,2019-05-27,2
27981345,48549177,2019-05-27,2
26729059,36863739,2019-05-27,2
27151495,40293793,2019-05-27,2
27380731,36524490,2019-05-27,2
26729059,36992342,2019-05-27,2
27060229,4268892,2019-05-27,2
26526269,48799664,2019-05-27,2
25855326,31348540,2019-05-27,2
26857747,3764862,2019-05-27,2
26201119,46015113,2019-05-27,2
27439713,46365911,2019-05-27,3
26915707,35486013,2019-05-27,2
25771459,34709110,2019-05-27,2
26259289,45604178,2019-05-27,2
27075727,45665859,2019-05-27,2
27831713,5989378,2019-05-27,2
25869389,38801021,2019-05-27,2
27307945,42767764,2019-05-27,2
25747995,3009451,2019-05-27,2
25635505,32002411,2019-05-27,2
27321077,35559982,2019-05-27,2
26068357,39242359,2019-05-27,2
25750781,2788400,2019-05-27,2
36571885,30243509,2019-05-27,2
26792761,3309269,2019-05-27,2
27400919,38132918,2019-05-27,2
27842311,1008721,2019-05-27,2
27311487,35613743,2019-05-27,2
27625423,35351405,2019-05-27,3
26318691,48472605,2019-05-27,2
26451481,43818686,2019-05-27,2
27289390,42553585,2019-05-27,3
27630813,4660546,2019-05-27,2
12264497,43279518,2019-05-27,2
26018400,31808027,2019-05-27,2
26309997,47001854,2019-05-27,2
27898339,2206195,2019-05-27,2
44106741,33030316,2019-05-27,2
26722829,34318566,2019-05-27,2
26430845,44309999,2019-05-27,2
44134724,47982208,2019-05-27,2
28037623,37610045,2019-05-27,2
27841387,43873315,2019-05-27,2
27459775,47585228,2019-05-27,2
26261249,34707585,2019-05-27,2
26901665,32431286,2019-05-27,2
27475651,43333967,2019-05-27,2
25819073,48353915,2019-05-27,2
27691195,2724423,2019-05-27,2
27277159,31818893,2019-05-27,3
26077863,50408435,2019-05-27,2
26900223,31631877,2019-05-27,2
25631179,47086189,2019-05-27,2
26510921,35799968,2019-05-27,2
26087299,33246203,2019-05-27,3
26382349,3735903,2019-05-27,2
11702448,32778280,2019-05-27,2
27760635,44764808,2019-05-27,2
11500895,33005638,2019-05-27,2
27647368,2160245,2019-05-27,3
26452405,35700956,2019-05-27,3
42047019,50105038,2019-05-26,2
27993032,34960197,2019-05-27,2
26404735,30243509,2019-05-27,2
42986993,7055195,2019-05-27,2
26864735,34732115,2019-05-27,2
27127205,33695292,2019-05-27,2
27155723,41710423,2019-05-27,2
27037703,76711,2019-05-27,2
38530247,36560193,2019-05-27,2
26547759,42921232,2019-05-27,2
27419077,587837,2019-05-27,2
26580785,39310526,2019-05-27,2
27139735,44263134,2019-05-27,2
30614479,34614655,2019-05-27,2
27503973,44044121,2019-05-27,2
26843873,7077194,2019-05-27,2
26257091,36509987,2019-05-27,2
26002571,39069149,2019-05-27,2
26114137,34222543,2019-05-27,2
27270285,5812850,2019-05-27,3
44431821,31832510,2019-05-27,2
25817897,45998088,2019-05-27,2
26281927,47795156,2019-05-27,2
25794517,3534128,2019-05-27,2
27005811,41295672,2019-05-27,2
27263985,47999853,2019-05-27,2
26166455,42595067,2019-05-27,2
26723515,34454085,2019-05-27,2
26928657,36488979,2019-05-26,2
25808699,1069607,2019-05-26,3
26522307,46287431,2019-05-27,2
26682649,50835449,2019-05-27,3
25948825,2174671,2019-05-27,3
10410001,35180550,2019-05-27,2
25681993,48326359,2019-05-27,2
8209943,33102587,2019-05-26,2
25764207,6518227,2019-05-26,2
25905720,40428463,2019-05-26,2
27843613,44751010,2019-05-26,2
26614973,43522415,2019-05-26,2
26202491,38613737,2019-05-26,4
27426623,31970650,2019-05-26,2
26049275,37776012,2019-05-26,2
27245015,48238388,2019-05-26,2
26045299,48890182,2019-05-26,3
27523573,42589685,2019-05-26,2
26423607,4811685,2019-05-26,2
26778017,3409670,2019-05-26,2
27499689,42425865,2019-05-26,3
26537245,48944820,2019-05-26,2
26879629,4405349,2019-05-27,2
27246877,32431196,2019-05-26,2
26411273,31168290,2019-05-26,2
26710019,31818893,2019-05-26,2
26259933,34343050,2019-05-26,2
26449605,46038207,2019-05-26,4
27262467,6630843,2019-05-26,2
26258267,2157842,2019-05-26,2
26895223,35299456,2019-05-26,2
25951821,34962929,2019-05-26,2
26139603,3043896,2019-05-26,2
26335939,2821165,2019-05-26,2
25992995,39392094,2019-05-26,2
25885671,31124081,2019-05-26,2
25636989,38898376,2019-05-26,2
26623457,39283113,2019-05-26,2
27158285,2747173,2019-05-26,2
26584915,48754365,2019-05-26,2
26133219,48316310,2019-05-26,4
27162191,31339014,2019-05-26,2
27824772,6190987,2019-05-26,2
26946759,31933319,2019-05-26,2
26520669,35040975,2019-05-26,2
26213383,31431751,2019-05-26,2
26146937,39688478,2019-05-26,2
25871363,46394304,2019-05-26,2
25775155,47702699,2019-05-26,2
25813277,35908108,2019-05-26,2
25640783,33870649,2019-05-26,2
27414975,44630286,2019-05-26,2
26120465,37567190,2019-05-26,2
26990327,31845818,2019-05-26,2
26129271,31073625,2019-05-26,2
27313405,31162833,2019-05-26,2
26085773,34372945,2019-05-26,2
25808237,36802879,2019-05-27,2
26083827,37998157,2019-05-27,2
10581725,36327772,2019-05-26,2
25699457,6859524,2019-05-26,2
27750177,954487,2019-05-26,2
31709027,44260553,2019-05-26,2
26126849,6194843,2019-05-26,2
27637939,44308594,2019-05-26,2
27128003,47314718,2019-05-26,2
26213201,4897840,2019-05-26,2
25956245,6353002,2019-05-26,2
27383643,50376735,2019-05-26,2
26018517,35606228,2019-05-26,2
25868555,36392612,2019-05-26,2
26642021,35810762,2019-05-26,2
27150263,32646410,2019-05-26,2
27707169,35406479,2019-05-26,2
26436655,3329303,2019-05-26,2
26413163,4524800,2019-05-26,2
26696677,4973112,2019-05-26,10
26598271,4461972,2019-05-26,2
27672463,49263038,2019-05-26,3
26090449,1294584,2019-05-26,2
27615483,46125522,2019-05-26,2
26107417,50602115,2019-05-26,2
25701319,32428797,2019-05-26,2
26033623,33039212,2019-05-26,2
27051192,7485021,2019-05-26,2
25880913,1891535,2019-05-26,2
27685847,893225,2019-05-26,2
26426189,48660675,2019-05-26,2
41778863,4075546,2019-05-26,2
26629911,31509518,2019-05-26,2
26069095,2142881,2019-05-26,2
26993127,35625169,2019-05-26,2
26696985,27138409,2019-05-26,2
26114137,4471642,2019-05-26,2
26804925,39395799,2019-05-26,2
27473341,3748948,2019-05-26,2
26132435,4913171,2019-05-26,3
26875611,6258969,2019-05-26,2
27171991,49680809,2019-05-26,2
26736131,33730969,2019-05-26,2
26696201,39648548,2019-05-26,2
27753971,35434060,2019-05-26,2
26358633,44097055,2019-05-26,2
27706595,43952971,2019-05-26,2
28060977,42116369,2019-05-26,2
25751621,50615592,2019-05-26,2
26129349,33833572,2019-05-26,2
26891921,32051480,2019-05-26,2
26842501,41317958,2019-05-26,3
26169969,48366636,2019-05-26,2
27630057,48499945,2019-05-26,2
26975109,40375348,2019-05-26,2
25999169,3404813,2019-05-26,2
25796637,32129324,2019-05-26,2
26795343,46727223,2019-05-26,2
26720085,38116011,2019-05-26,2
27255529,43215606,2019-05-26,2
26759201,46975781,2019-05-26,4
27380214,31808028,2019-05-26,2
26617633,39839586,2019-05-26,2
26767864,49639154,2019-05-26,4
27629553,31111033,2019-05-26,2
26805849,1826823,2019-05-26,2
26037179,3291520,2019-05-26,2
25648609,3811948,2019-05-26,2
27967028,46692328,2019-05-26,2
26343597,6699801,2019-05-26,2
27090217,5994846,2019-05-26,2
27794067,3704365,2019-05-26,2
27730017,38429630,2019-05-26,2
27029359,1267570,2019-05-26,2
9625483,4184026,2019-05-26,2
27546659,35164168,2019-05-26,2
26048085,6052768,2019-05-26,2
26272925,4903605,2019-05-26,2
26041897,7445901,2019-05-26,2
27571243,49591097,2019-05-26,2
26878761,31810238,2019-05-26,2
28039683,6786628,2019-05-26,3
27677027,34732062,2019-05-26,2
25667789,36317937,2019-05-26,2
26472173,49755295,2019-05-26,2
27207892,45732598,2019-05-26,2
25860163,6911654,2019-05-25,3
27388725,368535,2019-05-26,2
26542859,48236286,2019-05-26,2
25649323,34233849,2019-05-26,2
27141471,4931218,2019-05-26,2
25788749,46703192,2019-05-26,2
25861994,45995863,2019-05-26,2
27104007,33028221,2019-05-25,2
25972597,35104525,2019-05-25,2
25990839,46409772,2019-05-25,2
26216645,34145308,2019-05-25,2
27272805,42382028,2019-05-25,2
27328455,42189114,2019-05-25,2
25838071,49621769,2019-05-25,2
28040831,49244697,2019-05-25,2
27453671,3747797,2019-05-25,2
26774713,44323006,2019-05-26,2
25789981,577647,2019-05-26,2
25716929,42187883,2019-05-26,2
27765927,7954467,2019-05-26,3
25832471,45567869,2019-05-26,2
26683461,42521247,2019-05-26,2
27267443,47483324,2019-05-26,2
27438299,40579137,2019-05-26,2
27605347,25139909,2019-05-26,2
26311194,3227529,2019-05-26,2
26498325,6631261,2019-05-26,2
27827163,41768205,2019-05-26,2
27248837,6918700,2019-05-26,2
26852184,1069963,2019-05-26,2
28103159,46281185,2019-05-26,2
26281766,32128325,2019-05-26,2
12191305,2479514,2019-05-26,2
26300438,35578766,2019-05-26,2
27693575,35845880,2019-05-26,2
26489603,2866605,2019-05-26,2
26446077,43873689,2019-05-26,2
27645569,2836441,2019-05-26,2
27824279,48761146,2019-05-25,2
25754897,46283034,2019-05-25,3
26643575,35412812,2019-05-25,2
25773797,39631879,2019-05-25,2
26971091,35814707,2019-05-25,2
27900397,47698628,2019-05-26,2
27263495,6025643,2019-05-25,2
26653599,6717883,2019-05-25,2
28053543,40928632,2019-05-25,2
27203659,50891995,2019-05-26,2
27895035,6190998,2019-05-26,2
26803329,34227324,2019-05-26,2
27492157,3302862,2019-05-25,2
27373104,2803772,2019-05-25,2
27054419,44210679,2019-05-26,2
26906061,40270435,2019-05-26,2
26380543,46506432,2019-05-26,2
27328115,31474149,2019-05-25,2
27510021,35716175,2019-05-25,2
26008465,31534894,2019-05-25,2
27171767,48633899,2019-05-25,2
27335425,40725734,2019-05-27,2
26839911,25593409,2019-05-25,2
27142073,41657191,2019-05-25,2
27594435,40785771,2019-05-25,2
26424173,46266547,2019-05-25,2
26493215,6779069,2019-05-25,3
26611277,33699113,2019-05-25,2
27020721,5481578,2019-05-25,2
27592805,48727297,2019-05-25,2
4999099,40109343,2019-05-25,2
28022113,35783442,2019-05-25,2
26582157,36947592,2019-05-25,2
26285273,36835638,2019-05-25,2
27743891,32376332,2019-05-25,2
26856179,4491748,2019-05-25,2
25875325,36296895,2019-05-25,2
27218947,37527201,2019-05-25,2
26284195,36503135,2019-05-25,2
26648377,47498750,2019-05-25,2
25828915,6542665,2019-05-25,2
26418707,2750620,2019-05-25,2
26143819,49983112,2019-05-25,2
27622301,31732430,2019-05-25,2
27985979,35167136,2019-05-25,2
27323317,37565167,2019-05-25,2
26088559,36755650,2019-05-25,2
25686450,2146798,2019-05-25,2
25798168,1294667,2019-05-25,2
25987283,37627659,2019-05-25,2
26756093,33883265,2019-05-25,2
25701851,35708360,2019-05-25,3
54215,34317116,2019-05-25,2
25888289,3255274,2019-05-25,2
27908109,6743497,2019-05-25,2
26177879,42368522,2019-05-25,2
26229469,40153668,2019-05-25,2
27944159,5950407,2019-05-25,2
26765529,6674636,2019-05-26,2
26579077,3260135,2019-05-25,2
26685043,42555479,2019-05-25,2
27625269,34390995,2019-05-25,3
25956385,33906448,2019-05-25,3
26013981,4172823,2019-05-25,2
25889145,47557058,2019-05-25,2
27057623,339439,2019-05-25,2
25969445,47425369,2019-05-25,2
27339669,33324373,2019-05-25,2
25632481,34235959,2019-05-25,3
793205,48936806,2019-05-25,2
26119891,4930196,2019-05-25,2
25969377,44751399,2019-05-25,2
25794993,2437941,2019-05-25,2
26352095,31834507,2019-05-25,2
25963952,4022353,2019-05-25,2
27359899,49836363,2019-05-25,3
26954361,35503013,2019-05-25,2
99813,47732556,2019-05-25,2
25648833,48975307,2019-05-25,2
27559413,44472578,2019-05-25,2
28044639,35523682,2019-05-25,2
4956175,6252284,2019-05-25,2
27888693,46358908,2019-05-25,2
26304761,41732431,2019-05-25,2
27796601,43190369,2019-05-25,2
26262873,37482242,2019-05-25,2
27699385,6241095,2019-05-25,2
25613511,6618295,2019-05-25,2
26790968,32492841,2019-05-24,2
26088377,5743684,2019-05-24,2
12151027,39723052,2019-05-24,2
26431223,48505796,2019-05-24,4
27577627,39580768,2019-05-24,2
26051571,48479655,2019-05-24,2
27126505,40409679,2019-05-24,2
27844887,31946630,2019-05-24,2
27786899,46848985,2019-05-24,2
27644435,44305296,2019-05-24,2
26034421,36967146,2019-05-24,2
25752731,36254131,2019-05-24,2
26817539,35168764,2019-05-24,2
26394963,3675590,2019-05-24,2
27262467,39273482,2019-05-24,2
27499185,37546264,2019-05-24,2
26400913,36347865,2019-05-24,2
11597985,32720845,2019-05-24,2
25872693,46484515,2019-05-24,2
27480243,42588952,2019-05-24,2
26886405,5217990,2019-05-24,2
27997968,43363747,2019-05-24,2
27202581,39833031,2019-05-24,2
27781649,48896217,2019-05-24,2
27568863,33200178,2019-05-24,2
26495231,34399439,2019-05-24,2
27238981,3675590,2019-05-24,2
26015115,76357,2019-05-24,2
26004824,40737297,2019-05-24,2
26790421,45284334,2019-05-24,2
25941671,33302316,2019-05-24,2
25630563,44171002,2019-05-24,2
27513157,39222729,2019-05-24,2
26691777,48167050,2019-05-24,2
25921553,31781158,2019-05-24,2
27576353,926803,2019-05-24,2
27742029,34579392,2019-05-24,2
26760615,2837802,2019-05-24,2
27052011,35135933,2019-05-24,2
27360669,34576326,2019-05-24,2
26315387,38026135,2019-05-24,2
27370847,43524799,2019-05-24,2
27874147,43504003,2019-05-24,2
26449815,6463644,2019-05-24,2
27491023,32125005,2019-05-24,2
25698911,33462881,2019-05-24,2
25684281,46144228,2019-05-24,3
27271363,39749622,2019-05-24,2
26259989,33061423,2019-05-24,2
25613819,511199,2019-05-24,2
26717509,46418137,2019-05-24,2
26034589,2393699,2019-05-24,2
26555305,32959299,2019-05-24,2
27053816,35041741,2019-05-25,2
25737817,1996298,2019-05-23,2
25811521,32054650,2019-05-23,3
26561560,36354620,2019-05-23,2
9578863,42658414,2019-05-23,2
9578863,4214259,2019-05-23,2
25760203,46660424,2019-05-23,3
26552855,37038389,2019-05-23,4
26543979,49092309,2019-05-23,2
27078247,29856959,2019-05-23,4
27356273,49722978,2019-05-23,2
26026077,42572212,2019-05-23,2
27825343,3453474,2019-05-23,2
27725047,39831999,2019-05-23,2
26755197,38383130,2019-05-23,2
26902477,48090785,2019-05-23,2
26067083,43510415,2019-05-23,2
27515425,36545165,2019-05-23,2
26170843,31611700,2019-05-23,2
26115803,37111805,2019-05-23,2
25824617,32276642,2019-05-23,2
27943433,32188320,2019-05-23,2
26690993,45912125,2019-05-22,9
26407563,40643312,2019-05-22,2
27393359,49307725,2019-05-23,2
26396895,48567700,2019-05-23,2
28003521,44598276,2019-05-22,2
25940999,34454688,2019-05-22,2
26384659,46015934,2019-05-22,2
27110648,38507358,2019-05-22,2
28003367,36499632,2019-05-22,2
25646733,44329257,2019-05-22,4
27277789,40276034,2019-05-22,2
27558111,42477460,2019-05-22,2
26858363,41307990,2019-05-22,2
1061417,42574914,2019-05-22,2
26419925,35806397,2019-05-22,2
27143865,33297335,2019-05-22,2
26985035,46736309,2019-05-22,2
26426645,34732115,2019-05-22,2
26434331,42654563,2019-05-22,2
26125986,36965632,2019-05-22,2
27611673,6243145,2019-05-22,2
26812737,46368904,2019-05-22,2
26028616,47392210,2019-05-22,2
26893671,46967358,2019-05-22,3
27764065,34720254,2019-05-22,2
27264713,31508396,2019-05-21,2
28064225,41697454,2019-05-21,2
26048743,4719228,2019-05-21,2
26592909,42609714,2019-05-21,2
27855247,1294667,2019-05-21,2
31950877,38834100,2019-05-22,2
25688957,35897649,2019-05-21,2
26165181,6928936,2019-05-21,2
26885257,50792519,2019-05-21,2
25919019,42930759,2019-05-21,2
27068643,32617141,2019-05-21,2
27802719,35530133,2019-05-21,2
25858104,39169399,2019-05-21,2
25673529,4492729,2019-05-21,2
26171355,37739880,2019-05-21,2
26215245,44073624,2019-05-21,2
26665933,31226201,2019-05-21,2
25743865,49506595,2019-05-21,2
25984623,34350636,2019-05-21,2
9837303,46373374,2019-05-21,3
26876241,39885367,2019-05-21,3
26700695,7157959,2019-05-21,2
26302241,44201312,2019-05-21,2
27217614,4360826,2019-05-21,2
26773593,37605480,2019-05-21,2
26772291,47046765,2019-05-21,2
26616415,45729486,2019-05-21,2
26299231,40065703,2019-05-21,3
27074495,6615134,2019-05-21,2
26507607,40656915,2019-05-21,2
26154303,33002006,2019-05-21,2
27419707,41081258,2019-05-21,2
27205493,6278255,2019-05-21,2
27509839,35652177,2019-05-21,2
26726371,49562759,2019-05-21,2
27043667,43861250,2019-05-21,2
26638689,4154138,2019-05-21,2
27108176,38658855,2019-05-21,2
26493761,31063369,2019-05-21,2
26252485,46388932,2019-05-21,2
32001501,43141142,2019-05-21,2
4297419,3799604,2019-05-21,3
26449493,49744536,2019-05-21,2
27081691,3888068,2019-05-21,2
38589677,2758494,2019-05-21,2
27948263,31283158,2019-05-20,2
9930187,6852897,2019-05-21,2
9307557,37631834,2019-05-20,2
26072375,40093194,2019-05-21,2
26642063,38411109,2019-05-20,2
26178425,40276077,2019-05-20,2
26742947,6583518,2019-05-21,2
26179139,4316003,2019-05-20,2
25960235,36322504,2019-05-23,2
10196683,43328870,2019-05-20,2
8508353,32782547,2019-05-20,5
26034883,6129326,2019-05-20,2
26200363,49535596,2019-05-20,2
28050309,38413892,2019-05-20,2
27225023,39270824,2019-05-20,2
31607737,31168287,2019-05-20,3
25809469,46238094,2019-05-20,2
27033769,44602600,2019-05-20,2
28306313,36482756,2019-05-20,4
26683825,3778198,2019-05-20,2
28108409,1207282,2019-05-20,2
25731909,48026151,2019-05-20,2
25670071,31317580,2019-05-20,2
25898593,31518156,2019-05-20,2
27354215,533478,2019-05-20,2
26202911,42921787,2019-05-20,3
26699239,31535646,2019-05-20,3
26999697,25593309,2019-05-20,2
26515128,42359815,2019-05-20,2
26700246,31477849,2019-05-20,2
26389307,45347777,2019-05-20,2
27909511,29748459,2019-05-20,2
25735507,49815780,2019-05-20,2
26833907,4283893,2019-05-20,2
26387165,48858868,2019-05-20,2
28043309,48537644,2019-05-20,2
27728897,46744119,2019-05-20,2
28102277,1124076,2019-05-20,3
26504569,38780520,2019-05-20,3
28350399,2808131,2019-05-20,2
27879635,32631827,2019-05-20,2
26389783,35154146,2019-05-20,2
27440315,47333823,2019-05-20,2
26930673,36686058,2019-05-20,2
26578797,5804719,2019-05-20,2
27367319,4312077,2019-05-20,3
26401572,32098851,2019-05-20,2
27730353,4033598,2019-05-20,2
26698385,34097269,2019-05-20,2
26036633,5855186,2019-05-20,2
25903745,50032233,2019-05-20,2
25738923,50427490,2019-05-20,2
26343359,6806251,2019-05-20,2
26424673,42699310,2019-05-20,2
26260535,1295457,2019-05-21,2
26402033,40737324,2019-05-22,2
26347335,46453526,2019-06-01,2
26602639,47551293,2019-06-01,2
26274759,25455959,2019-06-01,2
25677757,37675900,2019-06-01,2
25717713,104409,2019-06-01,2
26478188,39198088,2019-06-01,2
27333915,41884885,2019-06-01,2
26413149,4276826,2019-06-01,2
10917431,39340727,2019-06-01,3
26552558,42723390,2019-06-01,2
26674375,32121045,2019-06-01,2
27571593,40950696,2019-06-01,2
25627791,38610580,2019-06-01,2
27511421,4941941,2019-05-31,2
25776932,82875,2019-05-31,2
26037641,31437997,2019-06-01,2
27848737,35323188,2019-05-31,3
27140351,34477083,2019-05-31,2
26120087,44463857,2019-05-31,2
8569183,50467660,2019-06-01,2
27127737,32699421,2019-06-01,2
27276683,36921069,2019-05-31,2
27400879,36711152,2019-06-01,2
11110911,14279359,2019-06-01,2
25741513,717359,2019-06-01,2
26214215,38937986,2019-06-01,2
27355167,46948784,2019-05-31,2
27973995,50604920,2019-05-31,2
25866883,32040106,2019-05-31,2
27447735,42140305,2019-06-01,2
26892327,6682313,2019-06-01,2
27358191,4435441,2019-05-31,3
25964043,6041608,2019-05-31,2
26258225,39833031,2019-05-31,2
25659165,31688662,2019-05-31,2
27283786,37370284,2019-05-31,2
27069399,40952610,2019-05-31,2
26079585,40493711,2019-05-31,2
10135055,50036331,2019-05-31,2
28050939,33277750,2019-05-31,2
26144460,31516269,2019-05-31,2
11059923,50924325,2019-05-31,2
27204093,4232557,2019-05-31,2
25737957,46321336,2019-05-31,2
27144271,39690222,2019-05-31,2
27779507,1887258,2019-05-31,2
27090539,39429530,2019-05-31,2
26401658,31948259,2019-05-31,4
25655707,50433972,2019-05-31,2
11763899,43914053,2019-05-31,3
25768967,32188384,2019-05-31,3
26070443,4828305,2019-05-31,2
26916477,6274313,2019-05-31,2
26819583,6670503,2019-05-31,2
27570819,49310991,2019-05-31,2
26601169,26038359,2019-05-31,2
25668209,35470352,2019-05-31,2
26076863,50191167,2019-05-31,2
28918813,5904605,2019-05-31,2
27388935,35133525,2019-05-31,2
26383945,43489331,2019-05-31,2
25702159,31373397,2019-05-31,2
27889253,44292735,2019-05-31,2
26095895,331934,2019-05-31,2
26528789,39359897,2019-05-30,2
25797415,1175269,2019-05-30,2
27386723,4217991,2019-05-30,2
25678247,31546667,2019-05-30,2
26483975,5049358,2019-05-31,2
27648607,36707821,2019-05-30,2
27185907,33507527,2019-05-31,2
25717895,50439105,2019-05-30,2
9646203,44309415,2019-05-30,2
26574653,31558925,2019-05-30,2
27871193,44607254,2019-05-30,3
27435093,1834323,2019-05-30,2
28067963,47897387,2019-05-30,2
26914013,31169648,2019-05-30,2
25634665,4780897,2019-05-30,2
25946725,42477166,2019-05-30,2
27107983,42033035,2019-05-30,2
27242649,43790758,2019-05-30,2
27273860,47959830,2019-05-30,2
9312905,41697824,2019-05-30,2
27301295,34244755,2019-05-30,2
27048049,49304421,2019-05-30,2
26491507,3227527,2019-05-30,2
25939613,34260435,2019-05-30,2
27067621,33159989,2019-05-30,2
26615421,32940026,2019-05-30,2
26088797,34874730,2019-05-30,2
26033035,50847846,2019-05-30,2
26975627,2059399,2019-05-31,2
25697357,31642800,2019-05-31,2
25652248,31557199,2019-05-30,2
26557965,39868084,2019-05-30,2
11519301,5995368,2019-05-29,3
27473593,42383148,2019-05-31,2
12338781,39659926,2019-05-31,2
27473593,48229464,2019-05-31,2
25990993,44270578,2019-05-29,2
27335035,31704053,2019-05-29,3
27171025,40553486,2019-05-29,2
25798017,6930129,2019-05-29,2
26897031,31906943,2019-05-29,2
27288639,49310623,2019-05-29,3
27654123,50787830,2019-05-29,2
26127689,32272771,2019-05-29,3
4770157,48233653,2019-05-29,2
27704714,46130148,2019-05-29,2
26462638,44744819,2019-05-29,2
25980448,44751565,2019-05-29,2
26137013,36402096,2019-05-29,2
27314455,42559492,2019-05-29,2
26627993,36679235,2019-05-29,2
26823853,34441387,2019-05-29,2
27674647,50043415,2019-05-29,2
27880433,45609917,2019-05-29,2
27638541,6578209,2019-05-29,2
25737523,43532794,2019-05-29,2
25704558,42803906,2019-05-29,2
27578047,4641933,2019-05-29,3
25739530,46969569,2019-05-30,2
27064940,2581204,2019-05-29,2
26675257,39659045,2019-05-30,2
27396285,39813260,2019-05-29,2
26689593,4012247,2019-05-29,2
26807011,44131850,2019-05-29,2
28042931,44581827,2019-05-29,2
27365149,31994881,2019-05-29,2
27072815,46882361,2019-05-29,2
26801901,44820539,2019-05-29,2
27522732,33061423,2019-05-29,2
26589367,31834756,2019-05-29,2
25681761,6738208,2019-05-29,2
26324249,36413496,2019-05-29,2
26878901,41146127,2019-05-29,2
26113941,39536615,2019-05-29,2
26857439,42566053,2019-05-29,2
26758203,32678898,2019-05-29,2
9930187,6842021,2019-05-29,3
27232331,34355695,2019-05-29,2
26192201,43143197,2019-05-29,2
25750307,37341974,2019-05-29,2
26190717,34639363,2019-05-29,2
28085066,202408,2019-05-29,2
25982607,2279900,2019-05-29,2
27406099,48184991,2019-05-28,2
27442835,35611680,2019-05-28,5
26895491,49377574,2019-05-28,2
26206411,47095974,2019-05-28,3
27479753,46234609,2019-05-28,2
27037325,34934489,2019-05-28,2
26028835,6647781,2019-05-28,2
26438713,43521175,2019-05-28,2
28047047,4677604,2019-05-28,2
27201139,47463138,2019-05-28,2
26475421,34720132,2019-05-28,2
26318243,86032,2019-05-28,3
26464683,34763997,2019-05-28,2
25835117,40276058,2019-05-28,3
27463927,35628139,2019-05-28,2
26224233,48971724,2019-05-28,2
10587213,31759439,2019-05-28,2
26713379,3449798,2019-05-28,2
27231900,42566053,2019-05-28,2
26612177,31236027,2019-05-28,2
25621309,39471713,2019-05-28,2
27320671,46948784,2019-05-28,3
28039473,31301296,2019-05-28,2
27716297,3169226,2019-05-28,2
26169451,35363444,2019-05-28,3
25796743,48509954,2019-05-28,2
26867477,45563661,2019-05-28,5
27762427,1263240,2019-05-28,2
27166475,5056979,2019-05-28,4
25628855,46618923,2019-05-28,2
26506776,4103366,2019-05-29,2
26331515,42555345,2019-05-28,2
25700213,39749869,2019-05-28,2
26141297,39049075,2019-05-28,2
27485269,51563796,2019-05-28,3
27892039,32095065,2019-05-28,2
27645387,2889609,2019-05-28,2
26449521,42653028,2019-05-28,2
26327721,48738695,2019-05-28,2
27681423,3254537,2019-05-28,2
27473285,37119965,2019-05-28,2
26987471,42118849,2019-05-28,2
26315401,40793741,2019-05-28,2
10897775,39678570,2019-05-28,2
10897775,46930158,2019-05-28,3
26702683,48549193,2019-05-28,2
25637915,570798,2019-05-28,3
26247641,3316210,2019-05-28,2
27638807,37139343,2019-05-28,2
27909944,1294667,2019-05-28,3
27023213,49271385,2019-05-28,2
26064787,33046974,2019-05-28,2
26780219,43456802,2019-05-28,2
12163067,4534585,2019-05-28,3
26639921,49956866,2019-05-28,2
26187245,4322708,2019-05-28,3
26440099,41635336,2019-05-28,2
26013253,31345206,2019-05-28,2
26401907,47389758,2019-05-28,3
9840509,46271299,2019-05-28,2
27429395,32601715,2019-05-28,2
25698686,2803758,2019-05-28,2
12220161,47103212,2019-05-28,3
26383539,48565979,2019-05-28,2
27865803,50768007,2019-05-28,2
26922287,48553923,2019-05-28,2
27414079,27104109,2019-05-28,2
25986373,32576674,2019-05-28,2
27716717,32677141,2019-05-28,2
26199621,2744384,2019-05-28,2
26219067,42712498,2019-05-28,3
26634909,47789292,2019-05-28,2
27209007,46438233,2019-05-28,2
26267437,42671449,2019-05-28,2
25634483,40276001,2019-05-28,2
27926548,32320768,2019-05-28,2
27480341,38782550,2019-05-28,2
27696088,47422364,2019-05-28,2
26031691,4903605,2019-05-28,6
27395781,38268919,2019-05-28,2
12223127,31170561,2019-05-28,2
27515341,6061782,2019-05-28,2
25994577,6391716,2019-05-28,2
26344717,35859611,2019-05-28,2
27459565,32987774,2019-05-28,2
27220459,6477903,2019-05-28,2
27828828,48228782,2019-05-28,2
26730725,46043230,2019-05-28,2
25975145,35887367,2019-05-28,2
26641293,2517716,2019-05-28,2
26089679,43166644,2019-05-28,2
27428611,39102491,2019-05-28,2
26419883,6569007,2019-05-28,2
27014407,43727896,2019-05-28,2
26586455,50416733,2019-05-28,2
26022829,50440138,2019-05-28,2
27894573,51007293,2019-05-28,3
26988689,1243353,2019-05-28,2
25174057,48727192,2019-05-28,2
25548621,48727755,2019-05-28,2
25287941,37783375,2019-05-28,2
25286418,32896885,2019-05-28,2
25155249,43842580,2019-05-28,2
24924403,3118269,2019-05-28,2
25258191,41632892,2019-05-28,2
25214679,42426756,2019-05-28,2
24948035,33028289,2019-05-28,3
25434955,35629163,2019-05-28,2
25575347,40404828,2019-05-28,2
25435109,34946375,2019-05-28,2
25224577,40464098,2019-05-28,2
25059734,31075800,2019-05-28,2
25612629,36909881,2019-05-28,2
25549937,31830766,2019-05-28,2
25551225,50430841,2019-05-28,2
25237359,41277806,2019-05-28,2
25577237,539578,2019-05-28,2
25464061,32875986,2019-05-28,2
25377849,3227529,2019-05-28,3
24951535,35907580,2019-05-28,2
25211837,2302798,2019-05-29,2
24970673,104425,2019-05-28,2
25027205,35614215,2019-05-27,2
25266566,39757493,2019-05-27,2
25055107,50627858,2019-05-27,2
25549811,46082155,2019-05-28,2
25393167,37166897,2019-05-28,2
25207399,32229572,2019-05-28,3
25528097,47611423,2019-05-28,2
25188177,36947592,2019-05-27,2
25265485,50490466,2019-05-27,3
25140843,47855978,2019-05-27,2
25531513,40170002,2019-05-27,2
25370527,35289102,2019-05-27,3
25430335,42566044,2019-05-27,2
25028339,34848010,2019-05-27,2
24936007,4759915,2019-05-27,2
25395853,43524799,2019-05-27,2
25484095,39050110,2019-05-27,2
25469241,7485021,2019-05-27,3
25042745,33867025,2019-05-27,2
24950611,42613286,2019-05-27,2
25015481,46504286,2019-05-27,2
25319049,47872722,2019-05-27,2
25596669,42520536,2019-05-27,2
25164517,3890549,2019-05-27,2
25451321,39570187,2019-05-27,2
25525409,35834613,2019-05-27,2
25522301,7075832,2019-05-27,2
25050935,35453704,2019-05-27,2
25586869,47882543,2019-05-27,2
25528503,6028928,2019-05-27,2
25315913,50966546,2019-05-27,2
25186203,45639035,2019-05-27,2
25396399,2427008,2019-05-27,2
25013163,31296869,2019-05-27,2
25218123,1993121,2019-05-27,2
25387579,47048390,2019-05-27,2
24974789,4917528,2019-05-27,2
25293765,41809506,2019-05-27,2
25035549,48839821,2019-05-27,2
25228455,39499820,2019-05-27,2
24901527,1982243,2019-05-27,2
25476143,49736024,2019-05-27,2
24904845,36382831,2019-05-27,2
25143887,35613753,2019-05-27,2
25594121,46994432,2019-05-27,3
25259381,2819775,2019-05-27,2
25123651,34839211,2019-05-27,2
25305133,43856950,2019-05-27,2
25004595,25420159,2019-05-27,2
25399689,2119530,2019-05-27,2
25369239,41975105,2019-05-28,2
25445903,33911250,2019-05-27,2
24936667,34893683,2019-05-27,3
25552023,2146825,2019-05-27,2
24928309,4578147,2019-05-27,3
25151959,925691,2019-05-27,2
25602129,49756120,2019-05-27,2
10659523,45564332,2019-05-27,2
25034149,46087637,2019-05-27,2
25388223,1069646,2019-05-27,2
25311587,35408012,2019-05-27,2
9433445,48229331,2019-05-27,2
24967545,3174875,2019-05-27,2
25568263,31498138,2019-05-27,4
25308339,31780330,2019-05-27,2
25569089,6415442,2019-05-27,2
25115069,76168,2019-05-27,2
25092893,44347028,2019-05-27,2
24918456,50418348,2019-05-27,2
25189920,36947592,2019-05-27,2
25454331,42568863,2019-05-27,2
25381825,2574544,2019-05-27,2
25082715,34473676,2019-05-27,3
25296111,42692335,2019-05-27,2
25258919,32919787,2019-05-27,2
25016789,6057282,2019-05-27,2
24990385,36397788,2019-05-27,2
24986205,44577955,2019-05-27,2
25036431,46196326,2019-05-27,2
24926461,40945291,2019-05-27,2
25514447,45282802,2019-05-27,2
25265233,35719959,2019-05-27,2
25081343,45770784,2019-05-27,2
25563964,4593965,2019-05-27,2
25585917,36549905,2019-05-27,2
24938375,48518547,2019-05-27,2
25521629,42367451,2019-05-27,3
25236239,46185983,2019-05-27,2
25215113,1869259,2019-05-27,2
9580389,39671495,2019-05-27,2
25484081,1069883,2019-05-27,2
24947531,44352943,2019-05-27,2
25531821,38359337,2019-05-27,4
25564679,2583210,2019-05-27,2
25564273,47047584,2019-05-27,2
24955917,41511478,2019-05-27,2
25556489,51063549,2019-05-27,2
9474451,46438233,2019-05-27,2
25188569,36947592,2019-05-27,2
25562565,37472365,2019-05-27,2
25486377,44737340,2019-05-27,2
25269576,36904549,2019-05-27,2
25180606,5770551,2019-05-27,2
43653994,35848939,2019-05-27,2
25090387,3512429,2019-05-27,2
1074201,42901927,2019-05-27,2
24961125,40530988,2019-05-27,2
25422831,6952350,2019-05-27,2
25561043,4341197,2019-05-27,2
25167765,1197202,2019-05-27,2
25566278,47122521,2019-05-27,2
25032707,32590597,2019-05-27,2
25484417,32122021,2019-05-27,2
25528657,2036589,2019-05-27,2
25505095,37197658,2019-05-27,5
25426524,46130932,2019-05-27,2
24971835,44065340,2019-05-27,2
4369519,42741342,2019-05-27,2
24962847,6928936,2019-05-27,2
9158779,3037497,2019-05-27,2
25058147,34220220,2019-05-27,2
25194659,45599488,2019-05-27,2
25447807,36965607,2019-05-27,3
24942897,46119686,2019-05-27,2
25517149,2460551,2019-05-27,2
25566975,51087229,2019-05-27,2
25007395,3675590,2019-05-27,2
25000104,50966599,2019-05-27,2
25183851,38278012,2019-05-27,2
41952575,32054294,2019-05-27,2
25315409,50590161,2019-05-27,2
25556223,40635785,2019-05-27,2
25527901,32280050,2019-05-27,2
309449,31703363,2019-05-27,3
25587877,40441658,2019-05-27,2
25203927,6896389,2019-05-27,2
25031839,47590071,2019-05-27,2
25032875,5861263,2019-05-27,2
24903809,6782031,2019-05-27,3
25021647,35744577,2019-05-27,2
25184313,35052472,2019-05-27,2
25009215,50030045,2019-05-27,2
24986983,42719498,2019-05-27,2
25154843,1078950,2019-05-27,2
25228637,45029035,2019-05-26,2
25550609,34235338,2019-05-26,2
25567283,50724512,2019-05-26,2
10913483,46106610,2019-05-27,2
25524681,3948438,2019-05-27,2
25442459,36370998,2019-05-27,2
25507503,34911526,2019-05-27,2
25198957,43541807,2019-05-27,2
10174829,33997569,2019-05-27,2
25434521,7055226,2019-05-26,2
25190739,34977263,2019-05-26,2
24889557,4480641,2019-05-26,3
25336283,34800982,2019-05-26,2
80367,3929304,2019-05-27,2
25385689,47922729,2019-05-27,3
25553157,36545260,2019-05-27,2
25159771,37115686,2019-05-27,2
25146303,34319792,2019-05-27,2
26311194,2344715,2019-05-27,2
25010203,34732118,2019-05-27,2
24917263,3910231,2019-05-27,2
25504801,31161656,2019-05-27,2
24957611,45741403,2019-05-26,4
24949057,533133,2019-05-26,2
24941021,5995325,2019-05-26,2
25220615,42748280,2019-05-26,2
24972955,44749210,2019-05-26,2
24918887,1263763,2019-05-26,2
24952305,47760455,2019-05-26,3
25016873,40214471,2019-05-26,2
25166939,32131719,2019-05-26,2
25214680,32044482,2019-05-26,2
25492845,42826422,2019-05-26,2
25381027,50916212,2019-05-27,2
25478971,50823244,2019-05-27,2
1043973,45742925,2019-05-27,2
25010055,47079705,2019-05-27,3
25257715,1869259,2019-05-27,2
24953215,34251265,2019-05-27,2
25483717,5892402,2019-05-27,2
25373733,33856277,2019-05-26,2
24982629,46163580,2019-05-26,2
25496457,2530927,2019-05-26,2
25091367,34693648,2019-05-26,2
24940957,38967752,2019-05-26,2
25566793,3338947,2019-05-26,2
25112353,36500662,2019-05-26,3
25484291,36473497,2019-05-26,2
11956469,2302279,2019-05-26,2
25546255,36968594,2019-05-26,2
25449613,37118080,2019-05-26,2
25224241,1069623,2019-05-26,2
25245591,51376033,2019-05-26,2
25310831,31743105,2019-05-26,2
24952501,2282819,2019-05-26,3
25204515,34250565,2019-05-26,3
25234251,2301685,2019-05-26,2
25545558,50476330,2019-05-26,2
25532101,40193643,2019-05-26,2
25485173,6032944,2019-05-26,3
25496233,31703580,2019-05-26,2
25552149,41868256,2019-05-26,2
25051061,2788397,2019-05-27,2
25157643,42679477,2019-05-27,2
25479349,32056367,2019-05-27,2
24922429,31843261,2019-05-26,2
25004091,48325844,2019-05-26,5
24900393,2053561,2019-05-26,2
25544771,46135071,2019-05-26,2
25260095,42035905,2019-05-26,2
25353097,3985759,2019-05-26,2
10612357,42695389,2019-05-26,3
25029543,49521603,2019-05-26,2
25269505,6456376,2019-05-26,2
25595955,47936921,2019-05-26,2
25301101,49465803,2019-05-26,2
25489380,48112356,2019-05-26,2
25312497,35041717,2019-05-26,3
27615483,4054198,2019-05-26,2
25027793,31335073,2019-05-26,2
25473623,3687316,2019-05-26,2
25150013,35163523,2019-05-26,2
24902899,38561330,2019-05-26,2
25028913,33012520,2019-05-26,2
8209943,32055889,2019-05-26,2
25457187,43467061,2019-05-26,3
25056829,42625822,2019-05-26,2
25039847,40276011,2019-05-26,2
25018199,6807168,2019-05-26,2
25501693,43172070,2019-05-26,2
4833829,44042362,2019-05-26,2
24995453,47166546,2019-05-26,2
24937269,42708599,2019-05-26,2
25207497,37504880,2019-05-26,2
25005183,39591978,2019-05-26,2
9615655,50691723,2019-05-26,2
25085655,38613664,2019-05-26,3
25397169,48167245,2019-05-26,2
25455787,51040885,2019-05-26,2
25535139,31725849,2019-05-26,2
24967341,981776,2019-05-26,2
25453757,41725250,2019-05-26,2
25084857,2585334,2019-05-26,2
25565537,7066099,2019-05-26,2
25286121,39833031,2019-05-26,2
25555593,6983008,2019-05-26,2
25514951,4409952,2019-05-26,2
25289355,32242550,2019-05-26,2
25597621,46473123,2019-05-26,2
24905377,2708015,2019-05-26,2
25247481,41980866,2019-05-26,3
24978935,2610469,2019-05-26,3
24971550,4919746,2019-05-26,2
25606175,32661635,2019-05-26,2
25434031,39561181,2019-05-26,2
25523295,36433493,2019-05-26,2
24956911,6710551,2019-05-26,2
25238073,46412162,2019-05-26,2
24970141,4780318,2019-05-26,2
25048863,44712995,2019-05-26,2
25528923,40270386,2019-05-26,2
25235357,1008453,2019-05-26,2
10495793,32557425,2019-05-26,3
25599329,33861495,2019-05-26,2
24895057,34454446,2019-05-26,2
4798885,6028928,2019-05-26,4
24946159,42942017,2019-05-26,2
24998477,35700393,2019-05-26,3
24941686,2979069,2019-05-26,2
24973361,40383678,2019-05-26,2
25507811,36315550,2019-05-26,2
25267669,31737182,2019-05-26,2
25272541,35920388,2019-05-26,2
25573653,49130597,2019-05-26,2
25538681,32717530,2019-05-26,2
9930187,6915733,2019-05-26,2
25588311,45539081,2019-05-26,2
25570363,4060869,2019-05-26,2
25383645,6306074,2019-05-26,2
25520775,7155816,2019-05-26,2
25265709,37834279,2019-05-25,3
25433401,48397387,2019-05-26,2
25505389,33123090,2019-05-26,2
25491753,36259899,2019-05-26,2
25043627,1294671,2019-05-26,2
25467939,42462901,2019-05-26,2
25425743,32883002,2019-05-26,2
25348435,2905446,2019-05-26,2
24940167,6619953,2019-05-26,2
24898601,46438233,2019-05-26,2
25090246,2690812,2019-05-26,2
25528879,46237358,2019-05-26,2
25593981,45019190,2019-05-26,2
25252983,32004413,2019-05-25,2
25261047,47474615,2019-05-25,3
25355309,49576953,2019-05-25,2
25442165,7132333,2019-05-25,2
25034121,1207202,2019-05-25,2
25263231,32593629,2019-05-25,2
24989685,2156958,2019-05-25,2
25269231,34909327,2019-05-25,2
25232627,2173644,2019-05-25,2
25003549,46276815,2019-05-25,2
25211291,45995859,2019-05-25,2
24365453,37443356,2019-05-25,2
24215241,39197297,2019-05-25,2
24453485,40181939,2019-05-25,2
24011001,76259,2019-05-26,2
24772013,976646,2019-05-26,2
24575285,44059851,2019-05-26,2
24412899,43215606,2019-05-26,3
24670471,44752649,2019-05-26,2
24166093,36418528,2019-05-26,2
24406921,31168291,2019-05-26,2
5107291,50376699,2019-05-26,2
25549811,36547394,2019-05-26,2
24486637,48919247,2019-05-26,2
30988587,35372959,2019-05-26,2
24645719,45995862,2019-05-26,3
24698667,48714692,2019-05-26,2
24781254,567671,2019-05-26,2
24215241,41476724,2019-05-26,2
24780637,41883074,2019-05-26,2
9874389,35361246,2019-05-26,2
24645775,32328849,2019-05-26,2
24248035,47462704,2019-05-25,2
24764215,37334107,2019-05-25,2
25189920,32242160,2019-05-26,2
24130225,46672200,2019-05-26,2
24482605,47170220,2019-05-26,2
24129413,31507854,2019-05-26,2
24278014,35370659,2019-05-25,2
24466463,42105793,2019-05-25,2
24008148,34431889,2019-05-26,2
24319155,2601415,2019-05-26,2
24149797,2497017,2019-05-26,2
24757761,36358902,2019-05-26,2
24597363,43944593,2019-05-26,2
24117163,34278202,2019-05-26,2
11451181,40802779,2019-05-25,2
24698289,48151551,2019-05-25,2
24728599,50853319,2019-05-25,2
24306093,31511822,2019-05-25,2
24235743,45994405,2019-05-27,2
24519761,4916076,2019-05-27,2
24136567,45524489,2019-05-27,2
24170139,29496609,2019-05-27,2
24240783,1836835,2019-05-25,2
24173625,46977734,2019-05-25,2
24641939,31702228,2019-05-25,2
24192427,40501093,2019-05-25,2
24623179,2032179,2019-05-25,2
24552941,4524906,2019-05-25,3
24538353,32337869,2019-05-25,2
23883587,37356541,2019-05-25,2
24596901,31124671,2019-05-25,2
24465679,26038359,2019-05-25,2
24101567,4906270,2019-05-25,2
9773631,6417324,2019-05-25,2
24684807,3041925,2019-05-25,2
23906533,39691521,2019-05-25,2
24551230,32181460,2019-05-25,2
24520433,43751170,2019-05-25,2
24782177,1124287,2019-05-25,2
24285037,2833320,2019-05-25,2
24854305,36945615,2019-05-25,4
24258647,47314738,2019-05-25,2
8446977,45637581,2019-05-25,2
24609795,35456318,2019-05-25,2
24394480,41272128,2019-05-25,2
24135867,46365911,2019-05-25,4
10178035,32985490,2019-05-25,2
24768877,43485145,2019-05-25,2
24269203,32708779,2019-05-25,2
32637185,46668718,2019-05-25,2
24821041,5563538,2019-05-25,2
5110049,40778768,2019-05-25,2
24590181,44169608,2019-05-25,2
5110049,45795040,2019-05-25,2
23886933,44491040,2019-05-25,2
24853717,6411072,2019-05-25,4
24384381,31529981,2019-05-25,2
33144741,49993157,2019-05-25,2
24353609,27132459,2019-05-25,2
24362457,2984478,2019-05-25,2
24760351,31651160,2019-05-25,2
852103,41255600,2019-05-26,2
11864097,43547826,2019-05-25,2
24390023,47585225,2019-05-25,2
24070123,31539877,2019-05-25,2
24246397,6855426,2019-05-25,2
24205153,32097875,2019-05-25,2
24012821,4154482,2019-05-25,2
24276920,31308587,2019-05-25,2
24119179,631249,2019-05-25,2
23920155,46875141,2019-05-25,2
24275251,34091923,2019-05-25,3
24487267,34579622,2019-05-25,2
24102155,41990789,2019-05-25,2
24425359,42465394,2019-05-25,2
24679095,4531627,2019-05-25,2
24279857,5995368,2019-05-25,3
24138275,43438209,2019-05-25,2
24617999,44749139,2019-05-25,4
24619245,46272707,2019-05-25,2
24192329,33873318,2019-05-25,3
24770137,988829,2019-05-25,2
24762311,36519198,2019-05-25,2
24748059,35496096,2019-05-25,2
24213539,2819480,2019-05-25,2
24810555,42566053,2019-05-25,2
24577665,6406152,2019-05-25,2
24632701,42048482,2019-05-25,2
24855215,46303249,2019-05-25,2
24411569,38118716,2019-05-25,2
24738203,31061791,2019-05-25,3
24445211,32787042,2019-05-25,2
24591007,35045547,2019-05-25,2
24546487,3327970,2019-05-25,2
24088547,933350,2019-05-25,2
24311091,36885511,2019-05-25,2
24105949,31470463,2019-05-25,2
24245375,49892061,2019-05-25,2
24268979,38304812,2019-05-25,2
24508645,31521671,2019-05-25,2
23909193,34688272,2019-05-25,2
24543477,49673339,2019-05-25,2
24835923,31120501,2019-05-25,2
24876173,31473003,2019-05-25,2
24850721,1263140,2019-05-25,2
24741535,42411919,2019-05-25,2
24196245,33906448,2019-05-25,2
24323019,38182323,2019-05-25,2
24367469,32887503,2019-05-25,2
24492041,45639755,2019-05-25,2
24748003,34556571,2019-05-25,2
24385123,32993874,2019-05-25,2
24774085,27079059,2019-05-25,3
24695391,46147201,2019-05-25,2
24059861,35165943,2019-05-25,2
24865267,37646756,2019-05-25,2
24725659,6055126,2019-05-24,2
24579843,6636354,2019-05-25,2
24592267,2836424,2019-05-25,2
24523583,4696224,2019-05-25,2
24360637,50362735,2019-05-25,2
24491733,38906747,2019-05-25,2
24752637,42943642,2019-05-25,2
24717973,85735,2019-05-25,2
24399067,3418718,2019-05-25,2
24235505,31608737,2019-05-25,2
24136161,42081273,2019-05-25,2
24481499,32904354,2019-05-25,2
24545507,32571754,2019-05-25,2
24571099,39578974,2019-05-25,2
24529743,6039605,2019-05-25,2
24472469,46956708,2019-05-25,2
24590685,34818448,2019-05-25,2
24402511,47879712,2019-05-25,2
24260733,46281185,2019-05-25,2
24417799,31274036,2019-05-25,2
24068919,37635542,2019-05-25,2
33265967,31574568,2019-05-25,2
24394839,38593691,2019-05-24,2
24094903,42803906,2019-05-25,2
24510059,51063515,2019-05-25,2
24268139,50581475,2019-05-24,3
23915339,47755907,2019-05-24,2
24611097,6471635,2019-05-24,2
24743789,3277829,2019-05-24,3
24634309,32457105,2019-05-24,2
24817317,27080809,2019-05-24,2
24275349,42040591,2019-05-25,2
24521105,47027958,2019-05-25,2
11560913,35627526,2019-05-25,2
24811857,40172783,2019-05-24,2
24788938,36841185,2019-05-24,2
24301613,38816413,2019-05-24,2
24430185,50041945,2019-05-24,2
23924383,33389615,2019-05-24,2
24430750,31839449,2019-05-24,3
24351369,35471487,2019-05-25,2
24438911,1008436,2019-05-25,2
24478727,38968800,2019-05-25,2
23889817,34407849,2019-05-25,2
24545216,40167009,2019-05-25,2
24759240,33154832,2019-05-25,2
24276858,47165569,2019-05-25,2
24634911,32056102,2019-05-25,2
12008619,35157969,2019-05-24,2
24324895,6257394,2019-05-24,2
30491881,32242242,2019-05-24,2
24412311,2582968,2019-05-24,2
24673369,3605343,2019-05-24,2
24011925,44154300,2019-05-24,2
9116443,32289523,2019-05-24,3
23901563,45018593,2019-05-24,2
24444077,33728913,2019-05-24,2
24474191,3726513,2019-05-24,2
24476305,41660691,2019-05-24,4
24492111,46627697,2019-05-24,2
24837309,42352809,2019-05-24,2
10654931,48352783,2019-05-24,2
11770647,49841242,2019-05-24,2
24744293,44592240,2019-05-24,2
24789177,36496883,2019-05-24,2
24450881,50475730,2019-05-24,3
24512677,50500138,2019-05-24,2
24804787,33608645,2019-05-24,2
24247111,3982318,2019-05-24,2
24443139,48005066,2019-05-25,2
24526901,47864484,2019-05-25,2
24590993,33061423,2019-05-24,2
24247685,1263762,2019-05-24,2
24385109,33005638,2019-05-24,2
24740009,48154368,2019-05-24,2
24617145,35708999,2019-05-24,2
24456537,33332746,2019-05-24,2
41288653,3631520,2019-05-24,2
24233405,49283319,2019-05-24,3
23896425,3328452,2019-05-24,2
24685283,41905383,2019-05-24,2
24235827,33609160,2019-05-24,2
24721059,49762982,2019-05-24,2
24264191,39560862,2019-05-24,2
23900723,40276001,2019-05-24,2
24844785,31535092,2019-05-24,2
24392235,105890,2019-05-24,2
24519859,34222951,2019-05-24,2
24429797,31906092,2019-05-24,2
24753071,6531168,2019-05-24,2
23877721,6988267,2019-05-24,2
24465483,50208328,2019-05-24,2
24547985,43544804,2019-05-24,2
24879379,43252415,2019-05-24,2
24852247,31927238,2019-05-24,2
24412843,31535891,2019-05-24,2
24465861,48180586,2019-05-24,2
24029187,42266074,2019-05-24,3
24724651,37575631,2019-05-24,2
23903285,1008564,2019-05-24,2
24104087,36545164,2019-05-24,3
24479973,50046389,2019-05-24,2
24386361,33861387,2019-05-24,2
23895768,47138184,2019-05-24,2
24610243,36398159,2019-05-24,2
24437007,1008436,2019-05-23,2
24626357,14718809,2019-05-23,4
24233769,34137085,2019-05-23,2
24692591,49258486,2019-05-23,2
24094553,39700684,2019-05-23,2
23881515,38047394,2019-05-23,2
24850161,43297074,2019-05-23,2
24468673,4354511,2019-05-23,2
24198381,44587808,2019-05-23,2
24514903,4379552,2019-05-23,2
24812053,41175467,2019-05-23,2
23893541,36871780,2019-05-23,2
24641225,43227689,2019-05-23,2
24260845,32256653,2019-05-23,3
23891133,40507358,2019-05-23,2
24172281,34754742,2019-05-24,3
23926133,49891843,2019-05-23,2
24585377,47066602,2019-05-23,2
24694509,42454768,2019-05-23,2
24519515,34180922,2019-05-23,2
24641309,4450567,2019-05-23,2
24417225,32284659,2019-05-23,2
24240321,47295517,2019-05-23,2
24394351,39611893,2019-05-23,2
24707921,40153668,2019-05-23,2
24844071,41323386,2019-05-23,2
24829917,31884638,2019-05-23,4
24724301,7025173,2019-05-23,2
31683463,6983338,2019-05-23,3
24815007,49948787,2019-05-23,2
24592281,4643891,2019-05-23,2
24620223,42151211,2019-05-23,2
539273,46556823,2019-05-23,4
24681379,38541892,2019-05-23,2
24708719,3745712,2019-05-23,2
24420067,37549710,2019-05-23,2
10718246,4050452,2019-05-23,2
24032393,37997898,2019-05-23,2
24714879,3900676,2019-05-23,2
24273822,44752583,2019-05-23,2
24636451,47851601,2019-05-22,3
24466715,46834023,2019-05-23,2
24588067,40134774,2019-05-23,3
24441081,36503135,2019-05-22,2
24060715,36963953,2019-05-23,2
24781939,48974388,2019-05-22,2
24392255,37697371,2019-05-22,2
24534288,31678777,2019-05-22,2
24320037,32309585,2019-05-22,2
24409231,42332689,2019-05-22,2
29610609,44819500,2019-05-22,2
24266557,2495542,2019-05-22,3
23880073,39692280,2019-05-22,2
10268905,37121754,2019-05-22,3
24554705,6716693,2019-05-22,2
24489871,49764156,2019-05-22,2
23995699,48229290,2019-05-22,2
23903103,33455675,2019-05-22,2
23877217,48726857,2019-05-22,2
24257681,6988364,2019-05-22,3
24451613,3767187,2019-05-22,2
24095673,42563510,2019-05-22,2
23887913,4472340,2019-05-22,2
24641127,48825001,2019-05-22,2
24374469,750546,2019-05-22,2
24269843,33739394,2019-05-22,2
24114743,6267828,2019-05-22,2
24055171,50079722,2019-05-22,2
24443097,32959481,2019-05-22,2
24114671,44704208,2019-05-22,2
24498537,48952893,2019-05-22,2
12338781,34834885,2019-05-22,2
24443699,32749918,2019-05-23,2
24545353,34438413,2019-05-22,2
24374273,35613743,2019-05-22,2
24276147,31302639,2019-05-22,2
24458749,36788946,2019-05-21,2
24004291,33877342,2019-05-22,2
24006353,31900469,2019-05-21,2
24750579,43474034,2019-05-21,2
29258537,49430680,2019-05-21,2
24524087,36826084,2019-05-21,3
24393957,34977729,2019-05-21,2
24096877,50055599,2019-05-21,2
24774869,40573034,2019-05-21,2
29365567,37211343,2019-05-21,3
24868529,44601821,2019-05-21,2
24762731,32040145,2019-05-21,3
9930187,31337186,2019-05-21,6
24804969,6914011,2019-05-21,2
24812557,48726849,2019-05-21,2
24257723,32024358,2019-05-21,2
24560473,31482132,2019-05-21,2
24591161,47852084,2019-05-21,2
24701075,41676102,2019-05-21,2
24790297,32386793,2019-05-21,2
24795127,31843261,2019-05-21,2
24246439,46293939,2019-05-21,3
24187905,36825006,2019-05-21,2
24246439,48521656,2019-05-21,2
24190075,35770863,2019-05-21,2
24145107,34985896,2019-05-21,2
24479189,6741163,2019-05-21,2
24098249,31623171,2019-05-21,2
24147879,46908638,2019-05-21,2
24430021,35631738,2019-05-21,2
29042517,40289363,2019-05-21,4
24276539,39800002,2019-05-21,2
24379943,38005968,2019-05-21,2
24691163,6710066,2019-05-21,2
24248553,42000110,2019-05-21,2
24569867,39833031,2019-05-21,2
23871687,43524799,2019-05-21,2
24191335,6707897,2019-05-21,2
24240839,36875704,2019-05-21,2
31618601,2604341,2019-05-21,2
31876635,40775891,2019-05-21,3
23896430,40458315,2019-05-21,2
24542329,34443740,2019-05-21,2
24301515,35072078,2019-05-21,2
24628782,7157959,2019-05-21,2
24171749,42740363,2019-05-21,2
23894983,32971682,2019-05-21,2
11008823,49087689,2019-05-21,2
11860429,35033462,2019-05-20,2
24395903,39833031,2019-05-21,2
24359377,31998456,2019-05-20,2
24387195,46030368,2019-05-20,3
24064131,47597439,2019-05-20,2
24678451,32575910,2019-05-20,3
24601269,46828695,2019-05-21,2
24449827,48597461,2019-05-20,2
24405297,44307118,2019-05-21,2
24098739,49574465,2019-05-20,2
24416105,35420611,2019-05-20,2
24513083,32998497,2019-05-21,2
24135813,927404,2019-05-21,2
24180247,42744360,2019-05-20,2
24686459,39875599,2019-05-21,2
24493427,38029584,2019-05-20,2
24554411,32142015,2019-05-20,2
24540747,45601348,2019-05-20,2
24570609,37635781,2019-05-20,2
24500637,32401023,2019-05-20,2
24852457,47353982,2019-05-20,2
24505915,46608629,2019-05-20,2
24629353,31892975,2019-05-20,2
24774039,33466366,2019-05-20,2
23573417,32274992,2019-05-20,2
23400181,47463138,2019-05-20,2
23503109,38473205,2019-05-20,3
23608641,43135323,2019-05-20,2
23557499,43275716,2019-05-20,2
23434131,43307485,2019-05-20,2
23592051,4720920,2019-05-20,2
23805551,31508756,2019-05-20,2
23754941,46727503,2019-05-20,2
23440277,33285643,2019-05-20,2
23717077,47413047,2019-05-20,2
23524310,180585,2019-05-20,2
23746163,44148310,2019-05-20,2
23710393,38329662,2019-05-20,2
23789297,36482413,2019-05-20,2
23774247,39782822,2019-05-20,2
23825415,41150762,2019-05-20,2
23450651,34435434,2019-05-20,2
23749159,35493548,2019-05-20,2
23432731,34918161,2019-05-20,2
23477181,37619328,2019-05-20,2
9664641,36788946,2019-05-20,2
23550793,38977715,2019-05-20,2
23738715,44068812,2019-05-20,3
23851695,3760657,2019-05-20,2
23620751,47774099,2019-05-20,2
23581677,35496079,2019-05-20,2
8262681,47114643,2019-05-20,2
26424673,39034183,2019-05-20,2
23725023,38922512,2019-05-20,2
23654953,35104525,2019-05-20,2
23528743,46427893,2019-05-20,2
23523787,36362166,2019-05-20,2
23540979,46289439,2019-05-20,2
23614968,43524799,2019-05-20,2
23842539,15037759,2019-05-20,2
23537675,37325637,2019-05-20,2
23414979,6773149,2019-05-20,2
23647953,40316430,2019-05-20,2
23671081,33923115,2019-05-20,2
23808127,36689380,2019-05-20,2
23562077,2495596,2019-05-20,3
23524249,37534174,2019-05-20,2
23769499,31639050,2019-05-20,2
23675071,5960628,2019-05-20,2
23747465,34038133,2019-05-20,2
23754059,3618483,2019-05-20,2
40445069,50025776,2019-05-20,2
23646077,40930576,2019-05-20,2
23507351,1008631,2019-05-20,2
23502353,44701937,2019-05-21,2
23815491,35221320,2019-05-21,2
23425549,4565952,2019-05-20,3
23526419,31511824,2019-06-14,2
23816233,34544692,2019-06-14,2
23607143,44388165,2019-06-14,2
23634107,51938577,2019-06-14,2
23527427,35073362,2019-06-14,2
23495535,32229572,2019-06-14,2
23685585,6555109,2019-06-14,2
23759246,53812050,2019-06-14,3
23450665,31299745,2019-06-14,2
23521323,32086322,2019-06-14,2
23564919,44438195,2019-06-14,2
23774037,51117988,2019-06-14,2
23770215,38502424,2019-06-14,2
23502016,50642239,2019-06-14,2
23813195,43524799,2019-06-14,2
23526881,35052493,2019-06-14,2
23460367,40639049,2019-06-14,2
23665131,37976052,2019-06-14,2
23661183,45607955,2019-06-14,2
11698295,47149514,2019-06-14,4
23738631,32792157,2019-06-14,3
23699039,2079963,2019-06-14,3
23422413,2034698,2019-06-14,2
23445820,47122526,2019-06-14,2
333207,44479219,2019-06-14,2
23607871,3970092,2019-06-14,2
23679565,32332626,2019-06-14,2
23397773,40193640,2019-06-14,3
23667063,3377071,2019-06-14,2
23475599,51573639,2019-06-14,2
23569749,6455989,2019-06-14,2
23725737,41045160,2019-06-14,2
23742299,31884149,2019-06-14,2
23658215,6660290,2019-06-14,2
23463111,6757632,2019-06-14,2
23726353,50824767,2019-06-14,3
23770691,51183591,2019-06-14,2
23735429,31131242,2019-06-14,2
23690093,31814585,2019-06-14,2
23395141,46783514,2019-06-14,2
23676625,50156962,2019-06-14,2
23722391,41296167,2019-06-14,2
23751623,48779428,2019-06-14,2
42343951,33605883,2019-06-14,2
23643347,37954998,2019-06-14,2
23524921,50439311,2019-06-14,2
23485287,39594891,2019-06-14,2
23441929,76083,2019-06-14,2
23393293,38279324,2019-06-14,2
23480681,51595664,2019-06-14,2
11224745,31977537,2019-06-14,2
23791383,3872791,2019-06-14,2
23637957,42033033,2019-06-14,2
23789311,36534402,2019-06-13,2
23540391,48124322,2019-06-13,2
23847733,2582204,2019-06-13,2
23863287,49554032,2019-06-13,2
31076213,47157312,2019-06-13,2
23581481,2885676,2019-06-13,3
23854957,42381287,2019-06-13,2
23387189,35104525,2019-06-13,2
11448465,6580046,2019-06-13,2
23658453,44803751,2019-06-13,2
23510977,33739281,2019-06-15,2
23769781,31280594,2019-06-13,2
23745211,31714737,2019-06-14,2
23697947,6041995,2019-06-13,2
23515387,53517995,2019-06-13,2
23472967,47296034,2019-06-13,2
40682033,49709675,2019-06-13,2
23825683,42536988,2019-06-13,2
23435959,50093027,2019-06-13,2
23426053,33243950,2019-06-13,2
23457464,36975654,2019-06-13,2
23490271,6427926,2019-06-13,2
23791131,37111723,2019-06-13,3
29950207,47152795,2019-06-13,2
23434803,31516269,2019-06-13,2
23757755,7721660,2019-06-13,2
23713445,3063818,2019-06-13,2
23639721,3565046,2019-06-13,2
23458219,44598052,2019-06-13,2
23663141,42350196,2019-06-13,2
36223117,50932237,2019-06-13,3
23411311,6896406,2019-06-13,2
23380735,47316147,2019-06-12,2
23669107,54541787,2019-06-12,2
23636823,2819467,2019-06-12,2
23384235,6580047,2019-06-12,2
23522102,32056116,2019-06-12,3
23594011,31652319,2019-06-12,2
23839067,3049278,2019-06-12,2
23805285,33889257,2019-06-12,2
23442223,50402087,2019-06-12,2
23465855,6420682,2019-06-12,3
23578583,51612159,2019-06-12,2
23732163,43524799,2019-06-12,2
23689029,48228969,2019-06-12,5
23708377,42585510,2019-06-12,2
23860221,36488564,2019-06-12,4
23485194,38304002,2019-06-12,2
34012377,7045515,2019-06-12,2
23481689,33028936,2019-06-12,2
23809625,33654201,2019-06-12,2
23459009,38526151,2019-06-12,2
4759195,47099282,2019-06-12,2
23744902,48230741,2019-06-12,2
23423533,46169039,2019-06-13,2
23571905,6636801,2019-06-12,2
23791425,36829133,2019-06-12,2
12500117,52515274,2019-06-12,2
23671069,1069457,2019-06-12,2
23699711,40527459,2019-06-12,2
40890157,46858790,2019-06-12,2
23510067,7131978,2019-06-12,3
23529093,53648900,2019-06-12,2
23726983,48730760,2019-06-12,2
23784243,49388757,2019-06-12,2
23677297,2092292,2019-06-12,2
23487667,33113186,2019-06-12,2
23771475,48177436,2019-06-11,2
23580025,43532175,2019-06-11,2
40173524,39756324,2019-06-12,2
23560425,39297560,2019-06-11,2
23715825,34925997,2019-06-11,2
23789605,53034605,2019-06-11,2
23784229,35488992,2019-06-11,2
23664711,45733829,2019-06-11,2
23602467,417935,2019-06-11,3
10989783,6044350,2019-06-12,6
10848971,35010377,2019-06-11,2
23679789,3503103,2019-06-11,2
23587025,4267393,2019-06-11,2
23625371,33099458,2019-06-11,2
9515065,32092722,2019-06-11,2
23540307,46871383,2019-06-11,2
23399005,31499215,2019-06-11,3
23670395,33826440,2019-06-11,2
23669711,3765935,2019-06-11,2
23793609,46303249,2019-06-11,2
23728509,47425079,2019-06-11,2
23539579,7587271,2019-06-11,2
23502255,46029442,2019-06-11,2
23847285,4409949,2019-06-11,2
4889913,51013128,2019-06-11,2
23854705,2819822,2019-06-11,2
23721117,35382923,2019-06-11,2
23623213,31081439,2019-06-11,2
23482977,36703536,2019-06-11,2
23841517,35523352,2019-06-11,2
23725429,51818734,2019-06-11,2
23727109,47879811,2019-06-11,2
23819313,32884569,2019-06-12,2
23677717,2836436,2019-06-11,2
23438835,52704873,2019-06-11,2
23614353,40153766,2019-06-11,2
23825207,47103114,2019-06-11,2
23858009,31373677,2019-06-11,2
9171897,44607215,2019-06-11,2
23678367,7080416,2019-06-11,2
29457533,3427344,2019-06-11,2
23471819,3977758,2019-06-11,2
23584589,4780288,2019-06-11,2
23761717,41517052,2019-06-11,3
23391683,34481356,2019-06-11,2
4706121,27717859,2019-06-11,3
23680349,52314378,2019-06-11,2
23863609,50024921,2019-06-11,2
23429553,35299139,2019-06-11,2
40364907,32025452,2019-06-11,2
23858807,3450018,2019-06-11,2
23753163,4460243,2019-06-11,2
10964051,51821644,2019-06-11,2
25862865,5937965,2019-06-11,2
23479015,37622223,2019-06-11,2
23859129,31693106,2019-06-11,2
23492315,36322529,2019-06-11,2
23794883,39415337,2019-06-11,2
23605379,42630750,2019-06-11,2
23816289,31308600,2019-06-11,2
23742061,36321739,2019-06-11,2
23633519,35178177,2019-06-12,2
23699837,50812578,2019-06-11,2
23658397,6320496,2019-06-11,2
23405302,36701881,2019-06-10,2
23575895,49631876,2019-06-10,2
23384109,32056128,2019-06-10,2
29239539,38341309,2019-06-10,2
11906293,40276011,2019-06-10,3
23850407,45192846,2019-06-10,2
8182587,50793478,2019-06-10,2
23576203,52660255,2019-06-10,2
23643921,33682159,2019-06-10,2
40445069,36908019,2019-06-10,2
23858947,48227217,2019-06-10,2
23602005,37119347,2019-06-10,2
23522723,6657842,2019-06-10,2
23775087,42466586,2019-06-10,2
23600983,50607219,2019-06-10,2
23838067,11640409,2019-06-10,2
23818627,47855971,2019-06-10,2
23506315,32107600,2019-06-10,2
23755935,43530261,2019-06-10,2
23659881,40803067,2019-06-10,2
23475809,51495572,2019-06-10,3
23632203,47314743,2019-06-10,2
23589601,7053431,2019-06-10,2
23440753,31625062,2019-06-10,2
23620345,33707147,2019-06-10,2
23681371,42336441,2019-06-10,2
23579003,46283622,2019-06-10,3
23439479,48016477,2019-06-10,2
873887,46299855,2019-06-10,2
23625861,47601129,2019-06-10,2
23653486,31560353,2019-06-10,2
23709609,53620891,2019-06-10,2
11300933,43506259,2019-06-10,2
23572521,146479,2019-06-10,2
23517865,37936907,2019-06-10,2
23865233,42545578,2019-06-10,2
23750307,46309753,2019-06-10,2
23494513,42721710,2019-06-10,2
23518993,42572212,2019-06-10,3
23567145,3906298,2019-06-10,2
23425213,47314725,2019-06-10,3
11913069,38022887,2019-06-10,2
23813447,4214204,2019-06-10,2
39849481,6699501,2019-06-10,3
23866717,33855767,2019-06-10,2
23642619,33906448,2019-06-10,2
11035731,37038335,2019-06-10,2
23607059,7080117,2019-06-10,2
23544311,35722328,2019-06-10,3
23384110,2483213,2019-06-10,2
23474815,46313380,2019-06-10,2
23467661,39292888,2019-06-10,2
23389471,50921068,2019-06-10,2
23372209,49636394,2019-06-11,2
23817101,7010018,2019-06-11,2
23643235,4561354,2019-06-10,2
23706893,34593885,2019-06-10,5
23694475,41842416,2019-06-10,2
23626379,48207759,2019-06-10,2
23564107,49572191,2019-06-10,2
23528673,48874245,2019-06-10,2
23542463,36295697,2019-06-10,2
23583805,35702970,2019-06-09,2
23384165,52444054,2019-06-09,2
23744841,51446583,2019-06-09,2
23589265,31375875,2019-06-10,2
23595086,2879859,2019-06-09,2
23685508,31570695,2019-06-09,2
23671613,42204769,2019-06-10,2
23429581,86137,2019-06-10,2
23590049,36703536,2019-06-10,2
23842553,50066635,2019-06-09,2
23587319,40944210,2019-06-14,2
23614479,47958105,2019-06-14,2
23490075,7105636,2019-06-14,2
23449811,50787778,2019-06-14,3
23349991,42421202,2019-06-13,2
23260923,2240454,2019-06-13,2
23005339,2656008,2019-06-13,2
23181431,35156192,2019-06-13,2
23115995,47636385,2019-06-13,2
23044441,48461579,2019-06-13,2
40853127,48971373,2019-06-13,4
8902151,36360704,2019-06-13,2
23068297,49884519,2019-06-13,2
23017088,46401682,2019-06-13,2
23201773,50831637,2019-06-13,2
23189705,87053,2019-06-13,2
4796696,4449405,2019-06-13,2
23290995,33269354,2019-06-13,2
23082689,4739415,2019-06-13,2
23257969,42572213,2019-06-13,2
23092293,32194833,2019-06-13,2
22964697,46207224,2019-06-13,2
23053135,44343992,2019-06-13,2
23123773,39946526,2019-06-13,2
23103465,48477708,2019-06-13,3
23345468,4972735,2019-06-13,2
23256219,35137189,2019-06-13,2
23142749,43328090,2019-06-12,2
23321053,34053881,2019-06-12,4
23032821,6366266,2019-06-12,2
23004184,37116011,2019-06-12,2
23355031,5218011,2019-06-12,2
9116443,51595402,2019-06-12,2
23290519,53557289,2019-06-13,2
22928602,50798310,2019-06-12,2
34582373,32244275,2019-06-12,2
11246753,34435471,2019-06-12,2
23230865,3312045,2019-06-12,2
23188795,39687667,2019-06-12,3
23093189,158391,2019-06-12,2
41732439,31991199,2019-06-12,2
23130933,36296332,2019-06-12,4
23212133,44295177,2019-06-12,2
22960077,6754102,2019-06-12,2
23359231,35737545,2019-06-12,2
23261511,726194,2019-06-12,2
23218469,32122021,2019-06-12,2
23092545,1105388,2019-06-12,2
22940589,41671673,2019-06-12,2
22940589,4358780,2019-06-12,2
32539045,5895830,2019-06-12,2
23272165,6351209,2019-06-12,2
23104431,7014763,2019-06-12,2
23353482,5897870,2019-06-12,2
22981903,31543933,2019-06-12,2
23232251,3939603,2019-06-12,3
23284765,7587271,2019-06-12,2
23002409,31256674,2019-06-12,2
23341955,47242403,2019-06-12,2
23333527,34200673,2019-06-12,2
23105107,33210433,2019-06-12,2
22957655,42163071,2019-06-12,2
23225111,46234841,2019-06-12,2
23211391,44616459,2019-06-12,2
40877893,47898435,2019-06-12,2
37981475,32887975,2019-06-12,2
23133229,6369259,2019-06-12,2
23203621,35574436,2019-06-12,2
23321277,34078786,2019-06-11,3
23108295,46285039,2019-06-12,2
23129477,52931732,2019-06-12,2
12209309,2495691,2019-06-12,2
9016735,42717477,2019-06-11,2
23242485,6109054,2019-06-11,2
23207793,25134259,2019-06-11,2
23076164,2843585,2019-06-12,2
23046065,40276023,2019-06-11,4
41940759,35033593,2019-06-11,2
23225965,37426676,2019-06-12,2
23587025,32401072,2019-06-11,2
23366707,41499637,2019-06-11,3
23120041,42548342,2019-06-12,2
23067373,7055222,2019-06-12,2
22954225,50541975,2019-06-11,2
23275623,4263230,2019-06-11,2
23357673,2277172,2019-06-11,2
23043167,36322504,2019-06-11,2
23094687,2141492,2019-06-11,2
22928255,37493475,2019-06-11,2
23354275,47764274,2019-06-11,3
23114245,31560347,2019-06-11,2
23174865,40276017,2019-06-11,2
22988329,32590646,2019-06-11,2
22976219,51468521,2019-06-11,3
23354530,32194819,2019-06-11,2
23319387,34467157,2019-06-12,2
23180913,49759411,2019-06-12,2
23088877,42724307,2019-06-12,2
23229913,1069437,2019-06-11,2
22941079,48707652,2019-06-11,2
23073341,47899538,2019-06-11,2
23195039,44183969,2019-06-11,2
23050139,49080817,2019-06-11,2
23245691,47899534,2019-06-11,2
22931391,36524490,2019-06-11,2
23154453,38031626,2019-06-11,2
23237529,52418398,2019-06-11,2
23286563,39698167,2019-06-11,2
23051140,6931112,2019-06-11,2
29484917,49004237,2019-06-11,2
23181039,49627767,2019-06-11,2
23114399,5974602,2019-06-11,2
23271829,3063742,2019-06-11,2
23025107,37162511,2019-06-11,2
23057752,50596098,2019-06-12,2
23294733,2495542,2019-06-11,2
23149651,47157066,2019-06-11,2
23445820,31517836,2019-06-11,2
23177007,4771100,2019-06-11,2
23284093,42628750,2019-06-11,2
23298429,52307817,2019-06-11,2
23006711,37867401,2019-06-11,2
23360659,3675135,2019-06-11,2
4338593,47213793,2019-06-11,3
23126481,43914077,2019-06-11,2
23218454,51391951,2019-06-11,2
23042047,35248249,2019-06-11,2
23330839,48259749,2019-06-11,2
12236219,46798946,2019-06-11,2
23333135,46982142,2019-06-11,2
23038547,38221381,2019-06-11,2
23153235,38278508,2019-06-11,2
8612275,47122569,2019-06-11,2
23152543,31576345,2019-06-11,2
23128133,3599388,2019-06-11,2
43710163,42717271,2019-06-11,2
23124913,41808011,2019-06-11,2
23018107,52314567,2019-06-11,2
23126215,46485561,2019-06-12,2
23291401,33858122,2019-06-11,2
11332391,40192368,2019-06-11,2
23014075,48289205,2019-06-11,2
23089871,34886526,2019-06-11,2
32845575,43247178,2019-06-10,3
23049355,6196167,2019-06-10,2
22934275,8614317,2019-06-10,2
23122421,48501838,2019-06-10,2
23227841,3446783,2019-06-10,3
22980055,34609202,2019-06-11,2
23209445,46267207,2019-06-10,2
23008419,50853291,2019-06-10,2
23221037,49604200,2019-06-10,2
22961183,45526730,2019-06-10,2
23184315,48790897,2019-06-11,2
23274965,48169691,2019-06-10,2
23280873,35137598,2019-06-10,2
23004709,36884771,2019-06-10,2
23221947,41870303,2019-06-10,3
23260727,52259424,2019-06-10,2
23114707,3376262,2019-06-10,2
23006165,50433998,2019-06-10,2
23268343,47050752,2019-06-10,2
23110941,1263243,2019-06-10,2
22982785,37119749,2019-06-10,2
330575,32053791,2019-06-10,2
23319149,3549751,2019-06-10,2
23148097,46038207,2019-06-10,2
9327367,42360560,2019-06-10,2
23160515,37976214,2019-06-10,2
23030315,34373385,2019-06-10,2
22934093,4451160,2019-06-10,2
23034977,44708169,2019-06-10,2
23290869,31729361,2019-06-10,2
23069431,33363041,2019-06-10,2
23750307,50791213,2019-06-10,2
23163819,38030976,2019-06-10,2
22940525,38053557,2019-06-10,2
23237571,32309585,2019-06-10,2
23070607,43934389,2019-06-10,2
22982813,37428533,2019-06-10,2
23123681,2158947,2019-06-10,2
23201941,47026088,2019-06-10,2
22954883,9037533,2019-06-10,2
23362633,3136284,2019-06-10,2
23067541,50075386,2019-06-10,2
23280930,32434617,2019-06-10,2
23275472,31100042,2019-06-10,2
22964781,50028715,2019-06-10,2
26049275,5471754,2019-06-10,2
23033465,6109062,2019-06-10,2
22973293,31717415,2019-06-10,2
23358013,33056893,2019-06-10,2
23022349,43460675,2019-06-10,2
23294761,51741702,2019-06-10,2
22944394,35168512,2019-06-10,2
23212875,48245682,2019-06-10,2
23240812,654736,2019-06-10,2
22927611,48488345,2019-06-10,2
23184469,44926563,2019-06-10,2
23384165,47467839,2019-06-09,3
23078965,32163355,2019-06-09,4
23134475,32056127,2019-06-10,2
22941457,52331808,2019-06-09,2
23092909,3680985,2019-06-09,2
22987475,35412500,2019-06-09,2
23023805,32397455,2019-06-10,2
23294271,46208107,2019-06-09,2
23037399,3154258,2019-06-09,2
23351055,51897685,2019-06-09,2
11477949,46878368,2019-06-09,2
23053575,31771087,2019-06-09,2
23272291,39003338,2019-06-09,2
23164785,51262067,2019-06-09,2
23055795,3990557,2019-06-09,2
23331791,533161,2019-06-10,2
12494055,34278153,2019-06-10,2
23245033,49931554,2019-06-10,2
23033255,47834798,2019-06-10,2
23271997,31073619,2019-06-10,2
23354499,47643892,2019-06-09,2
23031281,45740292,2019-06-10,2
23217495,46118825,2019-06-09,2
23287313,33653768,2019-06-09,2
23325743,7114466,2019-06-09,2
23069207,53582375,2019-06-09,2
23203775,4643445,2019-06-09,2
12148899,34054789,2019-06-09,3
23084817,35865180,2019-06-09,2
23100413,41957728,2019-06-09,2
23044147,36963386,2019-06-09,2
23277163,46438106,2019-06-09,2
23317973,4973511,2019-06-09,2
23003855,35103892,2019-06-09,2
23130569,46122013,2019-06-09,2
23156931,42795418,2019-06-09,2
23267531,4901913,2019-06-09,2
22936837,52370448,2019-06-09,2
23168649,39316494,2019-06-09,2
23204461,42211915,2019-06-09,2
23227351,31675493,2019-06-09,2
23095863,4228437,2019-06-09,2
23005577,40253017,2019-06-09,2
11773042,34890773,2019-06-09,2
23095485,38073291,2019-06-09,2
23247539,34703515,2019-06-09,2
23144877,6915236,2019-06-09,2
23122855,31325767,2019-06-09,2
23031757,4236863,2019-06-09,2
23001391,36545669,2019-06-09,2
22962513,42672255,2019-06-09,2
22944467,32594089,2019-06-09,3
23202123,2979234,2019-06-09,2
11608485,6129296,2019-06-09,2
22951537,32089498,2019-06-09,2
10239229,50261542,2019-06-09,2
23106363,38509598,2019-06-09,2
23313157,34764196,2019-06-09,2
23139879,49966670,2019-06-09,2
23240581,48827355,2019-06-09,2
23325785,42744384,2019-06-09,2
22970243,31791680,2019-06-09,3
22951912,48397933,2019-06-11,2
23311953,39251111,2019-06-10,2
23212497,46223058,2019-06-10,2
23323951,33395647,2019-06-10,2
23145507,46191722,2019-06-10,2
23165037,36523685,2019-06-10,2
23366081,46082400,2019-06-09,2
4846975,43536251,2019-06-10,2
23071498,33870508,2019-06-10,2
22961673,32206823,2019-06-10,2
23318691,48506933,2019-06-10,2
23272039,6983326,2019-06-10,2
23022083,43619793,2019-06-09,2
31035529,34558049,2019-06-09,2
23136785,45531086,2019-06-09,2
9919889,42555131,2019-06-09,2
23245201,32386690,2019-06-09,2
23179079,4449106,2019-06-09,2
23197405,46208844,2019-06-09,2
23226189,32687261,2019-06-09,3
23103045,46223844,2019-06-09,2
23040773,52315877,2019-06-09,2
23150547,34334178,2019-06-09,3
23817101,6620688,2019-06-09,2
22934829,27786059,2019-06-09,2
9448649,42806623,2019-06-09,4
23081303,39952006,2019-06-09,2
23138087,34051120,2019-06-09,2
37611035,32193834,2019-06-09,2
23179191,35470357,2019-06-09,2
39804871,42420187,2019-06-09,2
22564619,1068104,2019-06-09,2
755223,47868381,2019-06-09,2
22662152,50034751,2019-06-09,2
22737897,36486319,2019-06-09,2
22576099,31504655,2019-06-09,2
22875139,32240120,2019-06-09,2
22670291,48343621,2019-06-09,2
22899359,40525653,2019-06-09,3
22436127,33968774,2019-06-09,2
22580971,31320911,2019-06-09,2
22818705,49226710,2019-06-09,2
22577947,33906453,2019-06-09,2
22838235,37190678,2019-06-09,2
22714335,52777872,2019-06-09,3
22645119,36320828,2019-06-09,2
22516109,2583207,2019-06-09,2
1119181,50416551,2019-06-09,2
22817697,2116275,2019-06-09,2
22764357,31109901,2019-06-09,2
22707042,34096268,2019-06-09,2
22445157,46760537,2019-06-09,3
22895061,32089168,2019-06-09,2
11887001,43566207,2019-06-09,2
36305731,49958929,2019-06-09,2
22621417,35016286,2019-06-09,2
22830327,50838999,2019-06-09,2
22541477,42337509,2019-06-09,2
38570889,38304812,2019-06-09,2
1067899,41882185,2019-06-09,2
22549737,38860047,2019-06-09,2
22859445,6406598,2019-06-09,2
22688169,46223058,2019-06-09,2
22548029,49227798,2019-06-09,2
22462111,1294495,2019-06-09,2
22759513,39445904,2019-06-09,2
22773233,34155033,2019-06-09,2
22789935,32881865,2019-06-09,2
1072071,34906019,2019-06-08,2
22833937,41991398,2019-06-08,2
11916303,34728605,2019-06-08,2
26696677,158393,2019-06-08,4
22600753,33275065,2019-06-08,2
1067899,41882192,2019-06-08,2
22488431,25458659,2019-06-08,5
22872835,51137894,2019-06-09,2
22828953,6057191,2019-06-09,2
22734411,5300738,2019-06-09,2
22653855,41277617,2019-06-08,2
22747459,34764204,2019-06-08,3
22911595,42651272,2019-06-08,3
22554388,31474149,2019-06-08,2
22760675,44826457,2019-06-08,2
22774031,31560347,2019-06-08,3
22721657,47766648,2019-06-08,2
9048501,49217445,2019-06-09,2
22550451,3566081,2019-06-09,2
22882111,34056043,2019-06-08,2
22736071,35484289,2019-06-08,2
22493371,44437071,2019-06-08,2
22717149,46385430,2019-06-08,2
22849383,45300114,2019-06-08,2
22668835,2496337,2019-06-08,2
22792003,36964658,2019-06-08,5
22534757,50189901,2019-06-08,2
22809731,50308166,2019-06-08,2
22871975,32547184,2019-06-08,2
22563163,40550022,2019-06-08,2
22530417,31832323,2019-06-08,2
22650495,39999987,2019-06-08,2
22559775,50376699,2019-06-08,3
22556212,31813316,2019-06-08,2
22548113,1387689,2019-06-08,2
22498559,34002137,2019-06-08,2
22639449,49776303,2019-06-08,2
10349339,32884569,2019-06-08,2
22682009,31723154,2019-06-08,2
22679909,36904052,2019-06-08,2
22600221,33644228,2019-06-08,2
22715091,4409947,2019-06-08,2
22845705,48021374,2019-06-08,2
22667043,7070734,2019-06-08,2
23218469,51716954,2019-06-08,2
22694287,52115165,2019-06-08,2
22878360,2763844,2019-06-08,2
22460767,31715024,2019-06-08,2
22587047,42690298,2019-06-08,2
22759027,51461852,2019-06-08,2
22805657,14261309,2019-06-08,2
22435623,47049047,2019-06-08,2
22689163,52204733,2019-06-08,2
22468621,42450955,2019-06-08,2
22557829,51442955,2019-06-08,4
22477833,31367909,2019-06-08,2
22762355,44046478,2019-06-08,2
22615131,31724835,2019-06-08,2
22595909,42332762,2019-06-08,2
22606801,40946466,2019-06-08,4
22626429,52114830,2019-06-08,2
22760227,6632852,2019-06-08,2
22753871,5941023,2019-06-08,2
22549737,4490787,2019-06-08,2
22880123,33491486,2019-06-08,2
22685985,46848756,2019-06-08,2
11464383,3466375,2019-06-08,2
22909509,50345364,2019-06-08,2
22526917,44707539,2019-06-08,2
22870015,33113778,2019-06-08,2
22566159,35063692,2019-06-08,2
22652441,2580202,2019-06-08,3
22834202,46131008,2019-06-08,2
22767367,6883203,2019-06-08,2
22823087,41058604,2019-06-08,2
22727803,31620116,2019-06-08,2
22918861,38824746,2019-06-08,2
22736399,46908620,2019-06-08,2
22604939,34418257,2019-06-07,2
22815219,47859409,2019-06-07,2
22627017,48735916,2019-06-07,2
22455461,1051629,2019-06-08,2
22594831,3728190,2019-06-07,2
22661247,46289104,2019-06-07,2
399651,43453011,2019-06-07,2
22679349,33455748,2019-06-07,2
23354530,49516142,2019-06-07,2
22608474,6756597,2019-06-07,2
22799931,46456155,2019-06-07,2
22919477,36788636,2019-06-07,2
22705053,40477562,2019-06-07,2
22862049,36455703,2019-06-07,2
22680511,51163504,2019-06-07,2
22717723,47898436,2019-06-07,2
22473731,44585993,2019-06-07,2
22812237,31516269,2019-06-07,2
22612737,39414770,2019-06-07,2
22922049,36707789,2019-06-07,7
22777755,36947592,2019-06-07,2
22466325,31308598,2019-06-07,2
22666945,32713116,2019-06-07,2
22800057,31264988,2019-06-07,4
22547455,46658670,2019-06-07,2
22700125,48666729,2019-06-07,2
22623839,49239327,2019-06-07,2
22909797,40561392,2019-06-07,2
22586235,37504910,2019-06-07,2
8636607,36402369,2019-06-07,2
22842169,4399949,2019-06-07,2
22803837,131636,2019-06-07,2
22489859,47646923,2019-06-07,2
22594201,35740236,2019-06-07,2
22883889,6630802,2019-06-07,4
22739773,42510680,2019-06-07,2
22641787,42092592,2019-06-07,2
22724247,35636152,2019-06-07,2
22829541,40583939,2019-06-07,2
22447571,39818663,2019-06-07,2
22880409,41188619,2019-06-07,2
22544935,44041436,2019-06-07,2
10437777,1265717,2019-06-07,2
22707643,43524799,2019-06-07,2
22597393,33340524,2019-06-07,2
22876707,32062121,2019-06-07,3
22500975,47455397,2019-06-07,2
22885233,2486075,2019-06-07,2
22524187,41056346,2019-06-07,2
22524915,32194722,2019-06-08,2
22776985,50993572,2019-06-08,2
22606409,2876934,2019-06-06,2
22668429,38966186,2019-06-07,2
22775795,43417408,2019-06-07,2
22843373,45825192,2019-06-07,2
22499729,48944231,2019-06-07,2
22748189,6655351,2019-06-07,2
22861671,35537817,2019-06-06,2
22494227,39391765,2019-06-07,2
4222757,48018933,2019-06-07,2
22566089,36255560,2019-06-06,2
22570947,46833782,2019-06-07,2
22603560,41817172,2019-06-06,2
22570933,33657316,2019-06-06,2
9401651,36486770,2019-06-06,2
22529689,40995409,2019-06-06,2
22527239,41882886,2019-06-06,2
22837563,35805173,2019-06-06,2
22604631,3405813,2019-06-06,2
22719725,33614946,2019-06-06,2
22618533,42355093,2019-06-07,2
22664691,47875117,2019-06-07,2
22499071,32496194,2019-06-06,2
22903979,31116943,2019-06-06,2
22469475,6637258,2019-06-06,2
36422379,39916678,2019-06-06,2
4770157,4406177,2019-06-06,2
22536885,834141,2019-06-06,2
22798769,46937516,2019-06-06,2
22737001,47459939,2019-06-06,2
22462023,46770249,2019-06-07,2
22463119,40066400,2019-06-06,2
22459367,2871413,2019-06-06,2
22442651,40074873,2019-06-06,2
22909243,34035181,2019-06-06,2
22647261,42631034,2019-06-06,2
22444513,35107227,2019-06-06,2
12232605,36524490,2019-06-06,2
22798755,39102491,2019-06-06,2
11718245,50600427,2019-06-06,2
22702773,31081505,2019-06-06,2
22716372,1126112,2019-06-06,2
22692537,34792797,2019-06-06,2
22573803,46740296,2019-06-06,3
22789459,39781316,2019-06-06,2
22756937,49280434,2019-06-06,4
22705823,3177233,2019-06-06,3
22520379,192636,2019-06-06,3
22911931,3712942,2019-06-06,2
22523221,35725373,2019-06-06,2
27276683,34936362,2019-06-06,2
22768151,46028506,2019-06-06,2
22847587,48985233,2019-06-06,2
22533049,31586037,2019-06-06,2
22575035,48997873,2019-06-06,2
22613129,45733829,2019-06-05,2
22568259,4720913,2019-06-05,3
4310677,38194431,2019-06-05,2
22634339,42521398,2019-06-05,2
22625813,39833031,2019-06-05,2
22736791,38901165,2019-06-05,3
22670697,39055460,2019-06-05,2
22616573,3904800,2019-06-05,2
22724863,44743938,2019-06-05,2
22512077,39050110,2019-06-05,2
22508115,6042721,2019-06-05,2
22856085,6035715,2019-06-05,2
22824501,33455818,2019-06-05,2
22618547,27146209,2019-06-05,2
22837507,44169536,2019-06-05,2
22862063,41296885,2019-06-05,2
22899807,3400481,2019-06-06,2
22714573,38338455,2019-06-05,2
22542415,39291111,2019-06-05,2
22443211,4362328,2019-06-05,2
22793001,37613418,2019-06-05,2
22545033,36815470,2019-06-05,2
5121193,34180903,2019-06-05,2
22468663,44892821,2019-06-05,2
22897315,104256,2019-06-05,2
22671980,33955936,2019-06-05,2
22644587,32618007,2019-06-05,3
22671970,52312242,2019-06-05,2
22811075,31280341,2019-06-05,2
22595783,43393190,2019-06-05,2
22889937,6951603,2019-06-05,2
22925385,50755172,2019-06-05,2
4291119,46159087,2019-06-05,2
22905603,42752521,2019-06-04,3
22575035,978330,2019-06-05,2
22847923,46267773,2019-06-05,2
22817687,5795662,2019-06-05,3
22802829,2662363,2019-06-05,2
22586901,48228949,2019-06-04,2
38280263,48250054,2019-06-04,2
22904749,48037339,2019-06-05,2
36998157,48524252,2019-06-05,2
22454943,36545164,2019-06-05,2
11052937,49792119,2019-06-04,2
22523459,38815007,2019-06-04,2
22512973,49090556,2019-06-04,2
22618729,34278148,2019-06-04,2
22718465,39320855,2019-06-04,3
22838431,44707540,2019-06-04,2
36083915,44767161,2019-06-05,2
10042557,42767399,2019-06-05,2
22664705,2898991,2019-06-05,2
22457911,36754500,2019-06-05,2
22632715,6496778,2019-06-04,2
11101797,37863774,2019-06-05,2
22673539,4065118,2019-06-04,2
22748229,42555391,2019-06-04,3
22720215,34321843,2019-06-04,2
22597640,31297427,2019-06-04,2
9067470,52340572,2019-06-15,2
22731975,48800184,2019-06-15,2
22884939,48318332,2019-06-15,4
22528954,2086912,2019-06-15,2
22454369,50541457,2019-06-15,2
22633219,40447545,2019-06-15,2
22869945,2300264,2019-06-15,4
22751757,51246635,2019-06-15,2
22861657,33966272,2019-06-15,2
22649081,4070570,2019-06-15,2
22521933,34722234,2019-06-15,2
22453303,35314703,2019-06-15,2
22920639,31994098,2019-06-15,2
22578339,39612024,2019-06-15,2
22768459,31814585,2019-06-15,3
22586459,41173393,2019-06-14,2
22793141,34463059,2019-06-14,2
22727467,47374070,2019-06-14,2
10350907,2058903,2019-06-14,3
22746437,45354308,2019-06-14,2
22529913,46150500,2019-06-15,2
22906317,42585657,2019-06-14,2
22738135,7122504,2019-06-14,3
22796333,43859741,2019-06-14,2
11110911,1234234,2019-06-14,2
22926841,523395,2019-06-14,2
22689247,6267833,2019-06-14,2
22817669,51396663,2019-06-14,2
22604155,35107682,2019-06-14,2
22838403,44482614,2019-06-14,2
22704545,3872650,2019-06-14,2
22482943,44058970,2019-06-14,2
22896265,3968249,2019-06-14,2
22796515,3595655,2019-06-14,2
10704547,5049537,2019-06-14,2
22620227,48688992,2019-06-14,2
535605,42449410,2019-06-14,2
11950421,5925968,2019-06-14,2
22817431,44154303,2019-06-14,2
22494199,50416762,2019-06-14,2
11312105,32082782,2019-06-14,2
22490083,53580299,2019-06-14,2
22694945,41942004,2019-06-14,2
22441615,43814985,2019-06-14,2
22531943,44154300,2019-06-14,2
22892961,44055108,2019-06-14,2
33491255,31298749,2019-06-14,2
22622509,25593309,2019-06-14,2
41618409,46773803,2019-06-14,2
22740165,8370627,2019-06-14,2
22689429,34435471,2019-06-14,2
22755007,48229466,2019-06-14,2
22883301,40782432,2019-06-14,2
22506295,42133600,2019-06-15,2
22689779,7158790,2019-06-14,2
22517078,32446284,2019-06-14,2
22592857,2034698,2019-06-14,2
22614011,47324643,2019-06-14,2
22620983,37284189,2019-06-14,2
22504475,28173059,2019-06-19,3
22007195,51855576,2019-06-19,2
22376263,45335921,2019-06-19,2
22209285,50089744,2019-06-19,2
21863583,43864855,2019-06-19,2
22055215,46104469,2019-06-19,2
22284367,34570250,2019-06-19,2
22238951,32634806,2019-06-19,2
22021503,33879660,2019-06-19,2
22251593,4454363,2019-06-19,2
39784311,42507875,2019-06-19,2
22346037,1216497,2019-06-19,2
22134637,50079897,2019-06-19,2
22054669,32920704,2019-06-19,2
8550934,32386939,2019-06-19,3
22408925,31678771,2019-06-19,2
22273111,41211413,2019-06-19,3
28536249,37505058,2019-06-19,2
21874335,34447590,2019-06-19,2
21833189,36370957,2019-06-19,2
36004045,41061517,2019-06-19,2
21802577,32872142,2019-06-19,8
22239441,3087272,2019-06-19,2
22254477,37674230,2019-06-19,3
21935277,51105728,2019-06-19,2
22323735,31701414,2019-06-18,2
21838411,3675602,2019-06-18,2
22254701,46081994,2019-06-18,2
21845355,44604482,2019-06-19,2
21814191,47210826,2019-06-19,2
22391915,32226331,2019-06-19,2
21885689,45284796,2019-06-19,2
22368997,2053689,2019-06-19,2
22226351,40376736,2019-06-19,2
22300019,49381697,2019-06-19,2
22286257,39049423,2019-06-19,2
22099651,43547735,2019-06-18,2
21961723,36300415,2019-06-19,2
22115275,51432304,2019-06-19,2
21917945,30561109,2019-06-18,2
23825683,35551026,2019-06-19,2
22358413,37504863,2019-06-18,2
22363002,47120951,2019-06-18,2
21822171,33106506,2019-06-18,2
21932110,5476977,2019-06-18,2
21829873,55100016,2019-06-18,2
22070055,4028994,2019-06-18,2
22170603,34202866,2019-06-18,2
22091503,50772232,2019-06-18,3
21789691,32088983,2019-06-18,2
21966119,47006197,2019-06-18,2
22210195,46814843,2019-06-18,4
21845943,29062659,2019-06-18,2
35663793,34535482,2019-06-18,2
824881,52864116,2019-06-18,2
21913437,37166735,2019-06-18,2
22188607,2585244,2019-06-18,4
21862855,49916256,2019-06-18,2
21821499,50028989,2019-06-18,2
21785897,48303260,2019-06-18,2
22307061,6311254,2019-06-18,2
22190693,32090474,2019-06-18,2
21830613,31451464,2019-06-18,2
21999201,4901775,2019-06-18,2
21907977,43256462,2019-06-18,2
22094387,34538086,2019-06-18,2
21922431,4133784,2019-06-18,6
21900319,33739394,2019-06-18,2
21935253,47040758,2019-06-18,2
22393749,37754439,2019-06-18,2
21890323,6525694,2019-06-18,2
21954947,40767953,2019-06-18,2
21936481,41750010,2019-06-18,2
21943943,35609025,2019-06-18,2
22037015,37700017,2019-06-18,3
21861301,33369789,2019-06-18,2
21850031,33036568,2019-06-18,4
22058337,32194487,2019-06-18,2
22103263,43524799,2019-06-18,2
22038107,39066975,2019-06-18,2
9882733,48595705,2019-06-18,2
22395107,54847946,2019-06-18,2
22289575,44186498,2019-06-18,2
22108373,34027231,2019-06-18,2
21959231,32419778,2019-06-18,2
21928669,42228348,2019-06-18,2
22046059,47749651,2019-06-18,4
21874937,49215530,2019-06-18,2
22185919,34186063,2019-06-18,2
22238545,46068860,2019-06-18,2
22688169,34374504,2019-06-18,2
22049111,46278180,2019-06-17,2
455651,46680854,2019-06-17,2
22327459,37302125,2019-06-17,2
33331795,51778083,2019-06-17,2
21871927,35234760,2019-06-17,2
21982835,36432983,2019-06-17,2
22013803,51366823,2019-06-17,4
22237229,41802443,2019-06-17,2
22188173,3300100,2019-06-17,2
21995127,40294759,2019-06-17,3
22158465,53678480,2019-06-17,2
22238475,7474861,2019-06-17,3
31428789,49012130,2019-06-17,3
21879375,3049311,2019-06-17,2
22414609,40276011,2019-06-17,3
22308601,32242550,2019-06-17,2
11555705,44457947,2019-06-17,2
14309,55093537,2019-06-17,6
22177029,54631359,2019-06-17,2
21930755,36319219,2019-06-17,2
22037421,39501203,2019-06-17,2
22115191,32217805,2019-06-17,2
35611541,49797934,2019-06-17,2
22154349,3542044,2019-06-18,2
22423583,31265015,2019-06-17,2
22066408,50512246,2019-06-17,2
4271295,51076630,2019-06-17,2
22214479,40800017,2019-06-17,2
21897094,46676576,2019-06-17,2
21798399,3131675,2019-06-17,2
22101009,44050941,2019-06-17,3
22164163,6904337,2019-06-17,2
22174425,42744915,2019-06-17,2
21999439,35848459,2019-06-17,2
22135337,42351128,2019-06-17,2
22045695,3977008,2019-06-17,2
21849849,38425742,2019-06-17,2
21957467,46234841,2019-06-16,2
21950131,35161657,2019-06-17,2
21867797,41090289,2019-06-17,2
22244243,40276014,2019-06-17,2
22001749,3329464,2019-06-17,2
22377299,40502535,2019-06-17,2
34107734,31140186,2019-06-16,2
22396549,43877726,2019-06-16,2
21895993,51002416,2019-06-16,2
22129513,31103327,2019-06-16,2
21787465,42116372,2019-06-16,2
21967015,51759183,2019-06-16,2
32672017,52324635,2019-06-16,2
21933751,47796021,2019-06-16,2
22310281,34861148,2019-06-16,2
21993965,48553007,2019-06-16,2
21920031,6055253,2019-06-16,2
22174621,29069309,2019-06-16,2
9257969,39147627,2019-06-17,2
22311457,37939836,2019-06-16,2
22370873,54699679,2019-06-16,2
23602005,34441000,2019-06-16,2
22097201,48072296,2019-06-16,3
21900179,31637207,2019-06-16,2
21939981,6393272,2019-06-16,2
21983451,2820080,2019-06-16,2
22257361,3220723,2019-06-16,2
21859439,42704591,2019-06-16,2
21911180,46634224,2019-06-16,2
22123857,3675590,2019-06-16,8
22074129,33991739,2019-06-16,2
22344329,43232061,2019-06-16,2
22370607,35837475,2019-06-16,2
22229823,39272555,2019-06-16,3
22289365,47007181,2019-06-16,2
21814541,33653506,2019-06-16,2
21967953,40276023,2019-06-16,2
22183651,3118111,2019-06-16,2
21928907,43839264,2019-06-16,2
21934955,51163007,2019-06-16,2
22274049,35033946,2019-06-16,2
21843605,47752314,2019-06-16,2
22261309,4276554,2019-06-16,2
22104915,50752678,2019-06-16,2
21828219,35565823,2019-06-16,2
21987147,25593409,2019-06-16,2
21950040,48225652,2019-06-16,2
22380533,31989393,2019-06-16,2
21943859,5900331,2019-06-16,2
4324649,47312975,2019-06-16,3
22078665,49541187,2019-06-16,2
22257879,35236632,2019-06-16,2
11390729,42768500,2019-06-16,2
10823351,47411736,2019-06-15,3
5110049,32781259,2019-06-16,2
22320781,43327149,2019-06-16,2
21827629,32348787,2019-06-16,2
21961121,49005574,2019-06-16,2
22352337,50069257,2019-06-16,2
21984865,3595647,2019-06-15,2
22172115,50853336,2019-06-15,2
22029777,42711139,2019-06-15,3
22399629,35468301,2019-06-15,3
21882357,42695504,2019-06-15,2
21789901,44601817,2019-06-15,2
21972251,35663576,2019-06-15,2
22163939,34193353,2019-06-15,2
22293958,31871104,2019-06-15,3
21802249,31845769,2019-06-15,2
21948031,32188681,2019-06-15,2
22049027,31097121,2019-06-15,2
22301895,35743885,2019-06-15,2
21830179,42071265,2019-06-15,2
22111397,6580046,2019-06-15,2
22291535,41876184,2019-06-15,2
22425431,48598431,2019-06-15,2
21933163,44154300,2019-06-15,2
21860461,38956298,2019-06-15,2
21929707,50889544,2019-06-15,2
22434237,35919254,2019-06-15,2
22122128,46062987,2019-06-15,2
21837053,35052140,2019-06-15,3
22321131,32244806,2019-06-15,3
21912107,52770048,2019-06-15,2
22110228,4228110,2019-06-15,2
22193042,47088658,2019-06-15,4
22111887,33325533,2019-06-15,2
21888881,42517752,2019-06-15,2
22061473,42755635,2019-06-15,2
22126993,368559,2019-06-15,2
22410507,4406226,2019-06-15,3
8420923,4131546,2019-06-15,2
21992176,31245523,2019-06-15,2
21821569,46290474,2019-06-15,4
22094065,49012549,2019-06-16,2
22240057,3398038,2019-06-16,2
22119391,33113587,2019-06-15,2
21885633,3813817,2019-06-15,2
21852551,31374335,2019-06-15,2
22397865,7587271,2019-06-15,2
9067470,43120616,2019-06-14,2
22220373,52464338,2019-06-14,2
22060395,2212221,2019-06-14,2
22341053,7005895,2019-06-14,2
8879689,3169747,2019-06-14,2
22370985,48475307,2019-06-14,2
10466589,50812019,2019-06-15,2
22074437,46554911,2019-06-15,2
34107734,35404898,2019-06-14,2
22041145,43786395,2019-06-14,2
21886809,31938424,2019-06-14,2
21849429,53034605,2019-06-14,2
21825321,34277785,2019-06-14,2
21996989,40230464,2019-06-14,2
21996989,36414133,2019-06-14,2
40445069,47333821,2019-06-14,3
22341585,3302281,2019-06-14,2
21824915,54588408,2019-06-14,2
21865991,2898916,2019-06-14,3
21847861,32856204,2019-06-14,2
22052835,44203086,2019-06-14,2
22148217,33643865,2019-06-14,2
22266307,31560308,2019-06-14,2
22381737,34918894,2019-06-14,2
21853769,46267332,2019-06-14,3
28369565,29812809,2019-06-14,2
21824327,31576345,2019-06-14,2
21983353,31541325,2019-05-30,2
22236221,38909187,2019-05-30,2
22131165,34570812,2019-05-30,2
21986769,300638,2019-05-30,2
22028895,50424695,2019-05-31,2
21875231,34972083,2019-05-31,2
22086197,35606222,2019-05-31,2
21822843,2146420,2019-05-31,2
22170281,51384139,2019-05-31,2
22133573,6626405,2019-05-29,4
10861725,1207275,2019-05-30,3
22202271,37116257,2019-05-29,2
21813463,32198300,2019-05-29,2
42343951,39153990,2019-05-29,2
568001,32288524,2019-05-29,2
22201459,38268876,2019-05-30,2
22320137,49080437,2019-05-30,2
22408421,2899710,2019-05-30,2
22034467,47014339,2019-05-29,2
22391509,2880179,2019-05-29,2
21816571,43524799,2019-05-29,3
21989219,33921034,2019-05-29,2
22074365,38663589,2019-05-29,3
22324225,34039189,2019-05-29,2
21968835,1257977,2019-05-29,2
9664641,44835960,2019-05-29,2
22014836,4890749,2019-05-29,2
22412853,39833031,2019-05-29,2
21886459,31508746,2019-05-29,3
21973035,46696013,2019-05-29,2
21948535,37635850,2019-05-29,2
22421427,6020893,2019-05-30,2
22302231,5057613,2019-05-29,2
22165521,3978054,2019-05-29,2
22426453,6922927,2019-05-29,2
22091867,37265430,2019-05-29,2
21899171,43147397,2019-05-29,2
21973245,41236011,2019-05-29,2
22081297,44747497,2019-05-29,2
22203461,41188619,2019-05-29,2
21867069,44131009,2019-05-29,2
22256829,558339,2019-05-29,2
22227648,32965538,2019-05-29,3
21879461,36475227,2019-05-29,2
21828807,32939729,2019-05-29,2
22077083,3087267,2019-05-29,2
9663143,36884276,2019-05-29,2
21957607,42549234,2019-05-29,2
22368661,49873200,2019-05-29,2
22151479,40800386,2019-05-29,2
21998473,41997485,2019-05-29,2
21811153,31900660,2019-05-29,2
22091139,2197529,2019-05-29,2
21982737,43713812,2019-05-29,2
22019753,42575449,2019-05-28,2
21907162,42360324,2019-05-28,2
22130479,31516269,2019-05-28,3
21976885,1069992,2019-05-28,2
22304737,35896096,2019-05-28,2
21814457,31931376,2019-05-28,2
21935319,46055927,2019-05-28,2
21815325,44797883,2019-05-28,2
22054209,35628129,2019-05-28,2
21971145,2584605,2019-05-28,2
21945441,49576953,2019-05-28,3
10520265,42712650,2019-05-28,2
22178219,43211451,2019-05-28,2
21865333,48525242,2019-05-28,4
22396104,35424194,2019-05-28,3
10239747,37745456,2019-05-28,2
22424353,44384875,2019-05-28,2
22363985,33641454,2019-05-28,3
22077685,47122581,2019-05-28,2
21812203,42009123,2019-05-28,2
12055169,4801718,2019-05-28,3
22136331,37208213,2019-05-28,2
22023841,6631401,2019-05-28,2
21875791,45604571,2019-05-28,3
22317659,3262456,2019-05-28,2
22125019,2522876,2019-05-28,2
22019291,2766733,2019-05-28,6
22324323,33482494,2019-05-28,2
22186269,34967031,2019-05-28,2
4376169,40441267,2019-05-28,2
22388051,31292700,2019-05-28,4
21930195,2233405,2019-05-28,2
22092609,50139102,2019-05-28,2
22108569,49472378,2019-05-28,2
21935851,31081439,2019-05-29,2
22369546,6590770,2019-05-28,2
21981365,47368938,2019-05-28,2
22144143,32194013,2019-05-28,2
21842975,45317782,2019-05-28,2
22323693,36526017,2019-05-28,2
22243529,47295470,2019-05-28,2
22144395,40276058,2019-05-28,3
21895362,37595500,2019-05-28,5
22309245,49538717,2019-05-28,2
21952762,42555288,2019-05-28,2
22430597,37531662,2019-05-28,4
21809683,32984821,2019-05-28,3
22081213,3675590,2019-05-28,2
22355767,2683258,2019-05-28,2
22096865,43524799,2019-05-28,2
22388835,34759875,2019-05-28,2
22044841,3892233,2019-05-28,2
22158339,36517561,2019-05-28,2
22343741,33111125,2019-05-28,2
21810887,46438233,2019-05-28,2
22246049,31380673,2019-05-28,3
22101597,42712499,2019-05-28,7
22321327,5619456,2019-05-28,2
22423219,5478118,2019-05-28,2
22288833,3929808,2019-05-28,2
22370243,42744426,2019-05-28,2
22322727,48017506,2019-05-28,2
21839632,50602114,2019-05-28,2
22054207,35298447,2019-05-28,2
11743265,2631555,2019-05-28,2
22039773,41495831,2019-05-28,2
22109871,32181461,2019-05-28,2
22397053,51006515,2019-05-28,2
22166445,46399710,2019-05-28,2
21887677,48529652,2019-05-28,2
22270465,34707274,2019-05-28,3
21885997,41663501,2019-05-28,2
21905177,36899388,2019-05-28,2
25369239,4741637,2019-05-28,2
21887509,39128176,2019-05-28,2
22376450,32397612,2019-05-28,2
22604939,3255676,2019-05-28,2
22152801,45994109,2019-05-28,2
21818769,43727900,2019-05-28,2
21832167,4276672,2019-05-28,2
22148497,50097616,2019-05-28,4
22109566,35508735,2019-05-28,2
22237019,3980276,2019-05-28,2
22299207,48308455,2019-05-28,2
5083477,43467451,2019-05-28,2
22106399,76309,2019-05-28,2
22106399,3227529,2019-05-28,2
21943005,46299614,2019-05-28,2
22385027,31831349,2019-05-28,2
21851361,50439038,2019-05-28,3
22140783,41894722,2019-05-28,2
21994343,34589218,2019-05-28,2
22330847,37758603,2019-05-28,2
8705049,45330870,2019-05-28,2
22185667,47028757,2019-05-28,2
22074689,49809194,2019-05-28,2
22096678,46875991,2019-05-28,2
21948073,46130148,2019-05-28,2
22428889,42388301,2019-05-28,2
24948035,40276034,2019-05-28,2
22321607,5217496,2019-05-28,2
21849471,1791346,2019-05-28,2
22376473,47094884,2019-05-28,2
10365425,31168290,2019-05-28,2
22215123,35895352,2019-05-28,2
8659175,51096728,2019-05-28,2
21977585,47082192,2019-05-28,2
21841547,48087512,2019-05-28,2
8851073,35470256,2019-05-28,2
22130437,1263245,2019-05-28,2
22318821,42648243,2019-05-28,2
27037325,6317062,2019-05-28,2
22055651,3252901,2019-05-28,2
21919374,50063935,2019-05-28,3
22186577,50079978,2019-05-28,2
22124823,39481244,2019-05-28,2
22220303,1263681,2019-05-28,2
21504553,47384871,2019-05-28,2
21538881,37074706,2019-05-28,2
21716933,34536018,2019-05-28,2
21687659,31433986,2019-05-28,2
21590037,40276058,2019-05-28,2
21474901,34848247,2019-05-28,2
21608643,46381388,2019-05-28,2
21548107,287900,2019-05-28,2
21583653,512888,2019-05-28,2
21611793,40153668,2019-05-28,2
21565929,43128842,2019-05-28,2
21515837,40304825,2019-05-28,2
21453565,46895086,2019-05-28,2
21493871,32400784,2019-05-28,2
21584311,898443,2019-05-28,2
21676711,31631877,2019-05-27,4
21760501,35470037,2019-05-27,2
21480319,40372757,2019-05-27,2
21642215,32569267,2019-05-27,4
21743141,112095,2019-05-27,2
21501039,4596949,2019-05-28,2
21458745,39112957,2019-05-28,2
25188177,2905446,2019-05-27,2
21700441,4903574,2019-05-27,2
452795,40782418,2019-05-27,2
21614662,44336752,2019-05-27,2
21742427,46290091,2019-05-27,2
21696241,2461040,2019-05-27,2
21674303,47765390,2019-05-27,2
21569219,36862942,2019-05-27,2
21598815,49759533,2019-05-27,2
21630231,13899159,2019-05-27,2
21690232,50381982,2019-05-27,2
21509943,31576215,2019-05-27,2
21502789,46044378,2019-05-27,2
21691173,5934899,2019-05-27,2
21552550,33269884,2019-05-27,2
30490523,35835418,2019-05-27,2
21655753,34412816,2019-05-27,2
21782117,32320743,2019-05-27,2
21454741,51534807,2019-05-27,2
21563899,75983,2019-05-27,2
21530383,49966670,2019-05-27,2
21764519,47498750,2019-05-27,2
32062718,31994098,2019-05-27,2
21662193,47752067,2019-05-27,2
21781319,32072813,2019-05-27,2
21717432,5057613,2019-05-27,2
21666491,32338187,2019-05-27,3
21464961,50071915,2019-05-27,2
21588553,43470807,2019-05-27,2
21474187,31648895,2019-05-27,3
21527975,31771374,2019-05-27,2
21449463,32013103,2019-05-27,2
21527177,47106598,2019-05-27,2
21711901,47083071,2019-05-27,2
21691887,2984219,2019-05-27,2
43161531,44741912,2019-05-27,3
21687351,4702210,2019-05-27,2
21526603,6535874,2019-05-27,2
21496965,42094163,2019-05-27,2
21483847,47595586,2019-05-27,2
21483847,46087797,2019-05-27,2
21711781,85704,2019-05-27,3
21472536,31373932,2019-05-27,2
21508347,4720920,2019-05-27,2
21507003,6767288,2019-05-27,2
21733257,31788819,2019-05-27,2
24782177,2798304,2019-05-27,2
21524237,7063675,2019-05-27,2
27447735,42717478,2019-05-27,2
21637721,44430700,2019-05-27,2
21623924,5476665,2019-05-27,3
21542997,44130998,2019-05-27,2
21696507,36297434,2019-05-27,2
21737061,38413252,2019-05-27,2
21600117,47639884,2019-05-27,2
21456855,36875878,2019-05-27,2
21401891,2394396,2019-05-27,2
21700763,48338922,2019-05-27,2
21699223,4435441,2019-05-27,2
21469749,31507935,2019-05-27,2
11683091,31363301,2019-05-27,2
21423521,40377696,2019-05-27,2
21631015,41950742,2019-05-27,2
21443961,38132943,2019-05-27,2
21664783,37145730,2019-05-27,2
21705005,40434366,2019-05-27,2
21772751,47377885,2019-05-27,2
21566853,3777199,2019-05-27,4
21612241,7063166,2019-05-27,2
21578893,46626448,2019-05-27,2
21400855,39283134,2019-05-27,2
29213009,35140235,2019-05-27,2
21612241,8720028,2019-05-27,2
21784049,39114501,2019-05-27,2
21728959,1008436,2019-05-27,3
21631799,50096113,2019-05-27,2
21569477,49311339,2019-05-27,2
21764001,31278965,2019-05-27,3
33382363,33001520,2019-05-27,2
21504722,4134803,2019-05-27,2
26451481,36870843,2019-05-27,2
21626745,47343058,2019-05-27,3
21550319,42110580,2019-05-27,2
21601797,47880336,2019-05-27,2
21548989,39216101,2019-05-27,2
21419937,38589152,2019-05-27,2
21574805,34586753,2019-05-27,2
24956911,2898991,2019-05-27,2
21552545,2460549,2019-05-27,2
43152949,36394136,2019-05-27,8
21756245,49628739,2019-05-27,2
21660821,35217531,2019-05-27,2
21778281,3539149,2019-05-27,2
21578977,923105,2019-05-27,2
21655935,1869259,2019-05-27,2
841925,39050105,2019-05-27,2
21508515,3313899,2019-05-27,2
21470309,47610935,2019-05-27,2
21404971,36386621,2019-05-27,2
21417109,45544221,2019-05-27,2
24743789,40276010,2019-05-27,5
21562555,641032,2019-05-27,2
21539931,43806905,2019-05-27,2
21692342,32238532,2019-05-27,2
21439733,956418,2019-05-27,2
21576359,47168864,2019-05-27,2
21508991,47181451,2019-05-27,2
21729561,50518167,2019-05-27,2
21560007,35564684,2019-05-27,2
21408863,43468649,2019-05-27,2
21527569,46130148,2019-05-27,2
21732851,33631497,2019-05-27,2
21702485,44874605,2019-05-27,2
21409619,43842685,2019-05-27,2
21463729,31437828,2019-05-27,3
21733985,37894062,2019-05-27,2
21611415,6847564,2019-05-27,2
21642173,47580708,2019-05-27,2
21600299,43868573,2019-05-27,2
21652155,32227311,2019-05-27,2
21433276,49305934,2019-05-27,2
21443527,521876,2019-05-27,2
21643851,39329222,2019-05-27,3
21435477,41819307,2019-05-27,2
21596365,32193727,2019-05-27,3
21425481,47139588,2019-05-27,2
21726719,32431186,2019-05-27,2
21584493,46692410,2019-05-27,2
21407939,3634439,2019-05-27,2
21729617,2813914,2019-05-27,2
25564679,37781149,2019-05-27,2
21599529,42118596,2019-05-27,2
21615909,49891804,2019-05-27,2
21455805,37137443,2019-05-27,2
21518903,33637675,2019-05-26,2
21567903,41819291,2019-05-26,2
21684551,13940209,2019-05-27,2
21714483,33906453,2019-05-27,2
21695569,47173564,2019-05-27,3
21651497,36527229,2019-05-27,2
21533491,3339089,2019-05-27,2
21699979,35821305,2019-05-27,2
25586869,2079962,2019-05-27,2
21744373,32445063,2019-05-27,2
21755587,48549178,2019-05-27,2
21779270,51262794,2019-05-27,2
21516458,1797733,2019-05-27,2
21606389,32271341,2019-05-26,2
21483763,5808220,2019-05-27,2
21688863,3011981,2019-05-27,2
21617981,42810398,2019-05-27,3
21735301,42733331,2019-05-26,2
21468741,31835250,2019-05-26,2
21668605,47167999,2019-05-27,2
21569835,33687656,2019-05-27,2
43116703,40629197,2019-05-27,2
21413679,43407790,2019-05-27,2
21777791,33760964,2019-05-26,4
21724409,32591614,2019-05-26,2
21622909,6108445,2019-05-26,2
21642481,48576308,2019-05-26,3
21433013,6411072,2019-05-26,3
21538002,774800,2019-05-26,2
21711389,34119097,2019-05-26,2
21448055,39345712,2019-05-26,2
21465213,36530153,2019-05-26,2
10998826,41520088,2019-05-26,2
21483623,6429127,2019-05-26,2
21708057,32242116,2019-05-26,2
21621005,47952345,2019-05-26,2
21648767,47103092,2019-05-26,2
21584269,3735939,2019-05-26,2
21622405,47167999,2019-05-26,2
21641277,33906448,2019-05-26,2
21556871,6411072,2019-05-26,2
21678685,6195154,2019-05-26,2
21547379,6123941,2019-05-26,2
21507143,4492370,2019-05-26,2
21457541,46790252,2019-05-26,2
21568015,46989872,2019-05-26,2
21656103,29812809,2019-05-26,2
21662417,42695504,2019-05-26,2
21516187,48894358,2019-05-26,2
9883979,31131242,2019-05-27,2
21513569,305803,2019-05-27,2
21663719,31140398,2019-05-27,2
21414925,6640664,2019-05-27,3
21512071,3430863,2019-05-27,2
21525035,3900664,2019-05-27,2
21571627,4097020,2019-05-27,2
21511665,47639549,2019-05-27,2
10905909,6243148,2019-05-26,2
21493507,34445100,2019-05-26,3
21479311,43567449,2019-05-26,2
21640927,2099968,2019-05-26,2
21447181,41914977,2019-05-26,3
21476861,44119396,2019-05-26,2
21533897,47025126,2019-05-26,2
21593607,42622798,2019-05-26,2
21482517,3928009,2019-05-26,2
21420749,44824571,2019-05-26,2
21408583,32398487,2019-05-26,2
21407463,46677814,2019-05-26,2
21629335,39764134,2019-05-26,2
21615881,43524799,2019-05-26,2
21450037,43216810,2019-05-26,2
21716107,41929249,2019-05-26,2
21601713,28576759,2019-05-26,2
21765975,35168766,2019-05-26,2
21693217,39607139,2019-05-26,2
21655207,51274793,2019-05-26,2
21684831,46509797,2019-05-26,2
21415874,32972018,2019-05-26,2
21710199,46130148,2019-05-26,2
21561435,31529980,2019-05-26,2
21638967,34822577,2019-05-26,2
21708743,47293891,2019-05-26,2
21760347,33142387,2019-05-26,2
21758723,32687057,2019-05-26,2
21721259,658915,2019-05-26,2
21588511,50030604,2019-05-27,2
21446047,43446020,2019-05-27,3
21582631,37428192,2019-05-27,2
21582309,42695391,2019-05-27,2
21436597,34471162,2019-05-27,2
21644399,40275998,2019-05-26,3
21478709,31509127,2019-05-26,8
21739962,43215606,2019-05-26,2
21563661,46930293,2019-05-26,2
21416605,33739394,2019-05-26,2
21775803,34532472,2019-05-26,3
21715267,6537369,2019-05-26,3
21409787,36531989,2019-05-26,2
21542199,4228049,2019-05-26,2
21411593,22731359,2019-05-26,2
21690893,35234760,2019-05-26,2
21478510,25880309,2019-05-26,2
21652043,34158499,2019-05-26,2
21742413,37591053,2019-05-26,2
10645201,3036180,2019-05-26,3
21723233,36803912,2019-05-26,2
21693987,33749691,2019-05-26,2
28067963,6673448,2019-05-26,2
1038093,42728904,2019-05-26,2
21569891,42715216,2019-05-26,2
21693343,36515495,2019-05-26,2
21769783,48714536,2019-05-26,2
21023275,6694538,2019-05-26,2
26144460,31516269,2019-05-26,2
21264411,1008805,2019-05-26,2
21011949,43330232,2019-05-26,2
21115437,112352,2019-05-26,2
21005635,46130148,2019-05-26,2
21151753,4577358,2019-05-26,2
21045059,32445945,2019-05-26,3
21055139,2946940,2019-05-26,2
20976053,39778708,2019-05-26,2
4855235,46402240,2019-05-26,3
21314083,3724913,2019-05-26,2
21143387,33077489,2019-05-26,2
21099267,46130148,2019-05-26,3
21288897,31075800,2019-05-26,2
21300727,3937199,2019-05-26,3
21032151,32922235,2019-05-26,2
21383371,37536082,2019-05-26,2
26129349,6846914,2019-05-26,2
21167881,4524800,2019-05-26,2
21303507,46285228,2019-05-26,2
21195027,46194700,2019-05-26,2
21167461,48176314,2019-05-26,3
26401658,37256325,2019-05-26,3
21277249,36545263,2019-05-26,2
21104433,36551039,2019-05-26,2
21072653,47082692,2019-05-26,2
21110946,43370799,2019-05-26,2
21184079,42745558,2019-05-26,2
20954311,6349963,2019-05-26,2
20907215,48975265,2019-05-26,2
20874469,35458604,2019-05-26,2
21321671,41472814,2019-05-26,2
21238853,32239815,2019-05-26,2
21189007,39050110,2019-05-26,2
21108269,46716068,2019-05-26,2
21150731,43459933,2019-05-26,2
21011767,37972566,2019-05-26,3
21310499,42223204,2019-05-26,2
20964237,38893297,2019-05-26,2
21106897,47894184,2019-05-26,2
21285705,41149315,2019-05-26,2
21101157,42592272,2019-05-26,2
21339661,39276771,2019-05-26,2
27753971,40767626,2019-05-26,2
21276143,43690011,2019-05-26,2
21039991,6267828,2019-05-26,2
12147583,41718736,2019-05-26,2
21294081,33730737,2019-05-26,2
21203651,44785195,2019-05-26,2
21235375,41199390,2019-05-26,2
21337491,3260655,2019-05-26,2
21205401,48240662,2019-05-26,2
21291599,48382899,2019-05-26,2
20965469,3735259,2019-05-26,2
21379939,1762367,2019-05-26,2
21004655,35620927,2019-05-26,2
21030303,2531835,2019-05-26,2
21085939,32238589,2019-05-26,2
21164871,46918099,2019-05-26,2
21076433,47952312,2019-05-26,2
21254597,2316295,2019-05-26,2
21067879,5048392,2019-05-26,2
21030023,46186069,2019-05-26,2
21209391,35420611,2019-05-26,2
20890905,34913531,2019-05-26,2
20928677,44601262,2019-05-26,6
21157563,6122348,2019-05-26,2
20926311,46438087,2019-05-26,2
21265237,48565664,2019-05-26,2
21353213,34295723,2019-05-26,2
21209657,42512860,2019-05-26,2
21039095,49711511,2019-05-26,4
20891115,42739787,2019-05-26,2
20949285,49270390,2019-05-26,2
21041335,44749309,2019-05-26,2
20933899,35833446,2019-05-25,2
21395577,6057282,2019-05-26,2
21168931,42185743,2019-05-26,2
21364413,7132592,2019-05-26,2
20885809,32281798,2019-05-26,2
21001085,31905665,2019-05-26,2
21370951,53238,2019-05-26,2
21199829,35420610,2019-05-26,2
21303261,4033618,2019-05-25,2
21079627,1069959,2019-05-25,2
21259455,31325247,2019-05-25,2
20935943,2262932,2019-05-25,2
21012089,31279336,2019-05-25,2
21105679,48944598,2019-05-25,3
21171493,405097,2019-05-25,2
25832471,39383669,2019-05-26,2
20939793,2170734,2019-05-26,2
21348705,34397060,2019-05-26,2
21064925,6507706,2019-05-26,2
20933171,46254661,2019-05-26,2
20904709,34371239,2019-05-26,2
21090363,31298101,2019-05-26,2
20949523,47048997,2019-05-26,2
20880517,33077489,2019-05-26,2
20908685,36308238,2019-05-26,2
20973403,4408494,2019-05-26,2
20923273,46929393,2019-05-26,2
20946849,42889258,2019-05-25,2
21240597,2151884,2019-05-26,2
21039501,32271371,2019-05-26,2
21134673,39797925,2019-05-26,2
21142042,31775225,2019-05-26,2
21224119,36947592,2019-05-26,2
21394036,282650,2019-05-26,2
21073787,31702228,2019-05-26,2
21375823,42573058,2019-05-26,2
21062153,6067034,2019-05-26,2
21176365,48236346,2019-05-25,2
21362593,31649705,2019-05-25,2
21096019,36876676,2019-05-25,2
21335812,41884885,2019-05-26,2
20871697,36503095,2019-05-25,2
21246046,41632914,2019-05-25,3
20942691,35564684,2019-05-26,2
21290297,44055065,2019-05-26,2
21243201,44161955,2019-05-26,2
20889589,6531226,2019-05-26,2
20886439,47111358,2019-05-26,2
21311815,3441123,2019-05-26,2
20888413,42674875,2019-05-25,2
21216685,47431688,2019-05-25,2
21327355,33001995,2019-05-25,2
20894237,37287482,2019-05-25,2
10718246,50267015,2019-05-25,2
10718246,759693,2019-05-25,2
21026621,34145308,2019-05-25,2
21038661,5217990,2019-05-25,2
21088655,47953203,2019-05-25,2
21105637,51091064,2019-05-25,2
21089075,3708066,2019-05-25,2
21041937,40276011,2019-05-25,2
21377097,34380251,2019-05-25,2
21024437,39066387,2019-05-27,2
21293867,4158303,2019-05-25,2
20999881,9057252,2019-05-25,4
21046303,46165070,2019-05-25,2
24187905,3256081,2019-05-25,2
30190041,46958956,2019-05-25,2
20920347,35887018,2019-05-25,2
26424173,48965385,2019-05-25,2
21309547,42888986,2019-05-25,2
21190295,34475836,2019-05-25,2
21219597,49762912,2019-05-25,2
30382289,40193641,2019-05-25,2
21096989,38632055,2019-05-25,3
21170604,3892937,2019-05-25,3
21051345,3170989,2019-05-25,2
21286265,48734917,2019-05-25,2
4999099,47763892,2019-05-25,2
21363153,35538417,2019-05-25,2
20916035,41264439,2019-05-25,2
21120169,40768722,2019-05-25,2
20913753,4667259,2019-05-25,2
21003185,43155024,2019-05-25,2
21010213,42695416,2019-05-25,2
21279965,32580191,2019-05-25,2
21268527,4780952,2019-05-25,3
21090804,46098321,2019-05-25,2
21309491,43300852,2019-05-25,2
21331555,36502996,2019-05-25,2
21049343,49721143,2019-05-25,2
21311843,33483873,2019-05-25,2
21192199,41314690,2019-05-25,2
21003913,4408171,2019-05-25,2
21166299,43861250,2019-05-25,2
21028441,6119814,2019-05-25,2
20969571,1763572,2019-05-25,2
21249530,7066081,2019-05-25,2
21092799,46709750,2019-05-25,2
21217679,32740812,2019-05-25,3
21294483,43532104,2019-05-25,2
21178381,40276014,2019-05-25,3
21045857,512628,2019-05-25,3
21033453,6952343,2019-05-25,2
20891129,48119274,2019-05-25,2
21133973,46144228,2019-05-25,2
21016534,31963436,2019-05-25,2
20916567,6387525,2019-05-25,3
21381185,35323162,2019-05-25,2
21039403,46640948,2019-05-25,3
20903519,44746452,2019-05-26,2
21374801,6059073,2019-05-25,3
21214375,6190983,2019-05-25,2
21349713,50642445,2019-05-25,2
20894065,43504003,2019-05-25,2
28203721,39733090,2019-05-25,2
20887139,38563962,2019-05-25,2
21100261,42423220,2019-05-25,2
21068383,40560183,2019-05-25,2
21067533,6025665,2019-05-25,2
21302295,43470844,2019-05-25,2
20910855,4124625,2019-05-25,2
33310557,36514103,2019-05-25,3
20872173,48676051,2019-05-25,2
21301987,48016114,2019-05-25,2
21030023,34319792,2019-05-25,2
21393855,2268129,2019-05-25,2
21365113,46290417,2019-05-25,2
21391461,42717473,2019-05-25,3
20986287,32206823,2019-05-25,2
21362761,34689244,2019-05-25,2
20919661,1281248,2019-05-25,2
20903337,37488827,2019-05-25,2
22796333,42373985,2019-05-25,2
21362817,25878209,2019-05-25,3
21262185,39738284,2019-05-25,2
21380669,31574005,2019-05-25,2
27888693,35253549,2019-05-25,2
21041755,36540627,2019-05-25,2
21375291,46559860,2019-05-25,2
21386575,6899358,2019-05-25,2
21260687,38780299,2019-05-25,2
9522177,40336937,2019-05-25,2
21352023,34343012,2019-05-25,2
21017269,47883098,2019-05-25,2
21290484,31555774,2019-05-25,2
20946079,34877695,2019-05-25,2
20938225,2916892,2019-05-25,2
21308917,2427015,2019-05-25,2
23909193,34409153,2019-05-25,2
33428101,49412822,2019-05-25,2
20896071,47561118,2019-05-25,2
20886971,6585883,2019-05-25,2
21050323,2023848,2019-05-24,3
21033789,32678898,2019-05-24,2
21168552,104231,2019-05-25,2
21240541,45350717,2019-05-24,3
21364861,33748802,2019-05-24,2
21304521,7065663,2019-05-25,2
21120183,42405297,2019-05-25,2
21158164,33623645,2019-05-25,2
21122549,35752682,2019-05-25,2
20930469,25123359,2019-05-25,2
9475459,47578436,2019-05-25,2
21295491,42739786,2019-05-25,3
21007931,44763006,2019-05-25,2
35737205,720783,2019-05-24,2
21237419,47974387,2019-05-25,2
21001715,34426437,2019-05-25,2
20971629,4818733,2019-05-25,2
21133727,39909092,2019-05-25,2
21094712,4603620,2019-05-25,2
21243453,49427027,2019-05-25,2
21148939,37758601,2019-05-25,2
21104438,31325543,2019-05-25,2
21218953,50420040,2019-05-25,2
21306397,34413659,2019-05-25,2
20909721,50602118,2019-05-25,2
20954605,46438087,2019-05-25,2
21290591,33050159,2019-05-24,2
21012621,42768991,2019-05-25,2
11817232,37079567,2019-05-25,2
21369845,34904972,2019-05-25,2
21095935,36395286,2019-05-25,2
21325507,48966539,2019-05-24,2
20906011,37111580,2019-05-24,2
21322203,3136652,2019-05-24,2
21296947,5912325,2019-05-24,2
42654246,42803906,2019-05-24,4
20970467,4405349,2019-05-24,2
21131929,43868559,2019-05-24,2
21134127,32002866,2019-05-24,2
21267687,35113774,2019-05-25,2
21198863,35907509,2019-05-25,2
21048363,32040151,2019-05-20,3
20884143,6019665,2019-05-20,2
20931099,47221260,2019-05-20,2
10905909,33701608,2019-05-20,2
21142247,32910027,2019-05-20,2
20985307,6238215,2019-05-20,2
21396481,6896303,2019-05-20,2
28451857,6128853,2019-05-20,2
21327537,86036,2019-05-20,2
26171355,41188619,2019-05-20,2
21182945,6983354,2019-05-20,3
12221665,44438989,2019-05-20,2
21248241,44310990,2019-05-20,3
21193977,41782024,2019-05-20,2
21320383,43241570,2019-05-20,3
21320369,41915168,2019-05-20,2
21209489,42223892,2019-05-20,4
21300516,33054537,2019-05-20,2
21044519,3659296,2019-05-20,2
21236523,6411072,2019-05-20,2
20911909,39480264,2019-05-20,2
21235921,33158376,2019-05-20,2
21344099,46121453,2019-05-20,2
21110257,47470673,2019-05-20,2
21394415,37758605,2019-05-20,2
20872495,39900031,2019-05-20,2
21169463,45943376,2019-05-20,2
21265265,49537611,2019-05-20,2
21186739,2852774,2019-05-20,2
21238567,40276014,2019-05-20,2
21358491,5615775,2019-05-20,2
21016163,48833358,2019-05-20,2
24416105,48549237,2019-05-20,2
21211253,48365615,2019-05-20,2
21237139,36371341,2019-05-20,2
21242613,364088,2019-05-20,2
21013503,42460452,2019-05-20,3
21091441,42678288,2019-05-20,2
21376565,34727099,2019-05-20,2
20940283,3671339,2019-05-20,2
21188363,4815003,2019-05-20,2
21270683,3556889,2019-05-20,2
21302855,46302151,2019-05-20,3
20972637,44735053,2019-05-20,2
21044594,4283872,2019-05-20,2
21053837,45362670,2019-05-20,2
21078645,43508773,2019-05-20,2
20947157,34362327,2019-05-20,2
20993525,35115252,2019-05-20,2
21180733,42194625,2019-05-20,2
23502353,705295,2019-05-21,2
21305417,46681356,2019-05-21,2
21137641,3735903,2019-05-20,2
9014019,39379226,2019-05-20,2
399651,35586399,2019-05-22,2
21347109,3587610,2019-05-31,2
21106183,40282312,2019-05-31,2
8012501,3157457,2019-05-30,3
21295211,49751730,2019-05-30,2
21315875,1752669,2019-05-31,2
21036099,39546018,2019-05-30,2
21101871,41897852,2019-05-31,2
21182413,44819219,2019-05-30,2
20940549,36694274,2019-05-30,4
20970817,35542855,2019-05-30,2
21373849,48684056,2019-05-31,2
21274869,38048403,2019-05-30,2
21106001,43505814,2019-05-30,3
21237769,6384639,2019-05-30,2
21181769,34535564,2019-05-30,2
21039470,36524491,2019-05-30,2
21338751,47854246,2019-05-30,2
21182035,41651641,2019-05-30,2
21340305,39118761,2019-05-30,2
28823599,45362719,2019-05-30,3
21060949,43524799,2019-05-30,2
21368361,32492380,2019-05-30,2
21368935,33687656,2019-05-30,2
20526737,38535156,2019-05-30,2
20651955,33858679,2019-05-30,2
22397865,3888068,2019-05-30,2
20592103,31298878,2019-06-01,2
20603779,35772455,2019-05-30,2
20845839,39897525,2019-05-30,2
20645667,7005764,2019-05-31,2
20491443,46481480,2019-05-31,2
20697873,7144807,2019-05-29,2
20566427,50500278,2019-05-29,3
20497813,34586753,2019-05-29,3
20698377,39482138,2019-05-29,2
20430249,39208097,2019-05-30,3
20485675,32113427,2019-05-29,2
10861725,2690797,2019-05-29,2
12297425,37198348,2019-05-29,2
568001,46382271,2019-05-29,2
20688087,203460,2019-05-30,2
20421821,32116185,2019-05-29,2
20854715,37619328,2019-05-29,2
20629763,48727372,2019-05-29,2
20722825,49378026,2019-05-29,2
26462638,44745887,2019-05-29,2
20500655,34913531,2019-05-29,3
11536889,35627526,2019-05-29,2
20496021,34820127,2019-05-29,2
20651911,32575916,2019-05-29,2
20745151,46741454,2019-05-29,2
20808921,1263681,2019-05-29,2
20839049,50743616,2019-05-29,2
20482399,32054955,2019-05-29,2
20490561,40978052,2019-05-29,2
20845853,729537,2019-05-29,2
20798463,32071803,2019-05-29,2
20675179,34354361,2019-05-29,2
20683019,36962620,2019-05-29,2
20852769,46299523,2019-05-29,3
20448309,51325962,2019-05-29,2
20456132,49568858,2019-05-29,2
20653356,49138571,2019-05-29,2
20543803,38213274,2019-05-29,2
20495573,31694850,2019-05-29,4
20843445,31578542,2019-05-29,2
20421219,48958960,2019-05-30,2
20661445,48782233,2019-05-29,2
20661445,43312859,2019-05-29,3
23791383,6685736,2019-05-29,2
20429703,50957317,2019-05-29,3
20849787,34267451,2019-05-29,2
20716899,49802350,2019-05-29,2
20459467,39833031,2019-05-29,2
20423123,51120516,2019-05-29,2
20617706,34709110,2019-05-29,4
20572083,2583033,2019-05-29,2
20732089,44863671,2019-05-29,2
20634038,6079067,2019-05-29,2
27232331,33614897,2019-05-29,2
20449289,49005956,2019-05-29,2
20700435,7157733,2019-05-29,2
20704747,35606228,2019-05-29,2
20529607,82080,2019-05-29,2
20844859,44751754,2019-05-29,2
20658071,32717530,2019-05-29,2
20726139,34586755,2019-05-29,2
20607139,45348125,2019-05-29,2
20598389,3123171,2019-05-28,2
20608469,39604549,2019-05-28,2
20789769,47627603,2019-05-28,4
11757137,34889317,2019-05-28,2
20609771,1798155,2019-05-28,2
20664357,44305096,2019-05-28,2
20450675,33314086,2019-05-28,3
20811847,34890807,2019-05-28,4
12508699,2174859,2019-05-28,2
20455351,41716945,2019-05-28,2
20462785,33206518,2019-05-28,2
20799233,41980964,2019-05-28,2
20460433,3173426,2019-05-28,3
20427267,47839597,2019-05-28,2
20627369,5773708,2019-05-28,2
21687659,35607312,2019-05-28,4
20685119,7131978,2019-05-28,2
20852881,35130381,2019-05-28,2
20670671,917307,2019-05-28,2
20458751,2733562,2019-05-28,2
20700463,49871372,2019-05-28,3
20806429,35298447,2019-05-28,3
20482693,6738208,2019-05-28,3
20753649,202408,2019-05-28,3
20858355,48727337,2019-05-28,2
20462505,32759214,2019-05-28,2
20799205,33623645,2019-05-28,3
20771709,1767683,2019-05-28,2
20705797,6531576,2019-05-28,3
20494971,40828561,2019-05-28,2
20475105,51793357,2019-05-28,2
20521725,48131940,2019-05-28,2
20682249,51450848,2019-05-28,2
20572153,38186070,2019-05-28,2
20852377,37715057,2019-05-29,3
20520829,48054909,2019-05-29,2
20755511,3675590,2019-05-28,2
20414695,49486580,2019-05-28,2
20683369,3671525,2019-05-28,2
20497624,4780310,2019-05-28,2
20580651,3667529,2019-05-28,2
20616505,34434173,2019-05-28,2
20483547,33827236,2019-05-28,2
20731319,3134760,2019-05-28,2
20690915,33005295,2019-05-28,2
20428737,43215622,2019-05-28,2
20426847,48308095,2019-05-28,2
20475245,42463477,2019-05-28,2
23318691,31178396,2019-05-28,2
20788907,48248618,2019-05-28,2
20521473,126167,2019-05-28,2
27023213,31363970,2019-05-28,2
20838179,32151680,2019-05-28,3
20470961,3033319,2019-05-28,2
20600153,31688679,2019-05-28,2
20774663,3447124,2019-05-28,2
20423347,39639080,2019-05-28,2
20620355,48244570,2019-05-28,2
8748565,82515,2019-05-28,2
20787375,31363986,2019-05-28,2
20664385,1078951,2019-05-28,2
20806191,34535914,2019-05-28,2
20440933,2541731,2019-05-28,2
20820653,42426051,2019-05-28,2
20607447,32449577,2019-05-28,2
20699203,6063252,2019-05-28,2
20723619,202408,2019-05-28,2
20828689,31254636,2019-05-28,2
20616505,43501373,2019-05-28,2
20697117,31635976,2019-05-28,2
20739877,26710709,2019-05-28,2
20613733,36972800,2019-05-28,2
20599019,40383000,2019-05-28,2
20487143,4277664,2019-05-28,2
20837859,34525453,2019-05-28,2
28805777,28311109,2019-05-28,2
20702381,47169838,2019-05-28,2
20566861,40458843,2019-05-28,2
20781621,31839724,2019-05-28,2
20503701,44746870,2019-05-28,2
20548339,45602115,2019-05-28,2
20606047,32533227,2019-05-28,2
20603793,33130416,2019-05-28,3
20412049,3136672,2019-05-28,2
20498583,51189832,2019-05-28,2
11849845,44751055,2019-05-28,2
20644309,34438834,2019-05-28,2
20417243,40447367,2019-05-28,2
20469827,5217485,2019-05-28,2
10741409,1008555,2019-05-28,2
20581253,42585444,2019-05-28,2
20565133,31264988,2019-05-28,2
20438901,35081624,2019-05-28,2
20645530,2215955,2019-05-28,2
20428723,2698780,2019-05-28,2
20657301,34770610,2019-05-28,2
20861211,6026254,2019-05-28,2
20468693,34708573,2019-05-28,3
20539295,35283549,2019-05-28,2
20745792,35701275,2019-05-28,2
20594329,3405133,2019-05-28,2
20706189,45405427,2019-05-28,2
20727987,1767212,2019-05-28,3
20778051,31516269,2019-05-28,2
20438005,46223577,2019-05-28,2
20511763,48424885,2019-05-28,2
20446895,46184141,2019-05-28,2
20715789,36856152,2019-05-28,2
10575719,43920375,2019-05-28,2
20749169,31978314,2019-05-28,2
20647473,39192581,2019-05-28,2
20500935,34732062,2019-05-28,2
20831173,3289134,2019-05-28,3
20603583,46370878,2019-05-28,2
29894487,4025875,2019-05-28,2
20869023,33482494,2019-05-28,2
20431201,39284736,2019-05-28,2
26716515,36393574,2019-05-28,2
20762413,35133847,2019-05-28,2
20743149,31534909,2019-05-28,2
20637771,40413558,2019-05-28,2
20716241,31639633,2019-05-28,2
20762847,34315921,2019-05-28,2
27926548,31338667,2019-05-28,2
20448953,34856944,2019-05-28,2
20864081,4666888,2019-05-28,3
20600125,48726921,2019-05-28,2
20578565,36698436,2019-05-28,2
20430487,31508773,2019-05-28,2
20642895,2537050,2019-05-28,2
20819967,6606696,2019-05-28,2
20632073,46015113,2019-05-28,2
20751465,2268499,2019-05-28,2
20770673,49226430,2019-05-28,2
20483911,6624405,2019-05-27,2
20536173,42717271,2019-05-27,3
20761657,3977743,2019-05-27,2
20437361,650960,2019-05-28,2
20645849,42033035,2019-05-27,2
20489819,45552653,2019-05-28,2
20826883,37815218,2019-05-27,2
20553099,1265436,2019-05-27,2
20730633,44156111,2019-05-27,2
21502789,46438233,2019-05-27,2
20640263,50079721,2019-05-27,2
25713163,33218001,2019-05-27,2
20427113,49138844,2019-05-27,3
20632129,47492575,2019-05-27,3
20613840,49759367,2019-05-27,2
20863171,48409975,2019-05-27,2
20647305,46027747,2019-05-27,2
20520390,36402096,2019-05-27,2
20737745,32194286,2019-05-27,2
20500991,44056548,2019-05-27,2
20676509,31617317,2019-05-27,2
20434995,43165488,2019-05-27,2
20766417,44743929,2019-05-27,2
20558895,41683678,2019-05-27,2
20531735,50606100,2019-05-27,3
20441253,32193727,2019-05-27,2
34005587,47411711,2019-05-27,2
20549417,662762,2019-05-27,2
20762637,31737186,2019-05-27,2
42343951,31684259,2019-05-27,2
20827303,32554328,2019-05-27,4
20566189,45995863,2019-05-27,2
20620943,41236013,2019-05-27,2
20598109,39050110,2019-05-27,2
20674829,31622442,2019-05-27,2
20653773,7081178,2019-05-27,2
20766389,39192581,2019-05-27,2
20420281,4470164,2019-05-27,2
20776777,35886160,2019-05-27,2
20549991,5775688,2019-05-27,2
20845741,48162054,2019-05-27,2
20522103,33332746,2019-05-27,2
20457465,2829825,2019-05-27,2
20572293,50810977,2019-05-27,2
20847118,39778708,2019-05-27,2
20536061,48024467,2019-05-27,2
20607545,39699087,2019-05-27,2
20714463,3329868,2019-05-27,2
32366285,49010118,2019-05-27,5
20474699,32194904,2019-05-27,2
20675781,33114181,2019-05-27,2
8430457,32194329,2019-05-27,2
20412312,1265594,2019-05-27,2
20561373,34279788,2019-05-27,3
21637721,46753891,2019-05-27,2
20689599,4940403,2019-05-27,4
20854435,48650457,2019-05-27,2
20820205,37276188,2019-05-27,3
20663685,48749836,2019-05-27,2
20730017,40508365,2019-05-27,2
20603065,35298448,2019-05-27,2
20590647,50477013,2019-05-27,2
20737563,41669209,2019-05-27,2
20601385,45862678,2019-05-27,2
20849031,35469732,2019-05-27,2
20831587,6710501,2019-05-27,2
8463049,6652502,2019-05-27,2
20438383,35802105,2019-05-27,2
20578341,33906448,2019-05-27,4
11768323,33623147,2019-05-27,2
20565601,46224140,2019-05-27,2
20812197,44534864,2019-05-27,2
20431481,31988679,2019-05-27,2
20502881,7047323,2019-05-27,2
20435835,6054998,2019-05-27,2
20852013,43307800,2019-05-27,2
20852615,36882870,2019-05-27,3
20419700,3567418,2019-05-27,3
20450119,38126664,2019-05-27,2
20690187,31811859,2019-05-27,2
20732271,41482634,2019-05-27,2
20826785,49414619,2019-05-27,2
11405317,4025875,2019-05-27,2
20587679,7126950,2019-05-27,2
20614279,41807384,2019-05-27,2
25564679,42703902,2019-05-27,3
9946601,50224844,2019-05-27,2
20824601,42120349,2019-05-27,2
20483995,40216370,2019-05-27,2
20655943,50596122,2019-05-27,2
9946601,42512072,2019-05-27,2
20767859,45520392,2019-05-27,2
20679995,43555922,2019-05-27,2
20705895,36755631,2019-05-27,2
20861337,32547349,2019-05-27,2
20617289,5777190,2019-05-27,2
20447483,39621659,2019-05-27,2
20719615,36508962,2019-05-27,2
20540933,42695407,2019-05-27,2
20831685,6120408,2019-05-27,2
20720886,46438087,2019-05-27,2
20665995,34142207,2019-05-27,2
20561779,4066845,2019-05-27,2
20567813,37617942,2019-05-27,2
20749743,1959488,2019-05-27,2
20748287,43873689,2019-05-27,2
20768377,37504935,2019-05-27,2
20617233,2196378,2019-05-27,2
20704635,32092795,2019-05-27,3
20222363,46931331,2019-05-27,2
20114633,32131717,2019-05-27,2
20303549,36510735,2019-05-27,2
20246177,40245715,2019-05-27,2
20362027,40797221,2019-05-27,2
20368061,32027916,2019-05-27,2
20359185,50311742,2019-05-27,2
20365863,38071205,2019-05-27,2
11592847,46015548,2019-05-27,2
20123270,40195660,2019-05-27,2
20371589,44744663,2019-05-27,2
20280701,6931246,2019-05-27,2
20357848,42650024,2019-05-27,2
20272553,35606228,2019-05-27,2
20191087,76604,2019-05-27,2
20193915,32563644,2019-05-27,2
20257097,46086335,2019-05-27,2
20214453,31516269,2019-05-27,2
27993032,37804660,2019-05-27,2
20344807,48688721,2019-05-27,2
20206025,39071969,2019-05-27,2
20167861,31760184,2019-05-27,3
20195637,40639327,2019-05-27,2
20121689,47038254,2019-05-27,2
20373115,48549179,2019-05-27,2
20322547,44142374,2019-05-27,2
20202595,36824889,2019-05-27,2
20110993,48031292,2019-05-27,2
20192235,34202167,2019-05-27,2
20190527,41184741,2019-05-27,2
20332761,3291520,2019-05-27,2
20157291,47314723,2019-05-26,2
20128501,35449668,2019-05-27,2
20164123,2300293,2019-05-27,2
20162989,42686914,2019-05-27,2
20322729,1388417,2019-05-26,2
20274863,36684101,2019-05-26,2
20275577,35653054,2019-05-26,2
20378141,4229005,2019-05-27,2
20352969,36253688,2019-05-27,2
20312341,49366227,2019-05-27,2
20361509,35041866,2019-05-27,2
20171641,32138630,2019-05-27,2
20101893,4660609,2019-05-27,2
20344921,47864493,2019-05-27,2
20360431,39283106,2019-05-27,2
12114263,2361109,2019-05-26,2
20134639,42696082,2019-05-26,2
20404223,43524799,2019-05-26,2
20212815,38661664,2019-05-26,2
20367025,3891320,2019-05-26,2
20245830,36254072,2019-05-26,2
20343099,50381997,2019-05-26,2
20257195,36484746,2019-05-26,2
20403537,32712425,2019-05-26,2
20343127,32897343,2019-05-26,2
26045299,44747793,2019-05-26,2
20221651,49572961,2019-05-26,2
20190233,35776968,2019-05-26,2
20353179,35168764,2019-05-26,2
20187293,34753109,2019-05-26,2
20112911,34040013,2019-05-26,2
20180503,31625259,2019-05-26,2
20253205,44130998,2019-05-27,2
20381039,3405014,2019-05-27,2
20370441,38824827,2019-05-27,2
20155639,35558979,2019-05-26,2
20138601,48763133,2019-05-26,3
23589601,41740658,2019-05-26,2
20328539,42355263,2019-05-26,2
20185361,32900005,2019-05-26,2
20350352,36374892,2019-05-26,2
20138391,41764793,2019-05-26,2
20405357,50206674,2019-05-26,2
10825619,37734626,2019-05-26,2
20330583,44748251,2019-05-26,2
20332837,49742814,2019-05-26,2
20198143,48715799,2019-05-26,2
20094459,4023192,2019-05-26,2
20277957,40741976,2019-05-26,2
20265553,34806596,2019-05-26,2
20246275,43952233,2019-05-26,2
20249635,48049269,2019-05-26,2
25636989,4534703,2019-05-26,2
20208153,42191521,2019-05-26,2
20378057,42653037,2019-05-26,2
20286973,2138810,2019-05-26,2
20212941,51077349,2019-05-26,4
20257573,38059518,2019-05-26,4
20289954,43240487,2019-05-26,2
20274611,38108412,2019-05-26,2
20264937,49533883,2019-05-26,2
20374035,33687656,2019-05-26,4
20128675,44461704,2019-05-26,2
26614973,46299932,2019-05-26,2
20302709,32948234,2019-05-26,2
20133799,6863592,2019-05-27,2
20177633,31516269,2019-05-27,2
20180349,3254224,2019-05-26,2
20373913,47752815,2019-05-26,3
20396411,37322809,2019-05-26,2
20343351,40954176,2019-05-26,2
20178473,1207154,2019-05-26,2
20249528,31642432,2019-05-26,2
20105113,46210760,2019-05-26,2
20311185,44206248,2019-05-26,2
20119855,34394355,2019-05-26,3
20261045,458784,2019-05-26,2
20378981,50035817,2019-05-26,2
12202337,32309585,2019-05-26,2
20232485,2148885,2019-05-26,2
20135801,42655307,2019-05-26,2
20162317,36837604,2019-05-26,2
20289297,33028289,2019-05-26,2
27615483,43524799,2019-05-26,2
20353039,36684101,2019-05-26,2
20199417,39037377,2019-05-26,2
11565379,46668712,2019-05-26,2
20236456,31992031,2019-05-26,2
41848261,7129427,2019-05-26,2
20176359,46926640,2019-05-26,2
20219913,618696,2019-05-26,3
20390727,4075546,2019-05-26,2
20133701,37150002,2019-05-26,2
20214411,33366533,2019-05-26,2
20145195,6456522,2019-05-26,2
20148667,35179453,2019-05-26,2
20143291,7065940,2019-05-26,2
20310619,6981758,2019-05-26,2
20135129,47314703,2019-05-26,2
20272018,36915060,2019-05-26,2
20115389,38014755,2019-05-26,2
20130831,35625884,2019-05-26,3
20394619,44803765,2019-05-26,2
20214047,35800379,2019-05-26,2
20136319,43825789,2019-05-26,2
20168575,31256885,2019-05-26,2
8554917,47587381,2019-05-26,3
20113331,6259223,2019-05-26,2
20335133,3297867,2019-05-26,2
20260863,37967330,2019-05-26,2
43014237,6642665,2019-05-26,2
20173097,36326232,2019-05-26,2
20210743,50032088,2019-05-26,2
25286121,31336186,2019-05-26,2
20330415,40153668,2019-05-26,2
20113387,48727297,2019-05-26,2
20252491,3410165,2019-05-26,2
20118427,32579137,2019-05-26,2
20161505,2980508,2019-05-26,2
20319607,1263223,2019-05-26,2
25434031,41061030,2019-05-26,2
20208181,48761846,2019-05-26,2
20391245,33608495,2019-05-26,2
20262725,2833010,2019-05-26,2
20208181,49547689,2019-05-26,2
20113667,31475899,2019-05-26,2
20328203,4140739,2019-05-26,2
20108347,145883,2019-05-26,2
20343211,40386745,2019-05-26,2
20363161,32819028,2019-05-26,2
20174063,46951199,2019-05-26,3
20359913,40533889,2019-05-26,2
20097063,40247579,2019-05-26,2
20196855,2113670,2019-05-26,2
20120191,2871390,2019-05-26,2
20254758,3577245,2019-05-26,2
20190373,6673073,2019-05-26,3
20382999,3735899,2019-05-26,2
11629023,3595665,2019-05-26,2
20261731,39050110,2019-05-26,2
20227445,44138566,2019-05-26,2
20157025,48526667,2019-05-26,2
20148751,6533053,2019-05-26,2
20202091,36313013,2019-05-26,2
20361775,31225339,2019-05-26,2
20228691,6431018,2019-05-26,2
20269333,1235895,2019-05-26,2
20217029,2574468,2019-05-26,2
20386496,34732121,2019-05-26,2
20407877,34898779,2019-05-26,3
20251343,3556341,2019-05-26,2
20287155,37317811,2019-05-26,2
20165299,42932904,2019-05-26,2
20241717,47241606,2019-05-26,2
20321525,39293172,2019-05-26,2
20343323,2248873,2019-05-26,2
20332179,44597762,2019-05-26,2
20319348,42432324,2019-05-26,2
41975591,43168335,2019-05-26,2
26472173,43795299,2019-05-26,2
20255921,35810855,2019-05-26,3
20250405,2819822,2019-05-25,3
20178739,31578174,2019-05-26,2
20382614,35570537,2019-05-26,2
20248039,39281120,2019-05-26,2
20206249,35299180,2019-05-26,2
20340313,45607503,2019-05-26,2
20146735,34350663,2019-05-26,2
20104679,6808092,2019-05-26,2
20223413,37615853,2019-05-26,2
20269081,2486035,2019-05-25,2
24764215,35626311,2019-05-25,2
28040831,46359955,2019-05-25,2
20294141,46365911,2019-05-25,2
20393373,6929031,2019-05-25,2
20224967,31980330,2019-05-25,2
20152951,36882136,2019-05-25,2
20283627,41738929,2019-05-25,2
20224068,49883057,2019-05-26,2
20261966,46074910,2019-05-26,2
20243321,40482937,2019-05-26,2
20159293,48593309,2019-05-26,2
20379275,40116856,2019-05-26,2
20120921,42733592,2019-05-26,2
20251987,26704709,2019-05-26,2
20262655,26708809,2019-05-26,2
20308505,1176088,2019-05-26,2
20097441,48726813,2019-05-26,2
20380605,37504935,2019-05-26,2
20161743,35606228,2019-05-26,2
20111441,47833311,2019-05-26,2
20190821,47194102,2019-05-26,2
20169541,44307125,2019-05-26,2
20344219,3441113,2019-05-25,2
20107997,40439223,2019-05-26,2
20175017,7132298,2019-05-26,2
20214271,852447,2019-05-26,2
10335899,6504505,2019-05-26,2
20098757,50314220,2019-05-26,2
20302219,32062119,2019-05-26,2
20218247,47174147,2019-05-25,2
20363903,4409952,2019-05-25,2
20402053,34411161,2019-05-26,2
20246401,31737175,2019-05-26,2
20136011,35564684,2019-05-25,2
20408507,33781209,2019-05-25,2
20204639,4422987,2019-05-26,2
19168709,32249138,2019-05-26,2
20023591,3990649,2019-05-26,2
19157467,34711294,2019-05-25,2
19222400,46163190,2019-05-26,2
19183703,32320768,2019-05-26,2
19137769,34003697,2019-05-26,2
19996921,40262065,2019-05-26,2
19836663,5900501,2019-05-26,2
19783855,33048440,2019-05-25,2
11582347,44747259,2019-05-25,2
20016871,47065767,2019-05-25,2
19945429,46439171,2019-05-25,5
19821893,3632762,2019-05-25,2
20999881,33028823,2019-05-25,2
19217597,37867230,2019-05-25,2
19775525,1265577,2019-05-25,3
20055427,2300814,2019-05-27,2
30157799,50791287,2019-05-27,2
20048035,1069698,2019-05-27,2
9691227,45516816,2019-05-27,2
19839673,34932435,2019-05-27,2
19786179,36290509,2019-05-25,2
19987807,34277937,2019-05-25,2
19988563,41475123,2019-05-25,3
19240585,32890335,2019-05-25,5
19865363,6517578,2019-05-25,3
26424173,38827604,2019-05-25,2
19870083,36807974,2019-05-25,2
19508895,35350408,2019-05-25,3
19901385,3307931,2019-05-25,2
19220411,6738092,2019-05-25,2
29508031,50771273,2019-05-25,2
20029247,2746597,2019-05-25,2
20000911,40569017,2019-05-25,3
20054251,32661392,2019-05-25,2
19774461,46731621,2019-05-25,2
19926319,6875439,2019-05-25,2
19869269,48625163,2019-05-25,2
19806997,44267385,2019-05-25,2
19188001,37339003,2019-05-25,2
19777695,44280130,2019-05-25,2
847903,42350184,2019-05-25,2
19176619,47194204,2019-05-25,2
20005895,35134963,2019-05-25,2
21380669,44752381,2019-05-25,3
24068919,32618179,2019-05-25,2
34281331,44593454,2019-05-25,3
19860673,34902769,2019-05-25,2
20070449,4213740,2019-05-25,2
19944057,4130297,2019-05-25,3
19970741,133152,2019-05-25,2
20081229,5905866,2019-05-25,2
19931345,41988542,2019-05-25,2
19213775,2798714,2019-05-25,3
19217653,31928924,2019-05-25,2
20020623,203425,2019-05-25,2
9214107,34830604,2019-05-25,2
19243880,31069285,2019-05-25,2
19198109,31676517,2019-05-25,3
20491443,42607183,2019-05-25,2
19800879,31264052,2019-05-25,2
19848479,34613689,2019-05-25,3
19853799,50237066,2019-05-25,2
19950553,4596800,2019-05-25,2
19159805,39960318,2019-05-25,2
19888351,33682073,2019-05-25,2
19213061,44743958,2019-05-25,3
20041553,41766333,2019-05-25,2
19923869,39102491,2019-05-25,2
19928615,3324046,2019-05-25,2
19944519,51063486,2019-05-25,2
20041245,40386745,2019-05-25,2
19800361,36389349,2019-05-25,2
19931205,34983348,2019-05-25,2
27796601,43191280,2019-05-25,2
9162636,6869758,2019-05-25,2
20068237,32400069,2019-05-25,3
19231616,34025291,2019-05-25,2
19174833,42033035,2019-05-25,3
19837727,47055732,2019-05-25,2
19174071,4268931,2019-05-25,2
19153113,6243149,2019-05-25,2
19866735,2674663,2019-05-25,2
19705329,49432309,2019-05-25,2
19974115,31176648,2019-05-25,2
19868975,48974607,2019-05-25,2
19574821,6929580,2019-05-25,2
19773654,6728937,2019-05-25,2
19862353,33405769,2019-05-25,2
20061867,33123223,2019-05-25,2
44043839,34454486,2019-05-25,2
24257681,37758605,2019-05-25,2
19862185,45641351,2019-05-25,2
19240473,907678,2019-05-25,2
19769309,50907412,2019-05-25,2
19145119,1836835,2019-05-25,2
34234795,44245518,2019-05-25,2
20075237,41491265,2019-05-25,2
19398281,35609212,2019-05-25,2
19864187,3422160,2019-05-25,2
399651,48807180,2019-05-25,2
399651,46719117,2019-05-25,2
19932017,750751,2019-05-25,2
19826121,33924155,2019-05-25,2
19218493,4801721,2019-05-25,2
19846827,3416524,2019-05-25,2
20023157,49002962,2019-05-24,2
19996235,4664730,2019-05-24,4
19774881,50602161,2019-05-25,2
19507047,48382418,2019-05-25,2
19775357,44130998,2019-05-25,2
19802923,38074292,2019-05-24,2
19169661,1766073,2019-05-24,2
19861233,4079450,2019-05-25,2
20001695,34327866,2019-05-25,2
19224513,2035914,2019-05-25,2
19882163,31109176,2019-05-25,2
19991587,46332009,2019-05-25,2
19178451,7001588,2019-05-25,2
19800445,41707312,2019-05-25,3
19858223,47498750,2019-05-25,2
19167505,39050110,2019-05-25,2
19191823,35052140,2019-05-25,2
20063631,458139,2019-05-25,2
19926949,5218023,2019-05-25,2
19917135,6091612,2019-05-25,2
19789259,2874267,2019-05-24,2
19818724,49390,2019-05-24,2
19794985,3248542,2019-05-24,2
19137699,40276058,2019-05-24,2
19934299,37815211,2019-05-24,2
19354013,49541237,2019-05-24,2
19198329,46355979,2019-05-25,2
19191991,34794454,2019-05-25,2
24521105,35265986,2019-05-25,2
19846029,3621515,2019-05-25,2
20080440,47552341,2019-05-24,2
19789083,42127042,2019-05-24,2
19817350,46677505,2019-05-24,2
20062119,32233303,2019-05-25,2
19935769,32427984,2019-05-25,2
19806563,44609226,2019-05-25,2
19878929,3556448,2019-05-25,2
11560913,37882561,2019-05-25,2
11770647,46743111,2019-05-24,3
19219907,50362736,2019-05-24,2
19231219,48268565,2019-05-25,2
19814739,1005708,2019-05-25,2
19220999,4916074,2019-05-25,2
21267687,1294667,2019-05-25,2
19790071,35496096,2019-05-25,2
19507341,35136514,2019-05-24,3
19834997,3242034,2019-05-24,4
19242279,40276009,2019-05-24,2
19976411,38268876,2019-05-24,2
19146183,36778021,2019-05-24,2
19787825,36504486,2019-05-24,2
42343951,31302728,2019-05-24,3
19160477,31843261,2019-05-24,2
20012139,39452368,2019-05-24,2
19909673,6613955,2019-05-24,2
19771941,46559159,2019-05-24,2
19791905,40102355,2019-05-24,2
19859833,3233454,2019-05-24,2
32526837,42025920,2019-05-24,2
19943525,41059334,2019-05-24,2
19229903,40212348,2019-05-24,2
19792339,39476229,2019-05-24,3
19933483,48670484,2019-05-24,2
19173399,7064355,2019-05-24,2
19794971,44428649,2019-05-24,2
19235223,43340325,2019-05-24,2
19831049,36197193,2019-05-24,2
19892201,32770609,2019-05-24,2
19816482,37375073,2019-05-24,2
19965225,34721760,2019-05-24,2
19985021,35643602,2019-05-24,2
19186629,33115143,2019-05-25,2
19831539,2187270,2019-05-25,3
19791275,35040806,2019-05-25,2
19972673,49410819,2019-05-25,2
20036891,1263681,2019-05-25,3
19188155,43524799,2019-05-24,2
20001317,40556702,2019-05-24,3
19878803,4423720,2019-05-24,2
19208455,40930766,2019-05-24,2
19800501,42401881,2019-05-24,2
19164075,7085824,2019-05-24,2
19926879,45279800,2019-05-24,2
21254597,48107450,2019-05-24,2
19153155,34867018,2019-05-24,2
19988703,50602110,2019-05-24,2
20082293,47613230,2019-05-24,2
19841969,6742946,2019-05-24,2
19206047,46929149,2019-05-24,2
19786515,46517593,2019-05-24,2
20066375,4641943,2019-05-24,2
19780803,7114883,2019-05-24,3
19885537,34390175,2019-05-24,2
1031779,31646764,2019-05-24,2
19140639,46296879,2019-05-24,2
29065127,47985508,2019-05-24,2
20016129,47841013,2019-05-24,2
20072196,34225128,2019-05-24,2
19443123,36404427,2019-05-24,2
19646711,42739787,2019-05-24,2
19154803,48923367,2019-05-24,2
19194091,31111291,2019-05-24,2
19832659,46474530,2019-05-24,2
19225409,48585555,2019-05-24,2
19994121,6931011,2019-05-24,2
20030129,36939295,2019-05-24,2
19985385,4387506,2019-05-24,2
19922805,47454087,2019-05-24,2
20020385,47864493,2019-05-24,2
20040405,48136295,2019-05-24,2
19169381,32238575,2019-05-24,2
20014463,7143357,2019-05-24,2
19176857,39917131,2019-05-24,2
19178131,4360318,2019-05-23,3
20061349,50787927,2019-05-23,2
19945751,46262271,2019-05-23,2
19960255,39759816,2019-05-23,2
19809274,32770999,2019-05-23,2
20010347,2270203,2019-05-23,2
19243063,1791459,2019-05-23,2
20006262,40214471,2019-05-23,2
19957395,35058279,2019-05-23,3
19836338,47391434,2019-05-23,2
19949769,48727175,2019-05-23,2
19809937,43810820,2019-05-23,2
19994975,532337,2019-05-23,2
19983663,34492135,2019-05-23,2
19867340,33700324,2019-05-23,2
20066193,43427642,2019-05-23,2
19240491,35049437,2019-05-23,2
20080095,33672016,2019-05-23,2
19913747,47135449,2019-05-23,2
19488287,46313443,2019-05-23,2
19142109,44073613,2019-05-23,3
19311691,41655244,2019-05-23,4
19883983,41743155,2019-05-23,2
20031067,38808950,2019-05-23,2
19877277,41188619,2019-05-23,2
19924485,46626234,2019-05-23,2
19218549,31883860,2019-05-23,2
9048641,31846030,2019-05-23,2
19721457,40990175,2019-05-23,2
19893573,50831415,2019-05-23,2
19829873,34151683,2019-05-23,2
20077505,31336495,2019-05-23,2
20056925,31985267,2019-05-23,3
19808789,33005739,2019-05-23,2
19794453,32921034,2019-05-23,2
20042309,33056893,2019-05-23,2
19788489,45309581,2019-05-23,2
19164859,46825476,2019-05-23,2
19934033,41476201,2019-05-23,2
20046649,39861831,2019-05-23,2
19856165,2499855,2019-05-23,2
20062609,50127171,2019-05-23,2
19771395,43785106,2019-05-23,2
19905991,34935329,2019-05-23,2
34007519,35634050,2019-05-23,3
19780229,38076405,2019-05-22,2
19215427,34920280,2019-05-22,2
19823531,34340471,2019-05-23,2
19969411,35025467,2019-05-22,2
19805905,34722492,2019-05-22,2
19832687,47429447,2019-05-22,2
19210709,33025526,2019-05-23,2
19507957,31715968,2019-05-22,2
19844615,46082400,2019-05-22,2
11867625,42337134,2019-05-22,3
20041455,2724423,2019-05-22,2
19211661,46733464,2019-05-22,2
19159035,31364140,2019-05-22,2
19777037,36455703,2019-05-22,3
19919179,35025467,2019-05-22,2
19913831,32431282,2019-05-22,2
19896793,50238906,2019-05-22,2
19167309,3675590,2019-05-22,2
19964609,46310187,2019-05-22,2
20028113,40276011,2019-05-22,2
11925753,44470055,2019-05-22,2
19944113,39283134,2019-05-22,2
19206500,39923692,2019-05-22,2
20046565,6306498,2019-05-22,2
19192187,46390964,2019-05-22,2
19504765,38585572,2019-05-22,2
19784975,37177100,2019-05-22,2
26076863,7055203,2019-05-22,2
19811309,43140680,2019-05-22,2
19853715,49242458,2019-05-22,4
19238835,35052140,2019-05-22,2
19238821,2569881,2019-05-22,2
19172251,46231998,2019-05-22,2
19357667,40193603,2019-05-22,2
19828109,33739394,2019-05-22,2
19186475,44308496,2019-05-22,2
19959130,42588308,2019-05-23,2
19858629,48890182,2019-05-22,2
19926445,46422004,2019-05-21,2
19879867,7026807,2019-05-21,2
19919445,6253685,2019-05-22,2
19987849,37227248,2019-05-21,2
19817231,31509335,2019-05-22,2
19507369,46974524,2019-05-21,2
19179797,4420237,2019-05-21,2
19943175,40737673,2019-05-21,2
18481533,46358047,2019-05-21,2
18849103,50048263,2019-05-21,2
34789517,42622381,2019-05-21,2
18185895,2486129,2019-05-21,2
18028381,48236298,2019-05-21,2
18865119,47095967,2019-05-21,2
17914715,49723395,2019-05-21,2
18359705,36530016,2019-05-21,2
18172665,31110470,2019-05-21,2
18957659,47105263,2019-05-21,2
7917189,376188,2019-05-21,2
18098966,43886259,2019-05-21,2
18154446,50602161,2019-05-21,2
18385381,44601821,2019-05-21,2
17986577,36430678,2019-05-21,2
18204417,38592971,2019-05-21,2
18060091,50390398,2019-05-21,2
18868404,42516004,2019-05-21,2
28423787,33862280,2019-05-21,2
18866810,46121305,2019-05-21,2
18249203,6710389,2019-05-21,3
18444741,38272116,2019-05-21,2
18941965,3966224,2019-05-21,2
18031069,1008343,2019-05-21,2
18067035,48624638,2019-05-21,2
18240341,49630862,2019-05-21,2
19122677,36915109,2019-05-21,2
17988313,42040674,2019-05-21,4
18481897,43504312,2019-05-21,2
18525487,32781889,2019-05-21,2
18459581,41949712,2019-05-21,2
17981579,40142853,2019-05-21,2
18468849,34616689,2019-05-21,2
32844707,33875955,2019-05-21,2
18190627,35374645,2019-05-21,2
18049059,35881998,2019-05-21,3
21150731,44141242,2019-05-21,3
18380509,39463058,2019-05-21,2
18872217,36501702,2019-05-21,2
9930187,6916354,2019-05-21,2
7917189,40154255,2019-05-21,2
18454023,6115327,2019-05-21,2
18615359,45665815,2019-05-21,2
18078291,41792068,2019-05-20,2
28483964,587003,2019-05-20,2
18603053,43330121,2019-05-21,2
18990307,47952312,2019-05-20,2
18359873,46480715,2019-05-20,3
18197977,38901297,2019-05-21,2
19076729,6257395,2019-05-20,4
18216163,5974680,2019-05-20,2
18393767,41719989,2019-05-20,2
17952123,31743165,2019-05-20,2
26771745,46243734,2019-05-20,2
17935505,6026906,2019-05-20,3
18629387,46682196,2019-05-20,2
28272657,5215212,2019-05-20,3
18732077,46236076,2019-05-20,3
10162299,46133650,2019-05-20,4
17901919,49835133,2019-05-20,2
17967817,43694476,2019-05-20,2
18206377,36320290,2019-05-20,2
17949647,34145308,2019-05-20,2
18064319,41731834,2019-05-20,2
18029725,38960824,2019-05-20,2
18210073,48094081,2019-05-20,3
18551757,46774018,2019-05-20,2
18636201,45998224,2019-05-20,2
17992695,47880260,2019-05-20,2
19064339,32427826,2019-05-20,2
18796267,44596750,2019-05-20,2
18949945,49522260,2019-05-20,2
19064633,26436809,2019-05-20,2
17974887,45195597,2019-05-20,4
18891257,40430638,2019-05-20,2
19047427,46662566,2019-05-20,3
18910633,35637346,2019-05-20,2
18251877,34586755,2019-05-20,2
18370051,34473673,2019-05-20,2
18511283,3220658,2019-05-20,2
18711231,47048217,2019-05-20,2
103383,35495989,2019-05-20,3
24534288,37635505,2019-05-20,2
20531735,41764618,2019-05-20,2
18217591,37357029,2019-05-20,2
18017671,34893683,2019-05-20,2
19114809,36977972,2019-05-20,2
18512445,32151680,2019-05-20,2
18816483,40818900,2019-05-20,2
4729501,930659,2019-05-20,2
19038816,46906330,2019-06-04,2
18016818,31632819,2019-06-04,2
18641497,38844979,2019-06-04,2
17910459,3598515,2019-06-04,2
10810051,36370973,2019-06-04,2
18014689,34586753,2019-06-04,3
18724573,49145477,2019-06-04,2
18894057,34321811,2019-06-04,3
18302627,46234725,2019-06-04,2
17908429,47899903,2019-06-04,2
18648511,3032076,2019-06-04,2
18406899,38332270,2019-06-04,2
19041393,37236089,2019-06-04,2
17914995,36837940,2019-06-04,3
18118709,47325693,2019-06-04,2
18377765,37567190,2019-06-04,2
18090527,2948024,2019-06-04,2
18937205,42660571,2019-06-04,2
18439169,6743517,2019-06-04,3
18331285,31298844,2019-06-04,2
239057,50416733,2019-06-04,2
18081595,48229322,2019-06-04,2
17997147,39833031,2019-06-04,2
17919531,31299289,2019-06-04,2
18362057,43474411,2019-06-04,2
18656099,32607715,2019-06-04,2
19056009,6637286,2019-06-04,2
19054483,2772320,2019-06-04,2
18259437,5974359,2019-06-04,2
18071851,48603140,2019-06-04,2
18055695,38436759,2019-06-04,2
18423251,34611945,2019-06-04,2
18565099,40774716,2019-06-04,2
18165077,4460765,2019-06-04,2
18657569,42791747,2019-06-04,2
18423679,2988417,2019-06-04,2
17925341,35566644,2019-06-04,2
18998539,37314194,2019-06-04,2
18207497,36175960,2019-06-04,2
18755158,40260795,2019-06-04,2
18081077,48122220,2019-06-03,2
18057949,1069992,2019-06-04,2
9666069,31790362,2019-06-03,2
18919845,35328559,2019-06-04,2
11796211,48247480,2019-06-03,2
18663337,1128595,2019-06-03,2
18241909,7075832,2019-06-03,2
18479629,38473211,2019-06-03,3
18627847,32853556,2019-06-03,2
18128607,35883590,2019-06-03,2
18640545,33860240,2019-06-03,2
9452415,49951600,2019-06-03,2
17933727,32554695,2019-06-03,5
18216513,36769204,2019-06-03,2
18144105,38812247,2019-06-03,2
18608625,46313537,2019-06-03,2
18280367,49541221,2019-06-03,2
18366901,4317099,2019-06-03,2
18486601,42485802,2019-06-03,2
25563964,48726808,2019-06-03,2
18704861,31375665,2019-06-03,2
18486601,46081993,2019-06-03,2
18335499,45514079,2019-06-03,2
10301137,33991017,2019-06-03,3
9988041,43863929,2019-06-03,2
18953949,36875694,2019-06-03,5
18766390,48411284,2019-06-03,2
19060265,39543957,2019-06-03,3
18102147,6019667,2019-06-03,2
18585049,6896478,2019-06-03,2
18649449,50255943,2019-06-03,2
18745056,50602114,2019-06-03,2
17919671,42033035,2019-06-03,2
18576915,678016,2019-06-03,2
18188569,47767451,2019-06-03,2
18191663,40985290,2019-06-03,2
18120039,44296990,2019-06-03,2
10579457,31150014,2019-06-03,2
18907539,48018407,2019-06-03,2
18631333,45351135,2019-06-03,2
18425211,35671010,2019-06-03,2
11813993,47050963,2019-06-03,2
18718497,34876320,2019-06-03,2
18150475,46278489,2019-06-03,2
19075203,37309888,2019-06-03,2
18029389,47103595,2019-06-03,2
18630899,2344553,2019-06-03,2
18164601,46191008,2019-06-03,2
18592511,31237293,2019-06-03,2
18488465,38808950,2019-06-03,2
18568025,31672169,2019-06-03,2
19070779,6038683,2019-06-03,2
18983223,3814128,2019-06-03,2
18870929,44069191,2019-06-02,2
18896381,43817212,2019-06-02,2
19122719,35140433,2019-06-02,2
18380033,44701714,2019-06-02,2
18059928,39349205,2019-06-02,2
18270259,33218001,2019-06-02,3
18968243,11266059,2019-06-03,2
18305505,47084913,2019-06-03,2
19056849,82237,2019-06-03,2
18150125,39543924,2019-06-02,2
18657691,31991518,2019-06-02,2
18291805,51149408,2019-06-03,2
18280899,41220766,2019-06-03,3
18208729,3864282,2019-06-02,2
18883235,4408257,2019-06-02,2
17967607,38900210,2019-06-02,3
18223429,36845779,2019-06-02,2
17893785,2364978,2019-06-02,2
18973241,44132051,2019-06-02,2
18239361,48478178,2019-06-02,2
12147583,41718736,2019-06-02,2
19005032,44818576,2019-06-02,2
17893723,39845663,2019-06-02,2
18605251,38860047,2019-06-02,2
18677841,42649726,2019-06-02,2
17900309,38273186,2019-06-02,2
36028643,1070086,2019-06-02,3
18946613,38456146,2019-06-02,2
18447079,34340471,2019-06-02,2
19056429,51969961,2019-06-02,2
18229939,33687656,2019-06-02,2
18330865,46361416,2019-06-02,2
18828733,50729159,2019-06-02,2
18447681,40380252,2019-06-02,2
19006393,51607028,2019-06-02,2
18928273,47177748,2019-06-02,2
18680445,51907700,2019-06-02,2
18075631,33341981,2019-06-02,2
18207847,32960004,2019-06-02,2
18862137,37726589,2019-06-02,2
18114621,32061546,2019-06-02,3
18618397,46469415,2019-06-02,2
18446729,33911247,2019-06-02,4
19078395,32180568,2019-06-02,2
18646789,32528925,2019-06-02,2
8612275,48003173,2019-06-02,2
18609185,46808747,2019-06-02,2
18399871,36517561,2019-06-02,2
18587681,4133784,2019-06-02,2
17921421,32232714,2019-06-02,2
18088357,2277201,2019-06-02,3
18849355,33371240,2019-06-02,2
18947271,41953821,2019-06-02,2
19105205,31114328,2019-06-02,2
18552779,1069992,2019-06-02,2
18717867,34473666,2019-06-02,2
18552891,38034837,2019-06-02,2
18611977,42749169,2019-06-02,2
19034435,51001390,2019-06-02,2
18831687,31265019,2019-06-02,2
18623073,12002709,2019-06-02,2
17892749,34089553,2019-06-02,2
18972457,35246911,2019-06-02,2
18017965,37519868,2019-06-02,2
18182703,34298498,2019-06-02,2
17956910,40173709,2019-06-02,2
18933257,33844513,2019-06-02,2
18274837,47636094,2019-06-03,2
19102713,3254677,2019-06-01,2
18814383,48874232,2019-06-01,2
11322801,38456961,2019-06-01,2
18900231,36197120,2019-06-01,2
18635561,48318213,2019-06-01,2
18370247,4102435,2019-06-01,2
18070451,31568979,2019-06-01,2
18620049,50040787,2019-06-01,2
18234895,48704629,2019-06-01,2
19034197,37180734,2019-06-01,2
18509141,31076815,2019-06-03,2
18926985,44867178,2019-06-01,2
18805269,232387,2019-06-01,2
18388503,48001390,2019-06-01,4
18648819,46616286,2019-06-01,2
18230541,48203998,2019-06-01,2
18592875,51460312,2019-06-01,3
18596749,39925077,2019-06-01,2
18112115,42329290,2019-06-01,2
18368371,35406479,2019-06-01,3
19047819,49760556,2019-06-01,2
18335583,46164951,2019-06-01,4
17944997,48726566,2019-06-01,2
18721619,31545827,2019-06-01,2
19068945,49073374,2019-06-01,2
10917431,39042548,2019-06-01,2
18781861,47046678,2019-06-01,2
18326959,6118101,2019-06-01,2
35735567,47855982,2019-06-01,2
19092395,32658132,2019-06-01,2
18476003,4631019,2019-06-01,2
18577713,42588454,2019-06-01,2
19103763,31267715,2019-06-01,2
18420927,46005698,2019-06-01,2
17892875,25952259,2019-06-01,2
18935567,32138504,2019-06-01,2
18628897,49193105,2019-05-31,2
18339027,49857113,2019-05-31,2
18929379,46294947,2019-05-31,2
18199825,42393188,2019-05-31,2
17926027,1232628,2019-05-31,2
18158707,45718368,2019-05-31,2
11921749,46284024,2019-05-31,2
18721101,32569832,2019-05-31,2
18569495,32909581,2019-05-30,2
18281879,2299661,2019-05-30,3
18236309,32356499,2019-05-30,3
18049759,4390207,2019-05-30,2
18439519,32867607,2019-05-30,2
836870,5905866,2019-05-31,2
18685582,49858997,2019-05-30,2
9218909,39595541,2019-05-30,2
18136727,51401400,2019-05-31,2
17945137,51743517,2019-05-31,2
18846541,37771344,2019-05-30,2
18432211,6057175,2019-05-30,2
17974033,3900675,2019-05-30,3
9646203,32279756,2019-05-30,2
18439421,50036331,2019-05-30,4
18199951,51168797,2019-05-30,2
28291557,36496772,2019-05-30,2
18585175,43524799,2019-05-30,2
18985435,42590093,2019-05-30,2
18029697,38512397,2019-05-30,2
27171025,39917227,2019-05-30,2
19062757,47103092,2019-05-30,2
18319273,33056893,2019-05-30,2
18455493,2584219,2019-05-30,2
18468135,6806240,2019-05-30,2
19031355,46302326,2019-05-30,2
18213377,42578235,2019-05-30,2
18195401,40276010,2019-05-30,2
11454401,43183237,2019-06-01,2
17895941,44487276,2019-05-30,2
18673221,32371882,2019-05-30,2
17979577,43248747,2019-05-30,2
11454401,33338385,2019-05-29,2
18017377,35410929,2019-05-29,2
18287171,40266552,2019-05-29,2
18621491,46719095,2019-05-29,2
10087357,34732173,2019-05-29,2
22201459,31586482,2019-05-30,2
19030977,39600782,2019-05-29,3
18238997,44131009,2019-05-29,2
18492467,35475139,2019-05-29,2
18992799,40145813,2019-05-29,2
10536841,39329222,2019-05-29,2
19134367,47765303,2019-05-29,2
18586431,43483559,2019-05-29,2
4328569,36825006,2019-05-29,2
18465334,35037323,2019-05-29,3
18987157,47163422,2019-05-29,2
18203633,46364481,2019-05-29,2
18959367,42792315,2019-05-29,2
18713704,2678480,2019-05-29,2
18002243,4921601,2019-05-29,2
18011931,51874417,2019-05-29,2
44031701,5473868,2019-05-29,2
18625901,47864477,2019-05-29,2
17909479,49536891,2019-05-29,2
18676441,43849468,2019-05-29,2
18517205,4355877,2019-05-29,2
18457789,31614926,2019-05-29,2
18908197,41263503,2019-05-29,2
17984757,35243753,2019-05-29,3
18289447,36485426,2019-05-29,2
18963049,985508,2019-05-29,2
18439085,46190987,2019-05-29,2
18841081,5777155,2019-05-29,2
10610537,34638897,2019-05-29,2
18015431,40737063,2019-05-29,2
18565071,2300681,2019-05-29,2
18330137,4346749,2019-05-29,2
18964673,46940640,2019-05-29,2
18299855,43885627,2019-05-29,2
18406157,47342392,2019-05-29,3
1107113,44609221,2019-05-29,2
18372179,42403618,2019-05-29,3
18820585,33623645,2019-05-29,2
26878901,42721467,2019-05-29,2
18534479,46725569,2019-05-29,2
17993073,51423823,2019-05-29,2
18396959,42165365,2019-05-29,2
18391555,33455748,2019-05-29,2
18787713,4315650,2019-05-29,2
18578427,35461533,2019-05-29,2
17976245,35460315,2019-05-28,2
18599161,34535400,2019-05-29,2
18644507,50602115,2019-05-28,2
18315479,5889245,2019-05-28,2
18019883,46121123,2019-05-28,2
17939733,46344167,2019-05-28,2
561561,48018578,2019-05-28,3
18000157,3872504,2019-05-28,2
9859983,44748008,2019-05-28,2
18258275,48755681,2019-05-28,2
18254985,50165041,2019-05-28,2
18538695,49268978,2019-05-28,2
17940629,315860,2019-05-28,3
36032829,36554155,2019-05-28,2
18436467,6652485,2019-05-28,2
18694375,393457,2019-05-28,2
18021731,27130109,2019-05-28,2
11264743,6426693,2019-05-28,2
18426527,50843111,2019-05-28,2
17923325,31516269,2019-05-28,6
17991687,36695826,2019-05-28,2
18477291,4021740,2019-05-28,2
17914015,48286360,2019-05-28,2
17985519,32000405,2019-05-28,2
18538695,47646559,2019-05-28,2
18009761,2813914,2019-05-28,2
18172623,33732176,2019-05-28,2
18721661,6512800,2019-05-28,2
32166589,537005,2019-05-28,2
19118883,46300683,2019-05-28,2
18928973,33110214,2019-05-28,2
18815475,50590047,2019-05-28,2
18797065,3952085,2019-05-28,2
18266803,47169902,2019-05-28,2
18500825,36712333,2019-05-28,2
18665675,47139588,2019-05-28,2
17986339,44260580,2019-05-28,2
18435249,45563329,2019-05-28,2
18112997,42254522,2019-05-28,3
18145757,46898149,2019-05-28,2
17985233,1179941,2019-05-28,2
18381895,48030708,2019-05-28,2
18505395,46726424,2019-05-28,3
18922169,34927001,2019-05-28,2
18451237,2901277,2019-05-28,4
18488617,33284025,2019-05-28,2
19072011,48227217,2019-05-28,3
10087357,35104525,2019-05-28,2
19087593,76427,2019-05-28,2
11131211,50462278,2019-05-28,7
1067899,46828122,2019-05-28,2
18596417,35009451,2019-05-28,2
19018657,49999204,2019-05-28,2
18245227,35350402,2019-05-28,2
19078703,34192458,2019-05-28,2
18360923,37473438,2019-05-28,2
18898747,51610235,2019-05-28,2
18824533,31279190,2019-05-28,2
18483787,49650707,2019-05-28,2
17931221,22733209,2019-05-28,2
18316879,40255636,2019-05-28,4
18037635,40727695,2019-05-28,2
18725511,40767773,2019-05-28,2
18686941,31144648,2019-05-28,3
18968061,35770865,2019-05-28,3
18518815,37376556,2019-05-28,4
18418771,31715286,2019-05-28,2
18725161,36824687,2019-05-28,2
18803855,4694599,2019-05-28,2
19069939,1764247,2019-05-28,2
18856859,39142909,2019-05-28,2
18344067,45586628,2019-05-28,2
18449711,44452450,2019-05-28,2
18830287,32430122,2019-05-28,3
18870257,37129760,2019-05-28,2
10741409,1008509,2019-05-28,2
18581409,51278467,2019-05-28,2
18766815,36684101,2019-05-28,2
18982985,46456155,2019-05-28,2
17992065,4440630,2019-05-28,2
18790345,76351,2019-05-28,2
18038069,1069137,2019-05-28,4
10489227,45284226,2019-05-28,2
25924885,31977381,2019-05-28,2
18148697,32615903,2019-05-28,2
19107487,35524580,2019-05-28,2
18350269,32092144,2019-05-28,2
18877845,49269012,2019-05-28,2
17946285,3260846,2019-05-28,2
18737999,46130148,2019-05-28,2
18165259,51468923,2019-05-28,2
18037845,37545401,2019-05-28,2
8506421,41505142,2019-05-28,2
17905937,5795646,2019-05-28,2
10575719,50149418,2019-05-28,2
18279471,894345,2019-05-28,2
20490561,39430438,2019-05-28,2
18902849,31245130,2019-05-28,3
18220097,326928,2019-05-28,2
18333091,43859842,2019-05-28,2
18297643,45625692,2019-05-28,2
21565929,42520536,2019-05-28,2
21339661,43357211,2019-05-28,2
10575719,35168764,2019-05-28,2
18378591,44395831,2019-05-28,2
18750613,42339440,2019-05-28,2
18140913,44450652,2019-05-28,2
18050431,31276737,2019-05-27,2
18224423,1008721,2019-05-27,2
18773153,4626738,2019-05-27,2
18439071,38933944,2019-05-28,2
18818555,32203623,2019-05-27,2
21700441,38765320,2019-05-27,4
18778109,4701704,2019-05-27,2
18976825,40275989,2019-05-27,2
17909829,34731934,2019-05-27,2
18423293,50416441,2019-05-27,2
18783457,31163492,2019-05-27,2
18055387,44706660,2019-05-27,2
18086215,36255634,2019-05-27,2
18180771,46081993,2019-05-27,2
18393375,4023192,2019-05-27,2
18373635,42481347,2019-05-27,4
18761561,38516796,2019-05-27,2
17985527,36353709,2019-05-27,2
18858931,46457930,2019-05-27,2
10184923,34867017,2019-05-27,2
19136005,42647310,2019-05-27,2
18126927,425977,2019-05-27,5
19026595,31875710,2019-05-27,2
18492859,42660836,2019-05-27,2
18436313,31511815,2019-05-27,3
19080663,35133523,2019-05-27,2
18504269,4399948,2019-05-27,2
19089455,31317434,2019-05-27,2
17977967,45347782,2019-05-27,2
18194393,44743862,2019-05-27,2
25259381,6015018,2019-05-27,2
17996517,36597197,2019-05-27,3
18207231,7046157,2019-05-27,2
18568472,47939238,2019-05-27,2
18180155,4188480,2019-05-27,2
11188835,51325951,2019-05-27,2
18523659,33013733,2019-05-28,2
17913371,46223675,2019-05-27,2
20607545,241219,2019-05-27,2
19009977,1008436,2019-05-27,2
18456450,6643758,2019-05-27,2
18880617,31255558,2019-05-27,3
18297881,48082674,2019-05-27,2
18338299,5776424,2019-05-27,2
18513397,33940902,2019-05-27,2
18374573,40193104,2019-05-27,2
18025497,34837980,2019-05-27,3
18531653,32939908,2019-05-27,3
18169459,46386350,2019-05-27,3
18152365,48267589,2019-05-27,2
18682489,4573153,2019-05-27,2
18571637,43826259,2019-05-27,2
18106697,49885050,2019-05-27,2
18089561,31361747,2019-05-27,2
18714493,46708311,2019-05-27,2
19067895,46880604,2019-05-27,2
17979143,5793741,2019-05-27,2
18334561,45637529,2019-05-27,2
18053287,36945786,2019-05-27,3
18238857,47883087,2019-05-27,3
17906427,33419936,2019-05-27,2
19112807,7025014,2019-05-27,3
9484503,41866251,2019-05-27,2
17922625,50953454,2019-05-27,2
11563839,4056391,2019-05-27,3
18911445,31980330,2019-05-27,2
836870,1836835,2019-05-27,2
18632285,50927625,2019-05-27,2
21638967,2046827,2019-05-27,2
18832177,44745569,2019-05-27,2
18711496,39463364,2019-05-27,2
18474827,45523242,2019-05-27,2
18331915,32900005,2019-05-27,2
10582775,82080,2019-05-27,2
18428319,32065508,2019-05-27,2
18561207,7064354,2019-05-27,2
18536119,42356322,2019-05-27,2
18664989,36899802,2019-05-27,2
18914721,6303673,2019-05-27,3
18144013,774521,2019-05-27,2
18742591,31338939,2019-05-27,2
18674817,33936236,2019-05-27,2
18471341,36708920,2019-05-27,2
18080377,1235895,2019-05-27,2
18110491,37574690,2019-05-27,2
18327370,40963842,2019-05-27,2
18435375,43510983,2019-05-27,2
18868615,37635505,2019-05-27,2
18354791,36684101,2019-05-27,2
18516337,38614387,2019-05-27,2
18348065,38319048,2019-05-27,2
18083891,31991517,2019-05-27,2
18580107,32700798,2019-05-27,2
18194197,41518648,2019-05-27,2
19071705,33112581,2019-05-27,2
18233411,39952034,2019-05-27,3
18157013,34977263,2019-05-27,2
17975335,6979402,2019-05-27,4
9879205,34155107,2019-05-27,2
18476017,33934772,2019-05-27,2
18735318,35134963,2019-05-27,2
18774959,43417702,2019-05-27,2
18344011,32350262,2019-05-27,2
19057871,50004527,2019-05-27,2
18129251,38231439,2019-05-27,2
17898937,6302599,2019-05-27,4
18940873,35627786,2019-05-27,2
18717965,39549839,2019-05-26,2
25564679,36908497,2019-05-27,2
18501217,28300109,2019-05-27,2
18101417,39896472,2019-05-27,2
25587877,46365911,2019-05-27,2
18272597,44634074,2019-05-27,2
18386921,45192414,2019-05-27,2
18030411,1008467,2019-05-27,2
20322547,39190806,2019-05-27,2
17973109,50032314,2019-05-27,2
11005379,34913531,2019-05-27,2
17941581,6252301,2019-05-27,2
18938675,41665875,2019-05-27,2
18775365,6855426,2019-05-27,2
18914245,44717484,2019-05-27,2
18778445,3542132,2019-05-27,2
18701977,33511560,2019-05-26,2
18481351,48013738,2019-05-26,2
19080248,50831415,2019-05-27,2
18365697,47589203,2019-05-27,2
18172833,35500340,2019-05-27,2
18420605,36545174,2019-05-27,2
18492425,42671736,2019-05-27,2
10718246,48226853,2019-05-26,2
18536693,32250680,2019-05-26,2
31617594,49762010,2019-05-26,3
17933208,50068359,2019-05-26,2
18035745,46922242,2019-05-27,2
18391709,35908082,2019-05-27,2
18306239,50810962,2019-05-27,2
24645719,44774047,2019-05-27,2
18677001,38299666,2019-05-27,2
18869991,3768486,2019-05-27,2
18138057,4710639,2019-05-26,2
18070535,4780947,2019-05-26,2
17911383,44593454,2019-05-26,2
18295943,43485592,2019-05-26,2
18093999,38487635,2019-05-26,2
17926230,48500662,2019-05-26,2
23863609,35458685,2019-05-26,3
18274669,2584429,2019-05-26,2
18726084,46068625,2019-05-26,2
18040127,32040164,2019-05-26,2
18259531,5218024,2019-05-26,2
18347026,558357,2019-05-26,2
18567619,35891216,2019-05-26,2
18605265,47844857,2019-05-26,2
18039217,32229572,2019-05-26,2
18469003,31269019,2019-05-27,2
19026441,6807899,2019-05-27,2
18152771,43351484,2019-05-27,2
19044907,35564684,2019-05-27,2
18843419,33277797,2019-05-26,2
18400249,32496308,2019-05-26,2
18546661,32054991,2019-05-26,5
18541047,241219,2019-05-26,2
18006750,43786172,2019-05-26,3
19058361,46727487,2019-05-26,2
17945795,46377953,2019-05-26,2
18568515,7149783,2019-05-26,2
18778879,6585316,2019-05-26,3
18450663,6858133,2019-05-26,2
18327407,37106732,2019-05-26,4
18547711,32206823,2019-05-26,2
18847717,35135668,2019-05-26,3
17928113,31702788,2019-05-26,2
18110281,49215734,2019-05-26,2
18305007,35104525,2019-05-26,3
18117674,46654673,2019-05-26,2
18317089,3020986,2019-05-26,3
18669917,39550918,2019-05-26,2
18300919,35104525,2019-05-26,2
18091633,36470840,2019-05-26,2
18289929,31809412,2019-05-26,2
12173399,44706667,2019-05-26,2
18345523,4709411,2019-05-26,2
18264617,35406479,2019-05-26,2
26085773,46870488,2019-05-26,2
18845337,6364510,2019-05-26,2
18036221,42368888,2019-05-26,2
22238951,38910324,2019-05-26,2
18217960,35040806,2019-05-27,2
18944387,39209746,2019-05-27,2
18948760,35144409,2019-05-27,2
19006925,43226997,2019-05-27,2
18357297,34118431,2019-05-27,2
18545513,44053424,2019-05-26,2
19083883,3460840,2019-05-26,2
8212099,50376678,2019-05-26,2
18895905,1008396,2019-05-26,2
18020835,34754180,2019-05-26,2
19126317,33004979,2019-05-26,2
18386711,43859741,2019-05-26,2
17930185,31154851,2019-05-26,2
18879651,410840,2019-05-26,2
18656365,33482494,2019-05-26,2
19119716,35134963,2019-05-26,3
32042255,39411009,2019-05-26,2
18234069,38300463,2019-05-26,2
18329829,40276009,2019-05-26,3
18216513,40737077,2019-05-26,2
18287983,31058980,2019-05-26,2
18828159,6119817,2019-05-26,2
18006065,48261916,2019-05-26,2
42492975,42689453,2019-05-26,2
18597033,32940062,2019-05-26,2
18615807,5047464,2019-05-26,2
18403613,47342559,2019-05-26,2
20236456,37111668,2019-05-26,2
18622723,3191673,2019-05-26,2
19015143,6063281,2019-05-26,2
18827221,40276009,2019-05-26,2
33956867,35779708,2019-05-26,2
11565379,46231163,2019-05-26,2
18448563,571577,2019-05-26,2
18439106,45550817,2019-05-26,4
18860401,33352650,2019-05-26,2
18474169,49125527,2019-05-26,2
18559919,31459411,2019-05-26,3
19020353,47362993,2019-05-26,2
18178951,42717473,2019-05-26,2
18499019,46463339,2019-05-26,2
18830777,47975800,2019-05-26,2
18253529,3891315,2019-05-26,2
18176165,48897353,2019-05-26,2
19086333,2196684,2019-05-26,2
18956469,42510697,2019-05-26,3
18204893,46231347,2019-05-26,2
18546217,5217482,2019-05-26,2
18175367,32938497,2019-05-26,2
18619951,37770372,2019-05-26,2
19058487,39572823,2019-05-26,2
18524191,6911641,2019-05-26,2
18618761,5813737,2019-05-26,2
18961747,4581106,2019-05-26,2
18028493,4488682,2019-05-26,2
18724433,48688801,2019-05-26,2
18619503,47083036,2019-05-26,2
19235223,48833859,2019-05-26,2
18679031,41155340,2019-05-26,2
18857671,44744756,2019-05-26,2
18571259,32798508,2019-05-26,3
26767864,31278787,2019-05-26,2
18400711,2816890,2019-05-26,2
18218473,3708025,2019-05-26,2
18396483,3990553,2019-05-26,2
18071515,37206782,2019-05-26,2
19005735,1200134,2019-05-26,2
18321583,44343992,2019-05-26,2
18597327,6744094,2019-05-26,2
18174653,45364132,2019-05-26,2
17971081,947624,2019-05-26,2
17966165,3282149,2019-05-26,2
18331509,43887301,2019-05-26,2
18232333,44749628,2019-05-26,2
18061715,34739498,2019-05-26,2
18125177,40276082,2019-05-26,2
18016075,3227516,2019-05-26,2
18006597,33053645,2019-05-26,2
18227139,44749703,2019-05-26,2
18398079,49045851,2019-05-26,2
21104433,36398544,2019-05-26,2
18539451,47122520,2019-05-26,2
18285028,47325800,2019-05-26,2
18442302,45603295,2019-05-26,2
18243267,48727839,2019-05-25,2
19002361,6493601,2019-05-26,2
18299351,2813914,2019-05-26,2
18436187,44749109,2019-05-26,2
18097471,40804482,2019-05-26,2
19042513,2843107,2019-05-26,2
18342863,32113259,2019-05-26,2
18802273,44452473,2019-05-26,2
10032533,31061491,2019-05-26,2
18306421,35104521,2019-05-25,2
18044103,40276009,2019-05-26,2
32378325,36479893,2019-05-26,2
18798773,38411109,2019-05-26,2
18185475,46096949,2019-05-26,3
18952129,37833501,2019-05-26,2
18803071,48128434,2019-05-26,2
18296523,46210500,2019-05-25,2
17903403,32871445,2019-05-25,2
18414711,35431695,2019-05-25,2
18128109,49230154,2019-05-25,2
18840549,3574314,2019-05-25,2
18488155,33182197,2019-05-25,2
18778039,45241342,2019-05-26,2
18140003,47094111,2019-05-26,2
18730719,5478593,2019-05-26,2
18778039,48385934,2019-05-26,2
19111519,35351411,2019-05-26,2
18240315,44587569,2019-05-26,2
19000919,40197052,2019-05-26,2
19041267,7035620,2019-05-26,2
18754841,50376729,2019-05-26,2
18817631,38411109,2019-05-26,2
8330721,33673901,2019-05-26,2
18610081,31273959,2019-05-26,2
18091353,34397296,2019-05-26,2
17919685,47021463,2019-05-26,2
12196527,40147865,2019-05-26,2
19089917,42553390,2019-05-26,2
18153751,37567190,2019-05-26,2
18151833,47215304,2019-05-26,2
18569971,40255587,2019-05-26,2
18029501,33642028,2019-05-25,2
18815840,38164002,2019-05-26,2
18103018,31289095,2019-05-25,2
17936737,49114762,2019-05-26,2
18269139,31295048,2019-05-25,2
18753049,48350300,2019-05-26,2
19090001,3429485,2019-05-25,3
18205089,47325754,2019-05-25,2
18948013,774886,2019-05-27,2
18519077,33781223,2019-05-27,2
8419915,7033706,2019-05-25,2
18059293,6033144,2019-05-25,3
18425477,42555395,2019-05-25,2
18322171,1387892,2019-05-25,2
18160079,4376600,2019-05-25,2
18046875,44053055,2019-05-25,2
18769149,6981796,2019-05-25,2
18525885,46739289,2019-05-25,2
19001339,48512482,2019-05-25,2
24684807,32575573,2019-05-25,3
18182838,32613327,2019-05-25,2
21219597,49469695,2019-05-25,2
19091709,4792308,2019-05-25,2
18938199,587539,2019-05-25,3
18447016,38557587,2019-05-25,2
18235365,4923446,2019-05-25,2
19038201,42421202,2019-05-25,2
19944519,34071652,2019-05-25,5
18912131,35045325,2019-05-25,2
18357647,31905665,2019-05-25,2
18472923,41735136,2019-05-25,2
11916303,236626,2019-05-25,3
18593967,40406757,2019-05-25,3
18413101,42512860,2019-05-25,2
19016361,42714808,2019-05-25,2
18087419,45526730,2019-05-25,3
18890963,41709027,2019-05-25,2
18465545,6349954,2019-05-25,2
18605531,4360871,2019-05-25,2
18930233,48196328,2019-05-25,2
18087027,42636987,2019-05-25,2
18829881,5476666,2019-05-25,2
18736641,37302132,2019-05-25,2
18074189,31678574,2019-05-25,2
17950401,4709411,2019-05-25,2
18343857,35133215,2019-05-26,2
23909193,4065096,2019-05-25,2
18256077,3154417,2019-05-25,3
18674397,41661294,2019-05-25,2
17935099,6861994,2019-05-25,2
33627223,35910292,2019-05-25,2
18591083,50311716,2019-05-25,2
18219257,50379081,2019-05-25,2
18189487,37721057,2019-05-25,5
18108223,6652501,2019-05-25,2
18804821,4914719,2019-05-25,2
27367319,49605564,2019-05-25,2
19065613,43182489,2019-05-25,2
18390281,46653459,2019-05-25,2
18406367,45529369,2019-05-25,2
18192125,5986355,2019-05-25,2
33443487,3339229,2019-05-25,2
18153387,46228739,2019-05-25,2
18116721,36364066,2019-05-25,2
18143377,6109062,2019-05-25,2
24399067,42523040,2019-05-25,2
18881919,961700,2019-05-25,2
18537491,38323524,2019-05-25,2
17948326,46342640,2019-05-25,2
18753385,31379871,2019-05-25,2
21352023,41869479,2019-05-25,2
11197095,33156002,2019-05-25,2
18050366,2827452,2019-05-25,2
19134395,35420611,2019-05-25,2
18311923,32344160,2019-05-25,4
18000773,45983455,2019-05-25,2
18027034,3328915,2019-05-25,2
18218683,6911858,2019-05-25,2
19112000,2745769,2019-05-25,2
18403987,34951911,2019-05-25,3
26627993,49601408,2019-05-24,2
18933243,8225648,2019-05-25,2
18831407,36682210,2019-05-25,2
18765999,3160478,2019-05-25,2
18066587,36519865,2019-05-25,2
18955181,48128638,2019-05-25,2
19056779,47952371,2019-05-25,2
18406633,48157863,2019-05-25,2
18651157,42208488,2019-05-25,2
18377485,36850537,2019-05-25,2
18748107,44492908,2019-05-25,2
18404841,40249941,2019-05-25,2
18434241,33294247,2019-05-25,2
18673319,929772,2019-05-25,2
18716369,39833031,2019-05-25,2
18104261,38893096,2019-05-25,2
19132535,34940833,2019-05-25,2
18638445,47066613,2019-05-25,2
18259115,44557135,2019-05-25,2
18037327,50097866,2019-05-25,2
19093249,48771125,2019-05-25,2
18227461,7157808,2019-05-24,2
19007541,39316484,2019-05-24,2
19069589,50976881,2019-05-24,2
18274417,33275065,2019-05-24,2
18114859,43451550,2019-05-24,2
18312819,48826811,2019-05-24,2
18482555,34453705,2019-05-24,2
18034107,32356314,2019-05-24,2
18278645,37870462,2019-05-24,2
18118040,32677146,2019-05-24,2
18406101,40646391,2019-05-25,2
18127585,6041617,2019-05-25,2
19011181,44699532,2019-05-25,2
18180491,32661612,2019-05-24,2
29493289,35179453,2019-05-24,2
18516085,1294667,2019-05-24,2
24385123,31616850,2019-05-24,2
18803561,25878009,2019-05-25,2
533239,4587005,2019-05-25,2
11622555,48018933,2019-05-25,2
18201298,6901617,2019-05-25,2
8146579,47970014,2019-05-25,2
10856909,37680304,2019-05-25,2
18988235,32056122,2019-05-25,2
18744201,31222761,2019-05-25,2
18211501,38002425,2019-05-24,2
18849439,34443875,2019-05-24,2
18173155,31906021,2019-05-24,2
18828881,15206709,2019-05-24,2
19024930,37302354,2019-05-24,3
27284803,4530857,2019-05-24,2
18453260,34390175,2019-05-24,2
18928959,31902551,2019-05-24,2
18201743,6728938,2019-05-24,2
40907363,44862239,2019-05-24,2
17941469,5894117,2019-05-24,2
18097499,48513366,2019-05-24,2
36083915,37681016,2019-05-24,2
18035871,48300701,2019-05-24,2
18543385,13081559,2019-05-24,2
18415831,31724835,2019-05-24,2
18822559,2268742,2019-05-24,2
18015084,40537728,2019-05-24,2
8958649,34219300,2019-05-24,2
18255699,46237519,2019-05-24,3
18975215,3304872,2019-05-24,3
18655833,34579566,2019-05-24,2
9883979,6571058,2019-05-24,2
33987717,47065342,2019-05-24,2
9693495,45542204,2019-05-24,2
18282411,32884569,2019-05-25,3
18129083,47570995,2019-05-24,2
18080699,47047084,2019-05-24,3
18956847,36901725,2019-05-24,2
533239,32147577,2019-05-24,2
17902115,41160240,2019-05-24,2
17975769,34978912,2019-05-24,2
18764613,31684260,2019-05-24,2
18123399,47748876,2019-05-24,2
29589595,3171808,2019-05-24,2
18040813,3503099,2019-05-24,2
18098031,32925781,2019-05-24,2
18866197,31272089,2019-05-24,2
18667439,31090741,2019-05-24,2
18980493,31632072,2019-05-24,2
18571707,7154277,2019-05-24,2
18773139,36503135,2019-05-24,2
814457,2430350,2019-05-24,2
18136954,46659635,2019-05-24,2
18540165,6929796,2019-05-24,2
30189579,34412816,2019-05-24,2
18717187,36432708,2019-05-24,2
18194673,2863624,2019-05-24,2
18434316,32240461,2019-05-24,2
18594233,33642637,2019-05-24,2
18030117,1761158,2019-05-24,2
18478313,38960145,2019-05-24,2
18212523,4387400,2019-05-24,2
18172805,2035558,2019-05-24,2
18410891,45527903,2019-05-24,2
18880239,3261372,2019-05-24,2
18113347,38591627,2019-05-24,2
18334101,44057599,2019-05-24,2
19013491,3977722,2019-05-24,2
18129556,50416619,2019-05-24,2
18699499,4323392,2019-05-24,2
18699499,39222729,2019-05-24,2
18000931,40782926,2019-05-24,2
18484977,34759937,2019-05-24,2
19095559,47732279,2019-05-24,2
26034589,6085231,2019-05-24,2
18167513,31707353,2019-05-24,2
5130181,1069246,2019-05-24,2
33443487,33858679,2019-05-23,3
17725547,50892686,2019-05-23,2
17783773,39227437,2019-05-23,2
545755,34047319,2019-05-23,2
24514903,4379557,2019-05-23,2
17781645,32044554,2019-05-23,2
17625741,35818471,2019-05-23,2
17598167,34163775,2019-05-23,2
17802715,35896453,2019-05-23,2
17639727,42778220,2019-05-23,3
17825045,50288234,2019-05-23,2
9930187,6842021,2019-05-23,8
17539753,32089671,2019-05-23,2
17807363,104352,2019-05-23,2
17565667,41030653,2019-05-23,2
17562531,36503134,2019-05-23,2
17579499,4408311,2019-05-23,2
18410891,50233980,2019-05-23,3
17740695,49371858,2019-05-23,3
17847025,3721112,2019-05-23,2
17743149,31151274,2019-05-23,2
17751657,44225224,2019-05-23,2
17567179,47469809,2019-05-23,2
17636955,45995762,2019-05-23,2
17555377,33199931,2019-05-23,2
17717259,31081505,2019-05-23,2
17798375,47864498,2019-05-23,2
17738595,33623591,2019-05-23,2
17550673,31523531,2019-05-23,2
17695839,4902097,2019-05-23,2
10464531,50891995,2019-05-23,2
11272471,37145745,2019-05-23,2
17789469,36510884,2019-05-23,3
43598121,35631717,2019-05-23,2
17584259,46534573,2019-05-23,2
17880303,3049753,2019-05-23,2
17683687,6896378,2019-05-23,2
4874051,1761630,2019-05-22,2
17802295,43476492,2019-05-22,2
17761037,41188619,2019-05-22,2
17589826,7105621,2019-05-22,2
17661301,5861171,2019-05-22,2
17587763,47314760,2019-05-22,2
17578295,31511824,2019-05-22,2
17772993,41211413,2019-05-22,2
17549595,39402513,2019-05-22,2
17586639,46211285,2019-05-22,2
17764974,39689144,2019-05-22,2
17596232,46413072,2019-05-22,2
17664003,46234614,2019-05-22,2
17628317,35412501,2019-05-22,2
17819025,3953483,2019-05-22,2
12128417,49613896,2019-05-22,2
17644767,32949451,2019-05-22,2
17546193,42743720,2019-05-22,2
17563679,46893197,2019-05-22,2
17605672,50317557,2019-05-22,3
17786643,48641735,2019-05-22,2
17836707,3799297,2019-05-23,2
17798067,50015651,2019-05-23,2
17627953,31892844,2019-05-22,2
17614261,34885782,2019-05-22,2
17578612,6499717,2019-05-22,2
17657773,31511266,2019-05-22,2
17757439,40277313,2019-05-22,2
29542709,43154303,2019-05-22,2
17548139,3869250,2019-05-22,2
17762255,4449389,2019-05-22,2
17741282,31348645,2019-05-22,3
17614835,31350381,2019-05-22,2
17653769,27104759,2019-05-22,2
17852905,2301333,2019-05-22,2
10165841,46287529,2019-05-22,2
33225549,31276755,2019-05-22,2
17890384,32151782,2019-05-21,2
17833347,31173079,2019-05-21,2
17884251,38860047,2019-05-21,2
17635653,35625337,2019-05-21,2
17565961,34547779,2019-05-21,2
17683575,6972015,2019-05-21,2
17856335,46796520,2019-05-21,2
24628782,6738208,2019-05-21,2
17834775,41881968,2019-05-21,4
17866359,32875767,2019-05-21,2
17706577,36765150,2019-05-21,2
17886911,4352453,2019-05-21,2
17831975,42555391,2019-05-21,2
17627211,34940831,2019-05-21,2
17805137,42505130,2019-05-21,4
17828293,6411072,2019-05-21,2
17678731,6581161,2019-05-21,2
5071283,36813791,2019-05-21,2
18154446,43141011,2019-05-21,2
17628709,32924781,2019-05-21,2
9643781,44343992,2019-05-21,2
17725001,49121393,2019-05-21,2
17616473,42267983,2019-05-21,2
17731133,42040806,2019-05-21,2
17667167,35248276,2019-05-21,3
17576279,25593409,2019-05-21,2
17647819,42021141,2019-05-21,2
17647315,35136486,2019-05-21,2
17638257,42425865,2019-05-21,2
17584777,40213598,2019-05-21,2
17800881,41219532,2019-05-21,2
17743103,36478082,2019-05-21,2
17658613,38398993,2019-05-21,2
17709503,76286,2019-05-21,2
17528175,34501164,2019-05-21,2
17714319,38233686,2019-05-21,2
9837247,49995119,2019-05-21,2
17754597,32398819,2019-05-21,2
17585194,1262921,2019-05-21,2
17674055,48790153,2019-05-21,2
17766959,3242327,2019-05-21,2
17861221,36402949,2019-05-21,2
17804633,44303812,2019-05-21,2
17596621,42699430,2019-05-21,2
17645383,7081504,2019-05-21,2
17769605,46119444,2019-05-21,2
17767799,32446456,2019-05-21,2
17562097,38258496,2019-05-21,2
17529001,39833031,2019-05-21,2
17807755,32571183,2019-05-21,2
17799327,3236609,2019-05-21,2
17541895,45626686,2019-05-21,2
17730979,6619953,2019-05-21,2
17611545,46981449,2019-05-21,2
17644501,41916551,2019-05-21,2
17669295,32721687,2019-05-21,2
35285565,35714050,2019-05-21,2
17891755,39201881,2019-05-21,2
10872715,6585362,2019-05-21,2
17824597,33174664,2019-05-21,2
17830393,35217531,2019-05-21,2
17731315,5898566,2019-05-21,2
17816575,27159659,2019-05-20,2
17536743,36524490,2019-05-20,2
10958227,38578770,2019-05-21,2
17598077,43221558,2019-05-20,2
17637053,5791421,2019-05-23,2
17541881,44597194,2019-05-20,2
17747599,4396681,2019-05-20,2
17596327,32870872,2019-05-20,2
17553123,6679010,2019-05-20,2
17644697,39947159,2019-05-20,2
17529953,4794791,2019-05-20,3
17835587,31063848,2019-05-20,2
17595837,7587271,2019-05-20,2
17563343,38642592,2019-05-20,2
17542063,31993763,2019-05-20,2
12238513,32249225,2019-05-20,3
17742179,42469004,2019-05-20,2
17773679,39491076,2019-05-20,2
17810723,1894477,2019-05-20,2
17674979,34639136,2019-05-20,3
17643351,41695274,2019-05-20,2
17559467,35264897,2019-05-20,2
17756865,43739902,2019-05-20,2
21248241,47210841,2019-05-20,2
17829060,32256496,2019-05-20,2
17610565,36290087,2019-05-20,2
17609585,6120421,2019-05-20,3
17623235,34394187,2019-05-20,2
17608860,39833031,2019-05-20,2
17882585,6767785,2019-05-20,2
17675469,39833031,2019-05-20,2
17745749,42758936,2019-05-20,2
17620141,5617002,2019-05-20,2
17770571,39424218,2019-05-20,2
17653595,32605160,2019-05-20,2
17546557,31575827,2019-05-20,2
17715413,42720782,2019-05-20,2
17587773,5049430,2019-05-20,2
17625139,42936393,2019-05-20,2
17691508,44720835,2019-05-20,2
17798809,45220018,2019-05-20,2
17743145,31903980,2019-05-20,2
32014801,4785589,2019-05-20,2
17610033,48125526,2019-05-20,2
17613155,2570847,2019-05-20,2
17688965,40186177,2019-05-20,2
17685199,1069705,2019-05-20,2
17602963,6484484,2019-05-20,2
29644475,39638075,2019-05-20,3
17576699,40267399,2019-05-20,2
17781407,32769748,2019-05-20,2
17698387,33667781,2019-05-20,2
17606001,47172637,2019-05-20,2
17654819,41996285,2019-05-20,2
18753385,42325963,2019-05-20,2
17884615,3612686,2019-05-20,2
17636535,39447347,2019-05-20,2
23883587,50476967,2019-05-20,2
17811017,6041617,2019-05-20,2
17760622,46122621,2019-05-20,2
17666913,49565150,2019-05-20,2
17879309,2612053,2019-05-20,2
21182945,38630059,2019-05-20,2
20031067,4464640,2019-05-22,2
17870489,2332579,2019-06-01,2
17600807,41141416,2019-06-01,2
17789947,47864502,2019-06-01,2
17635979,49710787,2019-06-01,2
17844547,32707617,2019-06-01,2
17782947,47641652,2019-06-01,2
17817905,2053666,2019-06-01,2
17535525,33039212,2019-06-01,2
17751237,36974571,2019-06-01,2
17647623,37619163,2019-06-01,2
17743257,32254146,2019-06-01,2
17885707,46750361,2019-06-01,2
17839521,43703465,2019-06-01,2
17648197,31081477,2019-06-01,2
17652775,40918187,2019-06-01,2
17571225,34728846,2019-06-01,2
11274851,38268876,2019-06-01,2
17800727,2280088,2019-05-31,2
17688377,26982059,2019-06-01,2
17552395,37834579,2019-06-01,2
17559899,40275989,2019-06-01,3
17709780,42355679,2019-06-01,2
4662231,51063567,2019-06-01,2
17537303,28211409,2019-06-01,2
27276683,34936362,2019-05-31,2
17611069,42740627,2019-06-01,2
17755213,37864509,2019-06-01,2
17642583,32217809,2019-05-31,2
17784963,51065860,2019-05-31,2
17549427,48137530,2019-05-31,2
17768317,1069523,2019-05-31,2
17780441,33083994,2019-05-31,2
17881045,45741102,2019-06-01,2
17607821,48228949,2019-05-31,2
17591049,38330333,2019-05-31,2
17763963,33656473,2019-05-31,2
17777753,39366759,2019-05-31,2
17848509,34806596,2019-05-31,2
17694509,36410398,2019-05-31,2
17762941,41181578,2019-05-31,2
17776549,44696372,2019-05-31,3
17834926,4801788,2019-05-31,2
17756893,3895977,2019-05-31,2
17536407,3745733,2019-05-31,2
17770445,5016678,2019-05-31,2
17772405,35319864,2019-05-31,2
17558513,48276708,2019-05-31,2
17650521,4753992,2019-05-31,2
26396895,44044121,2019-05-31,2
17612931,408948,2019-05-31,2
17826557,42041073,2019-05-31,2
17705967,35137165,2019-05-31,2
17854207,4251233,2019-05-31,2
17704407,34732115,2019-05-31,2
17708579,46052315,2019-05-31,2
17874927,7826891,2019-05-31,2
17614093,47410340,2019-05-31,2
17712989,5912429,2019-05-31,2
17573717,6133072,2019-05-31,2
17855761,36765067,2019-05-31,2
17718645,35778821,2019-05-31,2
18329829,40275998,2019-05-31,2
17891811,4938701,2019-05-31,2
17591581,31558909,2019-05-31,2
17766493,1207170,2019-05-31,2
17616949,39845723,2019-05-31,2
17732071,3296165,2019-05-31,2
17726485,2925596,2019-05-31,2
17722761,46254769,2019-05-31,2
17648127,45568445,2019-05-31,2
17640833,42198588,2019-05-31,2
17804003,46850603,2019-05-31,2
17681391,36315496,2019-05-31,2
17806971,43173824,2019-05-31,2
17619597,48919233,2019-05-31,2
17740023,47346853,2019-05-31,2
17772727,45279533,2019-05-31,2
17593065,43524799,2019-05-30,4
17809519,34430405,2019-05-31,2
17798529,47160629,2019-05-30,2
17875277,1388500,2019-05-30,2
17610285,42712641,2019-05-30,2
17723391,43248852,2019-05-30,2
17652064,34764196,2019-05-30,3
11860429,43258705,2019-05-30,2
17849475,2422769,2019-05-30,2
10265227,4567104,2019-05-31,2
17743551,42764346,2019-05-30,2
17592813,39639080,2019-05-30,2
17554257,46506432,2019-05-30,2
17659663,46909102,2019-05-30,2
26449493,46828110,2019-05-30,3
17857805,34225442,2019-05-30,3
17738399,34200673,2019-05-30,2
17703105,42635533,2019-05-30,2
18106697,31163638,2019-05-30,2
17543799,45611627,2019-05-30,2
17585589,4643727,2019-05-30,2
17770543,47337277,2019-05-30,2
17615673,48958041,2019-05-30,2
17545311,31679663,2019-05-30,2
17845345,31360659,2019-05-30,4
17860745,32151680,2019-05-30,2
17610271,39591805,2019-05-30,3
17615367,33061423,2019-05-30,2
17838415,2486041,2019-05-30,2
17856685,40812353,2019-05-30,2
17554411,41724469,2019-05-30,2
17588865,32524892,2019-05-30,2
17778845,50532685,2019-05-30,2
17744517,35606440,2019-05-30,2
535605,42449410,2019-05-30,2
17828517,2036590,2019-05-30,2
17596677,48319549,2019-06-01,2
17631481,33215802,2019-06-01,2
17600359,4826512,2019-06-01,2
17885483,3031005,2019-06-01,2
17683449,48727149,2019-06-01,2
17862971,31809109,2019-05-30,2
17582103,31877667,2019-05-30,2
11519301,37748601,2019-05-29,3
17598679,6410257,2019-05-29,2
20491443,46481494,2019-05-31,2
17582131,41775102,2019-05-29,2
17776997,38637535,2019-05-29,2
17711939,40532157,2019-05-29,2
17699563,42622025,2019-05-29,2
17729795,40459288,2019-05-29,5
17735347,42326728,2019-05-29,2
17876719,39833425,2019-05-29,2
17733427,36287318,2019-05-29,2
10964051,41188619,2019-05-29,2
10212797,6119807,2019-05-29,2
17823659,977311,2019-05-29,2
17624257,50350531,2019-05-29,2
17526426,46358751,2019-05-29,2
17785243,42566053,2019-05-29,2
17580843,35879503,2019-05-29,2
17534340,47075761,2019-05-29,2
17711323,48323986,2019-05-29,2
17763935,43728623,2019-05-29,2
17666537,51880368,2019-05-29,4
10861725,1068795,2019-05-29,2
17641141,42378821,2019-05-29,2
17666215,39242207,2019-05-29,2
17545395,43223915,2019-05-29,3
26064787,7155332,2019-05-29,2
17764048,47409835,2019-05-29,2
17625587,2280078,2019-05-29,2
17597363,49821616,2019-05-29,2
17696665,3177357,2019-05-30,2
17618307,32567018,2019-05-29,2
17794707,3262873,2019-05-29,2
17669309,5895015,2019-05-29,2
17658347,31612003,2019-05-29,2
17590993,31819050,2019-05-29,2
5041631,7160795,2019-05-29,2
17670163,3969270,2019-05-29,2
39704763,37546770,2019-05-29,4
17845695,36813763,2019-05-29,2
17601633,38897749,2019-05-29,2
17141509,46687192,2019-05-29,2
9580599,42365075,2019-05-29,2
17413655,50907412,2019-05-29,2
24623179,35603629,2019-05-29,2
17159807,40205687,2019-05-29,2
17323559,48726771,2019-05-29,2
17218271,35004971,2019-05-29,2
17140837,44062440,2019-05-29,2
17522967,44060173,2019-05-29,3
17174465,31511818,2019-05-29,3
17412311,4903605,2019-05-29,2
17179463,4445642,2019-05-28,4
17139717,37781849,2019-05-28,2
17437357,6461301,2019-05-28,2
17299807,34345317,2019-05-28,2
17313555,51325961,2019-05-28,2
27442835,38036371,2019-05-28,3
17173429,34913531,2019-05-28,2
17487113,46788053,2019-05-28,2
17370815,45585516,2019-05-28,2
17296573,35584907,2019-05-28,3
17501715,6696828,2019-05-28,3
17151029,36835312,2019-05-28,2
17159317,33270492,2019-05-28,3
17135671,35013357,2019-05-28,2
17275349,51601677,2019-05-28,3
17401447,50311618,2019-05-28,3
17207939,3967527,2019-05-28,2
17474023,39695528,2019-05-28,2
8960035,48147200,2019-05-28,2
17493525,18363309,2019-05-28,2
17378907,39833031,2019-05-28,2
17386061,33113487,2019-05-28,2
17152415,42712499,2019-05-28,2
17390821,4180104,2019-05-28,3
17424981,31781543,2019-05-28,2
9859983,46702774,2019-05-28,3
17486245,3969024,2019-05-28,3
17394615,32444788,2019-05-28,2
17187107,6620688,2019-05-28,2
17174899,31245053,2019-05-28,2
17427025,6308607,2019-05-28,2
17170503,33005638,2019-05-28,2
17155462,40995148,2019-05-28,2
32366285,34728502,2019-05-29,2
17523274,33061423,2019-05-28,2
17194905,36253934,2019-05-28,2
17230059,47047309,2019-05-28,2
17252725,47050575,2019-05-28,2
17230101,42777202,2019-05-28,2
17449621,34818562,2019-05-28,2
17405437,42538096,2019-05-28,4
11817232,33868798,2019-05-28,2
17301599,46559860,2019-05-28,2
18457789,49608235,2019-05-28,2
17456397,49604147,2019-05-28,2
17425947,6391779,2019-05-28,2
17198265,6669476,2019-05-28,2
17162378,4353661,2019-05-28,2
9575699,86593,2019-05-28,2
22101597,36904365,2019-05-28,2
17252561,37177269,2019-05-28,3
17170881,44745631,2019-05-28,2
12341497,6652486,2019-05-28,2
17310447,48778774,2019-05-28,2
17374693,46833622,2019-05-28,2
17413291,40275993,2019-05-28,2
17414481,5939067,2019-05-28,2
17342815,42763261,2019-05-28,2
17311203,3426139,2019-05-28,3
17501701,34575989,2019-05-28,2
17430007,44587808,2019-05-28,2
17211341,47136029,2019-05-28,2
17313639,33456854,2019-05-28,2
17186743,38317597,2019-05-28,2
17501407,42651259,2019-05-28,2
17311133,42555784,2019-05-28,2
17229135,47210215,2019-05-28,2
17143357,47452506,2019-05-28,2
17130155,32963702,2019-05-28,2
17483333,579438,2019-05-28,8
17483333,46068889,2019-05-28,4
17207289,31978090,2019-05-28,2
17165869,34967102,2019-05-28,2
17431631,7025236,2019-05-28,2
17220623,46163707,2019-05-28,2
17312029,6053236,2019-05-28,3
17254923,41181578,2019-05-28,2
17134629,41695585,2019-05-28,2
17428929,47555362,2019-05-28,3
28604177,49576953,2019-05-28,2
17413389,39594891,2019-05-28,2
17147319,192990,2019-05-28,2
17406389,38100148,2019-05-28,2
4676469,33482000,2019-05-28,2
17189515,48791387,2019-05-28,2
17497431,42402929,2019-05-28,3
17363017,6969538,2019-05-28,2
17136217,32095571,2019-05-28,2
17178712,41655152,2019-05-28,2
17311035,50079976,2019-05-28,2
17161585,31144738,2019-05-28,2
17209073,47742851,2019-05-28,2
28341243,40276034,2019-05-28,2
20603793,49931573,2019-05-28,2
17202227,31299279,2019-05-28,2
17398871,2913071,2019-05-28,2
17150944,36327772,2019-05-28,2
17452477,35802105,2019-05-28,2
17418779,44154879,2019-05-28,3
17201569,33868798,2019-05-28,2
19072011,32405499,2019-05-28,2
17306443,43524799,2019-05-28,3
17160199,2824725,2019-05-28,2
17486315,3251211,2019-05-28,5
17209241,2901269,2019-05-28,2
17431883,34440185,2019-05-28,2
17133361,47958215,2019-05-28,2
17432023,42566053,2019-05-28,3
26192201,42033035,2019-05-28,2
17431771,38824996,2019-05-28,2
17321269,47173126,2019-05-28,2
17146409,36547394,2019-05-28,2
17333001,37557929,2019-05-28,3
17490459,32140237,2019-05-28,2
17397625,329658,2019-05-28,3
17301319,43679582,2019-05-28,2
17186421,36485426,2019-05-28,3
17162803,39699087,2019-05-28,2
17213595,4572981,2019-05-28,2
17147907,6794059,2019-05-28,2
17151777,2053561,2019-05-28,2
17502275,51401462,2019-05-28,2
17321017,34004660,2019-05-29,2
17316397,34925363,2019-05-28,2
17525025,1232014,2019-05-28,2
17386677,44534864,2019-05-27,2
17303125,2798497,2019-05-27,2
17172155,34325708,2019-05-27,3
17398899,46130148,2019-05-27,2
4666865,46259312,2019-05-27,2
12408529,41003859,2019-05-27,2
17226755,40078597,2019-05-28,2
17412059,47571181,2019-05-28,2
17491901,6624405,2019-05-28,2
17315501,35564684,2019-05-27,2
17489969,46008794,2019-05-27,2
17213385,32056112,2019-05-27,3
17198587,48228537,2019-05-27,2
17478937,37629370,2019-05-27,2
27776189,36867303,2019-05-27,2
17402840,32689066,2019-05-27,2
17471223,39349822,2019-05-27,2
17431379,48410272,2019-05-27,2
27791435,32942278,2019-05-27,2
17386325,31161394,2019-05-27,2
25586869,49639487,2019-05-27,2
17410393,33122462,2019-05-27,2
17230549,6867934,2019-05-27,3
17181941,46106064,2019-05-27,2
17137113,46660068,2019-05-27,2
17308053,32165562,2019-05-27,4
17137113,47498437,2019-05-27,2
17311217,2947018,2019-05-27,2
17437119,35636018,2019-05-27,2
17152443,35878820,2019-05-27,2
20766417,44744383,2019-05-27,2
23440753,48764126,2019-05-27,2
17142671,34827027,2019-05-27,3
17192060,38767955,2019-05-27,2
17487701,34428916,2019-05-27,2
17194121,40141849,2019-05-27,2
17157889,50416149,2019-05-27,3
17490081,5776457,2019-05-27,2
4874359,46422689,2019-05-27,3
17506601,46427613,2019-05-27,2
17301331,34371264,2019-05-27,2
17312015,32360838,2019-05-27,2
17383919,44849427,2019-05-27,2
17494631,4919746,2019-05-27,2
17486679,31267177,2019-05-27,2
17404961,31170383,2019-05-27,2
11965457,36972800,2019-05-27,2
17135839,32385288,2019-05-27,2
17475829,3239090,2019-05-27,2
12270181,44597093,2019-05-27,2
25553157,35431947,2019-05-27,2
17143679,46369517,2019-05-27,2
17505103,35627510,2019-05-27,2
17156629,50454341,2019-05-27,3
17153297,3688317,2019-05-27,2
17224445,31992095,2019-05-27,2
17494981,31322457,2019-05-27,2
24989685,3712942,2019-05-27,2
17162242,4730740,2019-05-28,2
17169117,6531633,2019-05-27,2
17163587,32398214,2019-05-27,2
17517563,14269309,2019-05-27,2
17179312,35527064,2019-05-27,2
17178357,1263126,2019-05-27,2
17134831,36520293,2019-05-27,2
17149545,31884792,2019-05-27,4
17393162,106037,2019-05-27,2
17322347,25458659,2019-05-27,2
27291635,5904360,2019-05-27,2
17139535,6531471,2019-05-27,2
17464993,45335219,2019-05-27,2
17373881,33264816,2019-05-27,2
17191027,2172871,2019-05-27,2
17148873,5904656,2019-05-27,2
17516933,4923446,2019-05-27,2
17512075,46353474,2019-05-27,3
17180683,42164286,2019-05-27,2
17211971,41931632,2019-05-27,4
17272577,7063328,2019-05-27,2
11019561,34764196,2019-05-27,5
17203991,32193727,2019-05-27,2
17315655,4419619,2019-05-27,2
20587679,37758601,2019-05-27,3
17455977,36520256,2019-05-27,2
17211677,48887309,2019-05-27,3
17403407,41045389,2019-05-27,2
17302649,46799801,2019-05-27,2
17478475,44184888,2019-05-27,2
17188101,12591809,2019-05-27,2
17221483,37828756,2019-05-27,3
17482297,39118761,2019-05-27,2
17517549,41675620,2019-05-27,2
18435249,48801409,2019-05-27,2
17216717,40276928,2019-05-27,2
17468269,43382439,2019-05-27,2
1081983,42588784,2019-05-27,5
17183999,48237653,2019-05-27,2
17131233,26038359,2019-05-27,2
17450545,35136977,2019-05-27,3
17405017,51007010,2019-05-27,2
17397989,42238923,2019-05-27,3
17387685,39218101,2019-05-27,2
17203865,38893096,2019-05-27,2
17180107,33453530,2019-05-27,2
17181605,46164308,2019-05-27,2
17163293,6531626,2019-05-27,2
17417701,32040148,2019-05-27,2
17455529,47354509,2019-05-27,3
44043839,24754259,2019-05-27,2
17397835,41688490,2019-05-27,2
17177685,32699421,2019-05-27,5
11779033,4366812,2019-05-27,2
17481709,42237841,2019-05-27,2
17408881,6797963,2019-05-27,2
27276683,4335490,2019-05-27,2
17419115,106072,2019-05-27,2
26261249,38828712,2019-05-27,2
17470523,45598895,2019-05-27,2
17404331,47026154,2019-05-27,2
17513685,44744331,2019-05-27,2
17187149,44691771,2019-05-27,2
42755615,4580936,2019-05-27,2
17191139,104326,2019-05-27,2
11582081,31516269,2019-05-27,2
17491369,35832036,2019-05-27,2
17230633,46237941,2019-05-27,2
17495443,3968630,2019-05-27,2
17298981,32020124,2019-05-27,2
17167843,35049437,2019-05-27,2
17501197,50602114,2019-05-27,2
17472581,47042201,2019-05-27,2
17200211,48503098,2019-05-27,2
20947157,50416317,2019-05-27,2
17321115,50953769,2019-05-27,3
17194093,6739977,2019-05-26,2
40860757,49150895,2019-05-27,2
17209563,46386350,2019-05-27,2
17408391,3236516,2019-05-27,2
17319533,48047797,2019-05-27,2
20799233,5938721,2019-05-27,2
16990827,42929860,2019-05-27,2
17008173,5808197,2019-05-27,2
17073623,2765744,2019-05-27,2
17049683,46356302,2019-05-27,2
17084627,46745557,2019-05-27,2
16935135,33991739,2019-05-27,2
16984415,31499224,2019-05-26,2
23290995,12591809,2019-05-26,2
17015397,35168766,2019-05-27,2
17117275,36404495,2019-05-27,2
16939304,37339420,2019-05-27,2
16933903,43813210,2019-05-27,2
17007795,33866988,2019-05-27,2
16892687,2505885,2019-05-27,2
11592847,32919889,2019-05-27,2
16940465,39881042,2019-05-27,2
16992297,35429262,2019-05-27,2
16997673,1069187,2019-05-27,2
17001957,5214872,2019-05-26,2
12404203,6010743,2019-05-26,3
16924789,713804,2019-05-26,2
16896081,42307103,2019-05-26,2
16933035,38540511,2019-05-26,3
16912147,34212432,2019-05-27,2
17120551,32591693,2019-05-27,2
17004477,31716946,2019-05-27,2
16977961,34764196,2019-05-27,2
17005653,40570013,2019-05-27,2
17053169,49841618,2019-05-27,2
16894297,46658337,2019-05-26,2
16888417,44490777,2019-05-26,2
17006171,5904669,2019-05-26,2
16928499,36684101,2019-05-26,2
16883083,50331038,2019-05-26,2
16916851,32370205,2019-05-26,2
17069745,34937242,2019-05-26,2
16982679,46470719,2019-05-27,2
26045299,35329910,2019-05-26,3
16879499,37574683,2019-05-26,2
16909221,2947819,2019-05-26,2
16917523,6531571,2019-05-26,2
17112711,40967282,2019-05-26,2
20187293,38401352,2019-05-26,2
16904517,4469429,2019-05-27,2
17126487,46626448,2019-05-27,2
9513203,6904337,2019-05-27,2
17114027,40193624,2019-05-27,2
16908381,45795649,2019-05-26,2
16895229,42715690,2019-05-26,3
16931929,37119528,2019-05-26,3
16932489,32221256,2019-05-26,2
17028683,35358343,2019-05-26,2
17089331,34748161,2019-05-26,2
16879177,40066398,2019-05-26,2
16895109,3777199,2019-05-26,2
17042627,48493829,2019-05-26,2
21593607,36979505,2019-05-26,2
20928677,48479902,2019-05-26,4
16908171,45733109,2019-05-26,2
17095257,32448268,2019-05-26,2
16904587,50416733,2019-05-26,2
17119347,32193653,2019-05-26,2
17069451,47766565,2019-05-26,2
16899659,49512658,2019-05-26,2
16907779,46283258,2019-05-26,2
16907614,43263796,2019-05-26,2
16907415,34451963,2019-05-26,2
17088953,47733401,2019-05-26,2
16891242,37519932,2019-05-26,3
17060855,48191554,2019-05-26,4
17119955,46104469,2019-05-26,2
17095911,5045444,2019-05-26,2
17075625,47780959,2019-05-26,2
17096051,45998215,2019-05-27,2
16993537,40271466,2019-05-27,2
17077095,35174122,2019-05-27,2
16972179,42486180,2019-05-27,2
17032342,40569657,2019-05-27,2
16932965,46420695,2019-05-26,2
16912511,46026960,2019-05-26,2
17119179,35274574,2019-05-26,4
16922070,38632058,2019-05-26,3
16934211,6977819,2019-05-26,2
17036733,5476665,2019-05-26,2
17047583,46466724,2019-05-26,2
16942457,32242160,2019-05-26,3
16985325,743447,2019-05-26,3
17053463,6391369,2019-05-26,2
17014277,35546160,2019-05-26,2
17120009,2505299,2019-05-26,2
16937375,44822873,2019-05-26,2
17009853,34350036,2019-05-26,2
16916501,2581204,2019-05-26,2
9911615,47045098,2019-05-26,2
16890293,31249293,2019-05-26,2
16911097,37780851,2019-05-26,2
16919679,39637259,2019-05-26,2
16931859,35298459,2019-05-26,2
17113257,41687891,2019-05-26,3
17034059,6508426,2019-05-26,3
17111857,32657037,2019-05-26,4
17019471,40160594,2019-05-26,3
17013367,34277937,2019-05-26,2
17095407,6192154,2019-05-26,2
17039575,4231184,2019-05-26,2
16894773,48559699,2019-05-26,2
17112109,49016514,2019-05-26,2
16913295,32604348,2019-05-26,2
16963471,46411638,2019-05-26,2
16944627,112054,2019-05-26,2
16907807,36803911,2019-05-26,2
16939167,50602118,2019-05-26,2
16942471,48976552,2019-05-26,2
16939797,37238925,2019-05-26,2
16950171,31243569,2019-05-26,2
16921439,6782021,2019-05-26,2
16928975,32360786,2019-05-26,2
17007851,40803916,2019-05-26,2
16884973,49891654,2019-05-26,2
5171467,31843261,2019-05-26,3
16974181,3735903,2019-05-26,2
16987999,75824,2019-05-26,3
16890307,36945937,2019-05-26,2
16913099,46303397,2019-05-26,2
17006843,42568651,2019-05-26,2
16930585,3632762,2019-05-26,2
17094505,38845053,2019-05-26,2
17049291,43162327,2019-05-26,2
16966075,2585334,2019-05-26,2
16919133,46476033,2019-05-26,2
16876881,35832371,2019-05-26,3
10495793,37044624,2019-05-26,2
16894017,3671339,2019-05-26,2
11622555,9076610,2019-05-26,3
17056823,34759915,2019-05-26,2
20531735,41048976,2019-05-26,2
17111367,50996664,2019-05-26,2
17007613,31623598,2019-05-26,2
16974209,4387006,2019-05-26,2
24311091,32926041,2019-05-26,2
16944109,46084608,2019-05-26,2
17055041,7081379,2019-05-26,2
17085503,5213523,2019-05-26,2
16983617,31298095,2019-05-26,2
16929325,44295837,2019-05-26,2
17007431,50977318,2019-05-26,2
16907107,43862061,2019-05-26,2
17035560,6041664,2019-05-26,2
10351789,3597369,2019-05-26,2
18442302,46646893,2019-05-26,2
